{
  "portraitScale": 1.5,
  "portraitTranslation": [-0.4, 4.3, 0.0],
  "profileScale": 0.3,
  "profileTranslation": [-0.1, 1.3, 0.0],
  "animations": {
    "physical": "q.bedrock_primary('malamarmega', 'physical', q.curve('symmetrical_wide'))",
    "special": "q.bedrock_primary('malamarmega', 'special', q.curve('symmetrical_wide'))"
  },
  "poses": {
    "standing": {
      "poseTypes": ["STAND", "NONE", "PORTRAIT", "PROFILE"],
      "isBattle": false,
      "animations": [
        "q.look('head')",
        "q.bedrock('malamarmega', 'ground_idle')"
      ]
    },
    "battle-standing": {
      "poseTypes": ["STAND"],
      "isBattle": true,
      "animations": [
        "q.look('head')",
        "q.bedrock('malamarmega', 'battle_idle')"
      ]
    },
    "walking": {
      "poseTypes": ["WALK"],
      "isBattle": false,
      "animations": [
        "q.look('head')",
        "q.bedrock('malamarmega', 'ground_walk')"
      ]
    }
  }
}
