{
	"format_version": "1.8.0",
	"animations": {
		"animation.meganium_mega.ground_idle": {
			"loop": true,
			"bones": {
				"neck": {
					"rotation": ["25+math.cos(query.anim_time*90*3/2-60)*1", 0, "0+math.cos(query.anim_time*90*3/2/2-60)*2"]
				},
				"whiteleaves": {
					"rotation": ["7.5+math.cos(query.anim_time*90*3/2)*1", 0, 0]
				},
				"leaf": {
					"rotation": ["20+math.cos(query.anim_time*90*3/2-60)*4", 0, 0],
					"position": [0, 0, -4]
				},
				"leaf_end": {
					"rotation": ["32.5+math.cos(query.anim_time*90*3/2-120)*8", 0, 0]
				},
				"leaf2": {
					"rotation": ["-2.5+math.cos(query.anim_time*90*3/2-90)*4", 60, 0]
				},
				"leaf_end2": {
					"rotation": ["55+math.cos(query.anim_time*90*3/2-140)*6", 0, 0]
				},
				"leaf3": {
					"rotation": ["2.5+math.cos(query.anim_time*90*3/2-90)*4", -60, 0]
				},
				"leaf_end3": {
					"rotation": ["52.5+math.cos(query.anim_time*90*3/2-140)*6", 0, 0]
				},
				"leaf4": {
					"rotation": ["-23.4868+math.cos(query.anim_time*90*3/2+120)*4", -57.40759, 18.63504]
				},
				"leaf_end4": {
					"rotation": ["-47.5236+math.cos(query.anim_time*90*3/2+90)*6", -2.16489, 1.2506]
				},
				"leaf5": {
					"rotation": ["-23.4868+math.cos(query.anim_time*90*3/2+120)*4", 57.4076, -18.635]
				},
				"leaf_end5": {
					"rotation": ["-47.5+math.cos(query.anim_time*90*3/2+90)*6", 0, 0]
				},
				"leaf6": {
					"rotation": ["-35+math.cos(query.anim_time*90*3/2+70)*4", 0, 0]
				},
				"leaf_end6": {
					"rotation": ["-27.5+math.cos(query.anim_time*90*3/2-60)*8", 0, 0]
				},
				"neck2": {
					"rotation": ["-20+math.cos(query.anim_time*90*3/2-120)*1", 0, "math.cos(query.anim_time*90*3/2/2-120)*1"]
				},
				"neck3": {
					"rotation": ["-5+math.cos(query.anim_time*90*3/2-160)*3/2", 0, "0+math.cos(query.anim_time*90*3/2/2-160)*2"],
					"position": [0, -0.1, 0]
				},
				"antenna_right": {
					"rotation": ["-0.5282+math.cos(query.anim_time*90*3/2-200)*5", 0, -11.11681]
				},
				"antenna_right2": {
					"rotation": ["-47.5+math.cos(query.anim_time*90*3/2-240)*5", 0, 0]
				},
				"antenna_right3": {
					"rotation": ["-23.0207+math.cos(query.anim_time*90*3/2-300)*10", 0.38115, -16.18295]
				},
				"antenna_right4": {
					"rotation": ["-40+math.cos(query.anim_time*90*3/2)*15", 0, 0]
				},
				"antenna_right5": {
					"rotation": ["-25+math.cos(query.anim_time*90*3/2-60)*20", 0, 0]
				},
				"antenna_right6": {
					"rotation": ["-5+math.cos(query.anim_time*90*3/2-120)*35", 0, 0],
					"position": [0, 0, -4]
				},
				"antenna_right7": {
					"rotation": ["27.5+math.cos(query.anim_time*90*3/2-180)*30", 0, 0],
					"position": [0, 0.3, 4.1]
				},
				"antenna_left": {
					"rotation": ["-0.5282+math.cos(query.anim_time*90*3/2-200)*5", 0, 11.1168]
				},
				"antenna_left2": {
					"rotation": ["-47.5+math.cos(query.anim_time*90*3/2-240)*5", 0, 0]
				},
				"antenna_left3": {
					"rotation": ["-25.4823+math.cos(query.anim_time*90*3/2-300)*10", 0.02866, 16.03982]
				},
				"antenna_left4": {
					"rotation": ["-40+math.cos(query.anim_time*90*3/2)*15", 0, 0]
				},
				"antenna_left5": {
					"rotation": ["-25+math.cos(query.anim_time*90*3/2-60)*20", 0, 0]
				},
				"tail": {
					"rotation": ["-17.5+math.cos(query.anim_time*90*3/2-60)*3", "0+math.cos(query.anim_time*90*3/2/2-60)*3", 0]
				},
				"tail2": {
					"rotation": ["10+math.cos(query.anim_time*90*3/2-120)*3", "0+math.cos(query.anim_time*90*3/2/2-120)*6", 0]
				},
				"tail3": {
					"rotation": ["10+math.cos(query.anim_time*90*3/2-180)*5", "0+math.cos(query.anim_time*90*3/2/2-180)*6", 0]
				},
				"torso": {
					"rotation": ["0+math.cos(query.anim_time*90*3/2)*1/2", 0, "0+math.cos(query.anim_time*90*3/2/2)*1"],
					"position": [0, "0+math.sin(query.anim_time*90*3/2)*0.2", 0]
				},
				"body": {
					"position": [0, -0.2, 0]
				},
				"head": {
					"rotation": ["2.5+math.cos(query.anim_time*90*3/2-200)*3/2", 0, "0-math.cos(query.anim_time*90*3/2/2-100)*3"]
				},
				"leg_back_right": {
					"rotation": [0, 2.5, 0],
					"position": [-0.5, "0+math.sin(query.anim_time*90*3/2)*0.2", 0]
				},
				"leg_back_right2": {
					"position": [0, "0.2-math.sin(query.anim_time*90*3/2)*0.2", 0]
				},
				"leg_back_left": {
					"rotation": [0, -2.5, 0],
					"position": [0.5, "0+math.sin(query.anim_time*90*3/2)*0.2", 0]
				},
				"leg_back_left2": {
					"position": [0, "0.2-math.sin(query.anim_time*90*3/2)*0.2", 0]
				},
				"leg_front_left": {
					"rotation": [0, -10, 0],
					"position": [0.5, "0+math.sin(query.anim_time*90*3/2)*0.2", 0]
				},
				"leg_front_left2": {
					"position": [0, "0.2-math.sin(query.anim_time*90*3/2)*0.2", 0]
				},
				"leg_front_right": {
					"rotation": [0, 7.5, 0],
					"position": [-0.5, "0+math.sin(query.anim_time*90*3/2)*0.2", 0]
				},
				"leg_front_right2": {
					"position": [0, "0.2-math.sin(query.anim_time*90*3/2)*0.2", 0]
				},
				"mega_meganium_Z-A": {
					"scale": 1.4
				},
				"petals": {
					"position": [0, 0, 4.3],
					"scale": [1.2, 1.3, 1.1]
				},
				"leaf_end13": {
					"rotation": ["5+math.cos(query.anim_time*90*3/2-140)*6", 0, 0]
				},
				"pinkleaves": {
					"rotation": ["2.5+math.cos(query.anim_time*90*3/2)*1", 0, 0],
					"scale": [0.9, 1, 0.9]
				},
				"leaf13": {
					"rotation": ["20+math.cos(query.anim_time*90*3/2-60)*4", 0, 0],
					"position": [0, 0, -4]
				},
				"leaf_end14": {
					"rotation": ["32.5+math.cos(query.anim_time*90*3/2-120)*8", 0, 0]
				},
				"leaf14": {
					"rotation": ["-2.5+math.cos(query.anim_time*90*3/2-90)*4", 60, 0]
				},
				"leaf_end15": {
					"rotation": ["22.5+math.cos(query.anim_time*90*3/2-140)*6", 0, 0]
				},
				"leaf15": {
					"rotation": ["-2.5+math.cos(query.anim_time*90*3/2-90)*4", -60, 0]
				},
				"leaf_end16": {
					"rotation": ["22.5+math.cos(query.anim_time*90*3/2-140)*6", 0, 0]
				},
				"leaf_end17": {
					"rotation": ["22.5+math.cos(query.anim_time*90*3/2-140)*6", 0, 0]
				},
				"leaf16": {
					"rotation": ["-23.4868+math.cos(query.anim_time*90*3/2+120)*4", -57.40759, 18.63504]
				},
				"leaf_end18": {
					"rotation": ["-27.5+math.cos(query.anim_time*90*3/2+90)*6", 0, 0]
				},
				"leaf17": {
					"rotation": ["-23.4868+math.cos(query.anim_time*90*3/2+120)*4", 57.4076, -18.635]
				},
				"leaf_end19": {
					"rotation": ["-27.5+math.cos(query.anim_time*90*3/2+90)*6", 0, 0]
				},
				"leaf18": {
					"rotation": ["-12.5+math.cos(query.anim_time*90*3/2+70)*4", 0, 0]
				},
				"leaf_end20": {
					"rotation": ["-37.5+math.cos(query.anim_time*90*3/2-60)*8", 0, 0]
				},
				"redleaves": {
					"rotation": ["2.5+math.cos(query.anim_time*90*3/2)*1", 0, 0],
					"scale": [0.8, 0.9, 0.8]
				},
				"leaf19": {
					"rotation": ["20+math.cos(query.anim_time*90*3/2-60)*4", 0, 0],
					"position": [0, 0, -4]
				},
				"leaf_end21": {
					"rotation": ["27.5+math.cos(query.anim_time*90*3/2-120)*8", 0, 0]
				},
				"leaf20": {
					"rotation": ["-2.5+math.cos(query.anim_time*90*3/2-90)*4", 60, 0]
				},
				"leaf_end22": {
					"rotation": ["22.5+math.cos(query.anim_time*90*3/2-140)*6", 0, 0]
				},
				"leaf21": {
					"rotation": ["-2.5+math.cos(query.anim_time*90*3/2-90)*4", -60, 0]
				},
				"leaf_end23": {
					"rotation": ["22.5+math.cos(query.anim_time*90*3/2-140)*6", 0, 0]
				},
				"leaf_end24": {
					"rotation": ["22.5+math.cos(query.anim_time*90*3/2-140)*6", 0, 0]
				},
				"leaf22": {
					"rotation": ["-23.4868+math.cos(query.anim_time*90*3/2+120)*4", -57.40759, 18.63504]
				},
				"leaf_end25": {
					"rotation": ["-27.5+math.cos(query.anim_time*90*3/2+90)*6", 0, 0]
				},
				"leaf23": {
					"rotation": ["-23.4868+math.cos(query.anim_time*90*3/2+120)*4", 57.4076, -18.635]
				},
				"leaf_end26": {
					"rotation": ["-27.5+math.cos(query.anim_time*90*3/2+90)*6", 0, 0]
				},
				"leaf24": {
					"rotation": ["-12.5+math.cos(query.anim_time*90*3/2+70)*4", 0, 0]
				},
				"leaf_end27": {
					"rotation": ["-37.5+math.cos(query.anim_time*90*3/2-60)*8", 0, 0]
				},
				"orangeleaves": {
					"rotation": ["math.cos(query.anim_time*90*3/2)*1", 0, 0],
					"position": [0, -1.3, 1],
					"scale": [0.7, 0.9, 0.8]
				},
				"leaf25": {
					"rotation": ["10+math.cos(query.anim_time*90*3/2-60)*4", 0, 0],
					"position": [0, 0.1, -3.2]
				},
				"leaf_end28": {
					"rotation": ["27.5+math.cos(query.anim_time*90*3/2-120)*8", 0, 0]
				},
				"leaf26": {
					"rotation": ["-2.5+math.cos(query.anim_time*90*3/2-90)*4", 60, 0]
				},
				"leaf_end29": {
					"rotation": ["22.5+math.cos(query.anim_time*90*3/2-140)*6", 0, 0]
				},
				"leaf27": {
					"rotation": ["-2.5+math.cos(query.anim_time*90*3/2-90)*4", -60, 0]
				},
				"leaf_end30": {
					"rotation": ["22.5+math.cos(query.anim_time*90*3/2-140)*6", 0, 0]
				},
				"leaf_end31": {
					"rotation": ["22.5+math.cos(query.anim_time*90*3/2-140)*6", 0, 0]
				},
				"leaf28": {
					"rotation": ["-23.4868+math.cos(query.anim_time*90*3/2+120)*4", -57.40759, 18.63504]
				},
				"leaf_end32": {
					"rotation": ["-27.5+math.cos(query.anim_time*90*3/2+90)*6", 0, 0]
				},
				"leaf29": {
					"rotation": ["-18.4868+math.cos(query.anim_time*90*3/2+120)*4", 57.4076, -18.635],
					"position": [0, -0.3, 0]
				},
				"leaf_end33": {
					"rotation": ["-27.5+math.cos(query.anim_time*90*3/2+90)*6", 0, 0]
				},
				"leaf30": {
					"rotation": ["-10+math.cos(query.anim_time*90*3/2+70)*4", 0, 0]
				},
				"leaf_end34": {
					"rotation": ["-37.5+math.cos(query.anim_time*90*3/2-60)*8", 0, 0]
				},
				"antennas": {
					"rotation": [-32.58135, 0.19411, -0.59802],
					"position": [0, -1.4, -0.1]
				}
			}
		},
		"animation.meganium_mega.battle_idle": {
			"loop": true,
			"bones": {
				"neck": {
					"rotation": ["40+math.cos(query.anim_time*90*3/2-60)*1", 0, "0+math.cos(query.anim_time*90*3/2/2-60)*3"]
				},
				"whiteleaves": {
					"rotation": ["7.5+math.cos(query.anim_time*90*3/2)*1", 0, 0]
				},
				"leaf": {
					"rotation": ["40+math.cos(query.anim_time*90*3/2-60)*4", 0, 0],
					"position": [0, 0, -4]
				},
				"leaf_end": {
					"rotation": ["32.5+math.cos(query.anim_time*90*3/2-120)*8", 0, 0]
				},
				"leaf2": {
					"rotation": ["-2.5+math.cos(query.anim_time*90*3/2-90)*4", 60, 0]
				},
				"leaf_end2": {
					"rotation": ["70+math.cos(query.anim_time*90*3/2-140)*6", 0, 0]
				},
				"leaf3": {
					"rotation": ["2.5+math.cos(query.anim_time*90*3/2-90)*4", -60, 0]
				},
				"leaf_end3": {
					"rotation": ["52.5+math.cos(query.anim_time*90*3/2-140)*6", 0, 0]
				},
				"leaf4": {
					"rotation": ["-23.4868+math.cos(query.anim_time*90*3/2+120)*4", -57.40759, 18.63504]
				},
				"leaf_end4": {
					"rotation": ["-47.5236+math.cos(query.anim_time*90*3/2+90)*6", -2.16489, 1.2506]
				},
				"leaf5": {
					"rotation": ["-23.4868+math.cos(query.anim_time*90*3/2+120)*4", 57.4076, -18.635]
				},
				"leaf_end5": {
					"rotation": ["-27.5+math.cos(query.anim_time*90*3/2+90)*6", 0, 0]
				},
				"leaf6": {
					"rotation": ["-27.5+math.cos(query.anim_time*90*3/2+70)*4", 0, 0]
				},
				"leaf_end6": {
					"rotation": ["-52.5+math.cos(query.anim_time*90*3/2-60)*8", 0, 0]
				},
				"neck2": {
					"rotation": ["-20+math.cos(query.anim_time*90*3/2-120)*1", 0, "math.cos(query.anim_time*90*3/2/2-120)*1"]
				},
				"neck3": {
					"rotation": ["-10+math.cos(query.anim_time*90*3/2-160)*3/2", 0, "0+math.cos(query.anim_time*90*3/2/2-160)*3"],
					"position": [0, -0.1, 0]
				},
				"antenna_right": {
					"rotation": ["-0.5282+math.cos(query.anim_time*90*3/2-200)*5", 0, -11.11681]
				},
				"antenna_right2": {
					"rotation": ["-47.5+math.cos(query.anim_time*90*3/2-240)*5", 0, 0]
				},
				"antenna_right3": {
					"rotation": ["-23.0207+math.cos(query.anim_time*90*3/2-300)*10", 0.38115, -16.18295]
				},
				"antenna_right4": {
					"rotation": ["-40+math.cos(query.anim_time*90*3/2)*15", 0, 0]
				},
				"antenna_right5": {
					"rotation": ["-25+math.cos(query.anim_time*90*3/2-60)*20", 0, 0]
				},
				"antenna_right6": {
					"rotation": ["-5+math.cos(query.anim_time*90*3/2-120)*35", 0, 0]
				},
				"antenna_right7": {
					"rotation": ["2.5+math.cos(query.anim_time*90*3/2-180)*30", 0, 0]
				},
				"antenna_left": {
					"rotation": ["-0.5282+math.cos(query.anim_time*90*3/2-200)*5", 0, 11.1168]
				},
				"antenna_left2": {
					"rotation": ["-45+math.cos(query.anim_time*90*3/2-240)*5", 0, 0]
				},
				"antenna_left3": {
					"rotation": ["-25.4823+math.cos(query.anim_time*90*3/2-300)*10", 0.02866, 16.03982]
				},
				"antenna_left4": {
					"rotation": ["-40+math.cos(query.anim_time*90*3/2)*15", 0, 0]
				},
				"antenna_left5": {
					"rotation": ["-25+math.cos(query.anim_time*90*3/2-60)*20", 0, 0]
				},
				"tail": {
					"rotation": ["-17.5+math.cos(query.anim_time*90*3/2-60)*3", "0+math.cos(query.anim_time*90*3/2/2-60)*3", 0]
				},
				"tail2": {
					"rotation": ["10+math.cos(query.anim_time*90*3/2-120)*3", "0+math.cos(query.anim_time*90*3/2/2-120)*6", 0]
				},
				"tail3": {
					"rotation": ["10+math.cos(query.anim_time*90*3/2-180)*5", "0+math.cos(query.anim_time*90*3/2/2-180)*6", 0]
				},
				"torso": {
					"rotation": ["0+math.cos(query.anim_time*90*3/2)*1/2", 0, "0+math.cos(query.anim_time*90*3/2/2)*1"],
					"position": [0, "0+math.sin(query.anim_time*90*3/2)*0.2", 0]
				},
				"body": {
					"position": [0, -0.2, 0]
				},
				"head": {
					"rotation": ["-10+math.cos(query.anim_time*90*3/2-200)*3/2", 0, "0-math.cos(query.anim_time*90*3/2/2-100)*6"]
				},
				"leg_back_right": {
					"rotation": [2.00307, 14.8687, 7.7614],
					"position": [-0.5, "-0.5+math.sin(query.anim_time*90*3/2)*0.2", 0]
				},
				"leg_back_right2": {
					"position": [0, "0.2-math.sin(query.anim_time*90*3/2)*0.2", 0]
				},
				"leg_back_left": {
					"rotation": [2.00307, -14.8687, -7.7614],
					"position": [0.5, "-0.5+math.sin(query.anim_time*90*3/2)*0.2", 0]
				},
				"leg_back_left2": {
					"position": [0, "0.2-math.sin(query.anim_time*90*3/2)*0.2", 0]
				},
				"leg_front_left": {
					"rotation": [-8.94325, -8.73596, -7.4726],
					"position": [0.5, "-1+math.sin(query.anim_time*90*3/2)*0.2", 0]
				},
				"leg_front_left2": {
					"rotation": [10, 0, 0],
					"position": [0, "0.2-math.sin(query.anim_time*90*3/2)*0.2", 0]
				},
				"leg_front_right": {
					"rotation": [-9.31386, 8.33927, 4.9766],
					"position": [-0.5, "-1+math.sin(query.anim_time*90*3/2)*0.2", 0]
				},
				"leg_front_right2": {
					"rotation": [10, 0, 0],
					"position": [0, "0.2-math.sin(query.anim_time*90*3/2)*0.2", 0]
				},
				"eye_right": {
					"rotation": [5, 0, 0]
				},
				"angry_eye_right": {
					"position": [-0.1, 0, 0]
				},
				"angry_eye_left": {
					"position": [0.1, 0, 0]
				},
				"idle_eye_pupil2": {
					"position": [-0.1, 0, 0]
				},
				"idle_eye_pupil": {
					"position": [0.1, 0, 0]
				},
				"eye_left": {
					"rotation": [5, 0, 0]
				},
				"leaf_end13": {
					"rotation": ["22.5+math.cos(query.anim_time*90*3/2-140)*6", 0, 0]
				},
				"pinkleaves": {
					"rotation": ["2.5+math.cos(query.anim_time*90*3/2)*1", 0, 0],
					"scale": [0.9, 1, 0.9]
				},
				"leaf13": {
					"rotation": ["25+math.cos(query.anim_time*90*3/2-60)*4", 0, 0],
					"position": [0, 0, -4]
				},
				"leaf_end14": {
					"rotation": ["32.5+math.cos(query.anim_time*90*3/2-120)*8", 0, 0]
				},
				"leaf14": {
					"rotation": ["7.5+math.cos(query.anim_time*90*3/2-90)*4", 60, 0]
				},
				"leaf_end15": {
					"rotation": ["22.5+math.cos(query.anim_time*90*3/2-140)*6", 0, 0]
				},
				"leaf15": {
					"rotation": ["12.5+math.cos(query.anim_time*90*3/2-90)*4", -60, 0]
				},
				"leaf_end16": {
					"rotation": ["22.5+math.cos(query.anim_time*90*3/2-140)*6", 0, 0]
				},
				"leaf_end17": {
					"rotation": ["22.5+math.cos(query.anim_time*90*3/2-140)*6", 0, 0]
				},
				"leaf16": {
					"rotation": ["-23.4868+math.cos(query.anim_time*90*3/2+120)*4", -57.40759, 18.63504]
				},
				"leaf_end18": {
					"rotation": ["-27.5+math.cos(query.anim_time*90*3/2+90)*6", 0, 0]
				},
				"leaf17": {
					"rotation": ["-23.4868+math.cos(query.anim_time*90*3/2+120)*4", 57.4076, -18.635]
				},
				"leaf_end19": {
					"rotation": ["-27.5+math.cos(query.anim_time*90*3/2+90)*6", 0, 0]
				},
				"leaf18": {
					"rotation": ["-12.5+math.cos(query.anim_time*90*3/2+70)*4", 0, 0]
				},
				"leaf_end20": {
					"rotation": ["-27.5+math.cos(query.anim_time*90*3/2-60)*8", 0, 0]
				},
				"redleaves": {
					"rotation": ["2.5+math.cos(query.anim_time*90*3/2)*1", 0, 0],
					"scale": 0.9
				},
				"leaf19": {
					"rotation": ["5+math.cos(query.anim_time*90*3/2-60)*4", 0, 0]
				},
				"leaf_end21": {
					"rotation": ["27.5+math.cos(query.anim_time*90*3/2-120)*8", 0, 0]
				},
				"leaf20": {
					"rotation": ["-2.5+math.cos(query.anim_time*90*3/2-90)*4", 60, 0]
				},
				"leaf_end22": {
					"rotation": ["40+math.cos(query.anim_time*90*3/2-140)*6", 0, 0]
				},
				"leaf21": {
					"rotation": ["12.5+math.cos(query.anim_time*90*3/2-90)*4", -60, 0]
				},
				"leaf_end23": {
					"rotation": ["22.5+math.cos(query.anim_time*90*3/2-140)*6", 0, 0]
				},
				"leaf_end24": {
					"rotation": ["22.5+math.cos(query.anim_time*90*3/2-140)*6", 0, 0]
				},
				"leaf22": {
					"rotation": ["-23.4868+math.cos(query.anim_time*90*3/2+120)*4", -57.40759, 18.63504]
				},
				"leaf_end25": {
					"rotation": ["-27.5+math.cos(query.anim_time*90*3/2+90)*6", 0, 0]
				},
				"leaf23": {
					"rotation": ["-23.4868+math.cos(query.anim_time*90*3/2+120)*4", 57.4076, -18.635]
				},
				"leaf_end26": {
					"rotation": ["-27.5+math.cos(query.anim_time*90*3/2+90)*6", 0, 0]
				},
				"leaf24": {
					"rotation": ["-12.5+math.cos(query.anim_time*90*3/2+70)*4", 0, 0]
				},
				"leaf_end27": {
					"rotation": ["-27.5+math.cos(query.anim_time*90*3/2-60)*8", 0, 0]
				},
				"orangeleaves": {
					"rotation": ["math.cos(query.anim_time*90*3/2)*1", 0, 0],
					"position": [0, -1.3, 1],
					"scale": [0.7, 0.9, 0.8]
				},
				"leaf25": {
					"rotation": ["-2.5+math.cos(query.anim_time*90*3/2-60)*4", 0, 0]
				},
				"leaf_end28": {
					"rotation": ["32.5+math.cos(query.anim_time*90*3/2-120)*8", 0, 0]
				},
				"leaf26": {
					"rotation": ["-2.5+math.cos(query.anim_time*90*3/2-90)*4", 60, 0]
				},
				"leaf_end29": {
					"rotation": ["22.5+math.cos(query.anim_time*90*3/2-140)*6", 0, 0]
				},
				"leaf27": {
					"rotation": ["5+math.cos(query.anim_time*90*3/2-90)*4", -60, 0]
				},
				"leaf_end30": {
					"rotation": ["22.5+math.cos(query.anim_time*90*3/2-140)*6", 0, 0]
				},
				"leaf_end31": {
					"rotation": ["22.5+math.cos(query.anim_time*90*3/2-140)*6", 0, 0]
				},
				"leaf28": {
					"rotation": ["-23.4868+math.cos(query.anim_time*90*3/2+120)*4", -57.40759, 18.63504]
				},
				"leaf_end32": {
					"rotation": ["-27.5+math.cos(query.anim_time*90*3/2+90)*6", 0, 0]
				},
				"leaf29": {
					"rotation": ["-28.4868+math.cos(query.anim_time*90*3/2+120)*4", 57.4076, -18.635]
				},
				"leaf_end33": {
					"rotation": ["-12.5+math.cos(query.anim_time*90*3/2+90)*6", 0, 0]
				},
				"leaf30": {
					"rotation": ["-12.5+math.cos(query.anim_time*90*3/2+70)*4", 0, 0]
				},
				"leaf_end34": {
					"rotation": ["-27.5+math.cos(query.anim_time*90*3/2-60)*8", 0, 0]
				},
				"mega_meganium_Z-A": {
					"scale": 1.4
				},
				"petals": {
					"rotation": [-15, 0, 0],
					"position": [0, 0, 4.3],
					"scale": [1.2, 1.3, 1.1]
				},
				"antennas": {
					"rotation": [-32.58135, 0.19411, -0.59802],
					"position": [0, -1.4, -0.1]
				}
			}
		},
		"animation.meganium_mega.ground_walk": {
			"loop": true,
			"bones": {
				"neck": {
					"rotation": ["40+math.cos(query.anim_time*90*2*2-60)*1", 0, "0+math.cos(query.anim_time*90*2-60)*2"]
				},
				"whiteleaves": {
					"rotation": ["7.5+math.cos(query.anim_time*90*3/2)*1", 0, 0]
				},
				"leaf": {
					"rotation": ["40+math.cos(query.anim_time*90*3/2-60)*4", 0, 0],
					"position": [0, 0, -4]
				},
				"leaf_end": {
					"rotation": ["32.5+math.cos(query.anim_time*90*2*2-120)*8", 0, 0]
				},
				"leaf2": {
					"rotation": ["-2.5+math.cos(query.anim_time*90*2*2-90)*4", 60, 0]
				},
				"leaf_end2": {
					"rotation": ["70+math.cos(query.anim_time*90*3/2-140)*6", 0, 0]
				},
				"leaf3": {
					"rotation": ["2.5+math.cos(query.anim_time*90*3/2-90)*4", -60, 0]
				},
				"leaf_end3": {
					"rotation": ["52.5+math.cos(query.anim_time*90*3/2-140)*6", 0, 0]
				},
				"leaf4": {
					"rotation": ["-23.4868+math.cos(query.anim_time*90*2*2+120)*4", -57.40759, 18.63504]
				},
				"leaf_end4": {
					"rotation": ["-47.5236+math.cos(query.anim_time*90*3/2+90)*6", -2.16489, 1.2506]
				},
				"leaf5": {
					"rotation": ["-23.4868+math.cos(query.anim_time*90*2*2+120)*4", 57.4076, -18.635]
				},
				"leaf_end5": {
					"rotation": ["-40+math.cos(query.anim_time*90*2*2+90)*6", 0, 0]
				},
				"leaf6": {
					"rotation": ["-12.5+math.cos(query.anim_time*90*2*2+70)*4", 0, 0]
				},
				"leaf_end6": {
					"rotation": ["-52.5+math.cos(query.anim_time*90*3/2-60)*8", 0, 0]
				},
				"neck2": {
					"rotation": ["-22.5+math.cos(query.anim_time*90*2*2-120)*1", 0, "0+math.cos(query.anim_time*90*2-120)*1"],
					"position": [0, 0, 0]
				},
				"neck3": {
					"rotation": ["-5+math.cos(query.anim_time*90*2*2-160)*3/2", 0, "0+math.cos(query.anim_time*90*2-160)*2"],
					"position": [0, -0.1, 0]
				},
				"antenna_right": {
					"rotation": ["-0.5282+math.cos(query.anim_time*90*3/2-200)*5", 0, -11.11681]
				},
				"antenna_right2": {
					"rotation": ["-47.5+math.cos(query.anim_time*90*3/2-240)*5", 0, 0]
				},
				"antenna_right3": {
					"rotation": ["-23.0207+math.cos(query.anim_time*90*3/2-300)*10", 0.38115, -16.18295]
				},
				"antenna_right4": {
					"rotation": ["-40+math.cos(query.anim_time*90*3/2)*15", 0, 0]
				},
				"antenna_right5": {
					"rotation": ["-25+math.cos(query.anim_time*90*2-60)*20", 0, 0]
				},
				"antenna_right6": {
					"rotation": ["-5+math.cos(query.anim_time*90*2-120)*35", 0, 0]
				},
				"antenna_right7": {
					"rotation": ["2.5+math.cos(query.anim_time*90*2-180)*30", 0, 0]
				},
				"antenna_left": {
					"rotation": ["-0.5282+math.cos(query.anim_time*90*3/2-200)*5", 0, 11.1168]
				},
				"antenna_left2": {
					"rotation": ["-45+math.cos(query.anim_time*90*2-240)*5", 0, 0]
				},
				"antenna_left3": {
					"rotation": ["-25.4823+math.cos(query.anim_time*90*3/2-300)*10", 0.02866, 16.03982]
				},
				"antenna_left4": {
					"rotation": ["-40+math.cos(query.anim_time*90*3/2)*15", 0, 0]
				},
				"antenna_left5": {
					"rotation": ["-25+math.cos(query.anim_time*90*2-60)*20", 0, 0]
				},
				"tail": {
					"rotation": ["-17.5+math.cos(query.anim_time*90*2*2-60)*3", "0+math.cos(query.anim_time*90*2-60)*5", 0]
				},
				"tail2": {
					"rotation": ["10+math.cos(query.anim_time*90*2*2-120)*3", "0+math.cos(query.anim_time*90*2-120)*6", 0]
				},
				"tail3": {
					"rotation": ["10+math.cos(query.anim_time*90*2*2-180)*5", "0+math.cos(query.anim_time*90*2-180)*6", 0]
				},
				"torso": {
					"rotation": ["0+math.cos(query.anim_time*90*3/2)*1/2", 0, "0+math.cos(query.anim_time*90*3/2/2)*1"],
					"position": [0, "0+math.sin(query.anim_time*90*3/2)*0.2", 0]
				},
				"body": {
					"rotation": [0, -47.5, 0],
					"position": [0, -0.2, "-math.sin(q.anim_time*90*4+3/4)*0.5"]
				},
				"head": {
					"rotation": ["-12.5+math.cos(query.anim_time*90*2*2-200)*3/2", 0, "0-math.cos(query.anim_time*90*2-100)*3"]
				},
				"leg_back_right": {
					"rotation": ["-27.5+math.sin(q.anim_time*90*2)*15", 0, 0],
					"position": [-0.05234, "-0.0016+math.clamp(math.cos(q.anim_time*90*2-180)*1,0,1)", "0.0176+math.sin(q.anim_time*90*2)*1"]
				},
				"leg_back_right2": {
					"rotation": ["25.25-math.sin(q.anim_time*90*2+3/4)*-10", 0, 0]
				},
				"leg_back_left": {
					"rotation": ["-27.5-math.sin(q.anim_time*90*2)*15", 0, 0],
					"position": [0, "0+math.clamp(math.cos(q.anim_time*90*2)*1,0,1)", "0-math.sin(q.anim_time*90*2)*1"]
				},
				"leg_back_left2": {
					"rotation": ["25.25-math.sin(q.anim_time*90*2+3/4)*-10", 0, 0]
				},
				"leg_front_left": {
					"rotation": ["-25+math.sin(q.anim_time*90*2+3/4)*15", 0, 0],
					"position": [-0.05234, "-0.0016+math.clamp(math.cos(q.anim_time*90*2+3/4-180)*1,0,1)", "0.0176+math.sin(q.anim_time*90*2+3/4)*1"]
				},
				"leg_front_left2": {
					"rotation": ["25.25-math.sin(q.anim_time*90*2+3/4)*-10", 0, 0]
				},
				"leg_front_right": {
					"rotation": ["-25-math.sin(q.anim_time*90*2+3/4)*15", 0, 0],
					"position": [0, "0+math.clamp(math.cos(q.anim_time*90*2+3/4)*1,0,1)", "0-math.sin(q.anim_time*90*2+3/4)*1"]
				},
				"leg_front_right2": {
					"rotation": ["25.25-math.sin(q.anim_time*90*2+3/4)*-10", 0, 0]
				},
				"leaf_end13": {
					"rotation": ["22.5+math.cos(query.anim_time*90*2*2-140)*6", 0, 0]
				},
				"pinkleaves": {
					"rotation": ["2.5+math.cos(query.anim_time*90*3/2)*1", 0, 0],
					"scale": [0.9, 1, 0.9]
				},
				"leaf13": {
					"rotation": ["25+math.cos(query.anim_time*90*3/2-60)*4", 0, 0],
					"position": [0, 0, -4]
				},
				"leaf_end14": {
					"rotation": ["32.5+math.cos(query.anim_time*90*2*2-120)*8", 0, 0]
				},
				"leaf14": {
					"rotation": ["-2.5+math.cos(query.anim_time*90*2*2-90)*4", 60, 0]
				},
				"leaf_end15": {
					"rotation": ["47.5+math.cos(query.anim_time*90*2*2-140)*6", 0, 0]
				},
				"leaf15": {
					"rotation": ["12.5+math.cos(query.anim_time*90*3/2-90)*4", -60, 0]
				},
				"leaf_end16": {
					"rotation": ["22.5+math.cos(query.anim_time*90*2*2-140)*6", 0, 0]
				},
				"leaf_end17": {
					"rotation": ["22.5+math.cos(query.anim_time*90*2*2-140)*6", 0, 0]
				},
				"leaf16": {
					"rotation": ["-23.4868+math.cos(query.anim_time*90*2*2+120)*4", -57.40759, 18.63504]
				},
				"leaf_end18": {
					"rotation": ["-27.5+math.cos(query.anim_time*90*2*2+90)*6", 0, 0]
				},
				"leaf17": {
					"rotation": ["-23.4868+math.cos(query.anim_time*90*2*2+120)*4", 57.4076, -18.635]
				},
				"leaf_end19": {
					"rotation": ["-27.5+math.cos(query.anim_time*90*2*2+90)*6", 0, 0]
				},
				"leaf18": {
					"rotation": ["-12.5+math.cos(query.anim_time*90*2*2+70)*4", 0, 0]
				},
				"leaf_end20": {
					"rotation": ["-27.5+math.cos(query.anim_time*90*2*2-60)*8", 0, 0]
				},
				"redleaves": {
					"rotation": ["2.5+math.cos(query.anim_time*90*3/2)*1", 0, 0],
					"scale": [0.8, 0.9, 0.9]
				},
				"leaf19": {
					"rotation": ["20+math.cos(query.anim_time*90*2*2-60)*4", 0, 0]
				},
				"leaf_end21": {
					"rotation": ["10+math.cos(query.anim_time*90*3/2-120)*8", 0, 0]
				},
				"leaf20": {
					"rotation": ["-2.5+math.cos(query.anim_time*90*2*2-90)*4", 60, 0]
				},
				"leaf_end22": {
					"rotation": ["40+math.cos(query.anim_time*90*2*2-140)*6", 0, 0]
				},
				"leaf21": {
					"rotation": ["10+math.cos(query.anim_time*90*2*2-90)*4", -60, 0]
				},
				"leaf_end23": {
					"rotation": ["22.5+math.cos(query.anim_time*90*2*2-140)*6", 0, 0]
				},
				"leaf_end24": {
					"rotation": ["22.5+math.cos(query.anim_time*90*2*2-140)*6", 0, 0]
				},
				"leaf22": {
					"rotation": ["-23.4868+math.cos(query.anim_time*90*2*2+120)*4", -57.40759, 18.63504]
				},
				"leaf_end25": {
					"rotation": ["-27.5+math.cos(query.anim_time*90*2*2+90)*6", 0, 0]
				},
				"leaf23": {
					"rotation": ["-23.4868+math.cos(query.anim_time*90*2*2+120)*4", 57.4076, -18.635]
				},
				"leaf_end26": {
					"rotation": ["-27.5+math.cos(query.anim_time*90*2*2+90)*6", 0, 0]
				},
				"leaf24": {
					"rotation": ["-12.5+math.cos(query.anim_time*90*2*2+70)*4", 0, 0]
				},
				"leaf_end27": {
					"rotation": ["-27.5+math.cos(query.anim_time*90*2*2-60)*8", 0, 0]
				},
				"orangeleaves": {
					"rotation": ["math.cos(query.anim_time*90*3/2)*1", 0, 0],
					"position": [0, -1.3, 1],
					"scale": [0.7, 0.9, 0.8]
				},
				"leaf25": {
					"rotation": ["5+math.cos(query.anim_time*90*2*2-60)*4", 0, 0]
				},
				"leaf_end28": {
					"rotation": ["32.5+math.cos(query.anim_time*90*2*2-120)*8", 0, 0]
				},
				"leaf26": {
					"rotation": ["-2.5+math.cos(query.anim_time*90*2*2-90)*4", 60, 0]
				},
				"leaf_end29": {
					"rotation": ["30+math.cos(query.anim_time*90*2*2-140)*6", 0, 0]
				},
				"leaf27": {
					"rotation": ["-2.5+math.cos(query.anim_time*90*2*2-90)*4", -60, 0]
				},
				"leaf_end30": {
					"rotation": ["22.5+math.cos(query.anim_time*90*3/2-140)*6", 0, 0]
				},
				"leaf_end31": {
					"rotation": ["30+math.cos(query.anim_time*90*2*2-140)*6", 0, 0]
				},
				"leaf28": {
					"rotation": ["-23.4868+math.cos(query.anim_time*90*2*2+120)*4", -57.40759, 18.63504]
				},
				"leaf_end32": {
					"rotation": ["-27.5+math.cos(query.anim_time*90*2*2+90)*6", 0, 0]
				},
				"leaf29": {
					"rotation": ["-23.4868+math.cos(query.anim_time*90*2*2+120)*4", 57.4076, -18.635]
				},
				"leaf_end33": {
					"rotation": ["-27.5+math.cos(query.anim_time*90*2*2+90)*6", 0, 0]
				},
				"leaf30": {
					"rotation": ["-12.5+math.cos(query.anim_time*90*2*2+70)*4", 0, 0]
				},
				"leaf_end34": {
					"rotation": ["-27.5+math.cos(query.anim_time*90*2*2-60)*8", 0, 0]
				},
				"mega_meganium_Z-A": {
					"scale": 1.4
				},
				"petals": {
					"rotation": [-15, 0, 0],
					"position": [0, 0, 4.3],
					"scale": [1.2, 1.3, 1.1]
				},
				"antennas": {
					"rotation": [-32.58135, 0.19411, -0.59802],
					"position": [0, -1.4, -0.1]
				},
				"bone": {
					"rotation": [0, 50, 0],
					"position": [0, -3, 0]
				}
			}
		},
		"animation.meganium_mega.sleep": {
			"loop": true,
			"bones": {
				"neck": {
					"rotation": ["60+math.cos(query.anim_time*90*1-60)*1", 0, "math.cos(query.anim_time*90*1/2-60)*2"]
				},
				"whiteleaves": {
					"rotation": ["7.5+math.cos(query.anim_time*90*3/2)*1", 0, 0]
				},
				"leaf": {
					"rotation": ["-15+math.cos(query.anim_time*90*3/2-60)*4", 0, 0],
					"position": [0, 0, -4]
				},
				"leaf_end": {
					"rotation": ["-35+math.cos(query.anim_time*90*1-120)*8", 0, 0]
				},
				"leaf2": {
					"rotation": ["-2.5+math.cos(query.anim_time*90*1-90)*4", 60, 0]
				},
				"leaf_end2": {
					"rotation": ["27.5+math.cos(query.anim_time*90*3/2-140)*6", 0, 0]
				},
				"leaf3": {
					"rotation": ["2.5+math.cos(query.anim_time*90*3/2-90)*4", -60, 0]
				},
				"leaf_end3": {
					"rotation": ["2.5+math.cos(query.anim_time*90*3/2-140)*6", 0, 0]
				},
				"leaf4": {
					"rotation": ["-49.7377+math.cos(query.anim_time*90*1+120)*4", -46.71968, 35.9454]
				},
				"leaf_end4": {
					"rotation": ["-47.5236+math.cos(query.anim_time*90*3/2+90)*6", -2.16489, 1.2506]
				},
				"leaf5": {
					"rotation": ["-49.7377+math.cos(query.anim_time*90*1+120)*4", 46.7197, -35.9454]
				},
				"leaf_end5": {
					"rotation": ["-27.5+math.cos(query.anim_time*90*1+90)*6", 0, 0]
				},
				"leaf6": {
					"rotation": ["-40+math.cos(query.anim_time*90*1+70)*4", 0, 0]
				},
				"leaf_end6": {
					"rotation": ["-27.5+math.cos(query.anim_time*90*3/2-60)*8", 0, 0]
				},
				"neck2": {
					"rotation": ["-47.5+math.cos(query.anim_time*90*1-120)*1", 0, 0]
				},
				"neck3": {
					"rotation": ["-10+math.cos(query.anim_time*90*1-160)*3/2", 0, "0+0=0"],
					"position": [0, -0.1, 0]
				},
				"antenna_right": {
					"rotation": ["-0.5282+math.cos(query.anim_time*90*3/2-200)*5", 0, -11.11681]
				},
				"antenna_right2": {
					"rotation": ["-47.5+math.cos(query.anim_time*90*3/2-240)*5", 0, 0]
				},
				"antenna_right3": {
					"rotation": ["-23.0207+math.cos(query.anim_time*90*3/2-300)*10", 0.38115, -16.18295]
				},
				"antenna_right4": {
					"rotation": ["-40+math.cos(query.anim_time*90*3/2)*15", 0, 0]
				},
				"antenna_right5": {
					"rotation": ["-17.5+math.cos(query.anim_time*90*1-60)*10", 0, 0]
				},
				"antenna_right6": {
					"rotation": ["-5+math.cos(query.anim_time*90*1-120)*25", 0, 0]
				},
				"antenna_right7": {
					"rotation": ["2.5+math.cos(query.anim_time*90*1-180)*20", 0, 0]
				},
				"antenna_left": {
					"rotation": ["-0.5282+math.cos(query.anim_time*90*3/2-200)*5", 0, 11.1168]
				},
				"antenna_left2": {
					"rotation": ["-45+math.cos(query.anim_time*90*1-240)*3", 0, 0]
				},
				"antenna_left3": {
					"rotation": ["-25.4823+math.cos(query.anim_time*90*3/2-300)*10", 0.02866, 16.03982]
				},
				"antenna_left4": {
					"rotation": ["-40+math.cos(query.anim_time*90*3/2)*15", 0, 0]
				},
				"antenna_left5": {
					"rotation": ["-17.5+math.cos(query.anim_time*90*1-60)*10", 0, 0]
				},
				"tail": {
					"rotation": ["-22.5+math.cos(query.anim_time*90*1-60)*3", "0+math.cos(query.anim_time*90*1/2-60)*3", 0]
				},
				"tail2": {
					"rotation": ["2.5+math.cos(query.anim_time*90*1-120)*3", "0+math.cos(query.anim_time*90*1/2-120)*6", 0]
				},
				"tail3": {
					"rotation": ["5+math.cos(query.anim_time*90*1-180)*5", "0+math.cos(query.anim_time*90*1/2-180)*6", 0]
				},
				"torso": {
					"rotation": ["0+math.cos(query.anim_time*90*3/2)*1/2", 0, "0+math.cos(query.anim_time*90*3/2/2)*1"],
					"position": [0, "0+math.sin(query.anim_time*90*3/2)*0.2", 0]
				},
				"body": {
					"position": [0, -8, 0]
				},
				"head": {
					"rotation": ["17.5+math.cos(query.anim_time*90*1-200)*3/2", 0, 0]
				},
				"leg_back_right": {
					"rotation": [31.03377, 5.95572, 70.85693]
				},
				"leg_back_right2": {
					"rotation": [20, 0, 0]
				},
				"leg_back_left": {
					"rotation": [31.03377, -5.9557, -70.8569]
				},
				"leg_back_left2": {
					"rotation": [20, 0, 0]
				},
				"leg_front_left": {
					"rotation": [-65.3671, -38.3667, -5.8035],
					"position": [0, 0, -2]
				},
				"leg_front_left2": {
					"rotation": [7.5, 0, 0]
				},
				"leg_front_right": {
					"rotation": [-65.3671, 38.36668, 5.80347],
					"position": [0, 0, -2]
				},
				"leg_front_right2": {
					"rotation": [7.5, 0, 0]
				},
				"eyelid_left": {
					"position": [0.1, 0, 0]
				},
				"eyelid_right": {
					"position": [-0.1, 0, 0]
				},
				"leaf_end13": {
					"rotation": ["22.5+math.cos(query.anim_time*90*1-140)*6", 0, 0]
				},
				"pinkleaves": {
					"rotation": ["2.5+math.cos(query.anim_time*90*3/2)*1", 0, 0],
					"scale": [0.9, 1, 0.9]
				},
				"leaf13": {
					"rotation": ["7.5+math.cos(query.anim_time*90*3/2-60)*4", 0, 0],
					"position": [0, 0, -4]
				},
				"leaf_end14": {
					"rotation": ["-35+math.cos(query.anim_time*90*1-120)*8", 0, 0]
				},
				"leaf14": {
					"rotation": ["-2.5+math.cos(query.anim_time*90*1-90)*4", 60, 0]
				},
				"leaf_end15": {
					"rotation": ["22.5+math.cos(query.anim_time*90*1-140)*6", 0, 0]
				},
				"leaf15": {
					"rotation": ["-2.5+math.cos(query.anim_time*90*3/2-90)*4", -60, 0]
				},
				"leaf_end16": {
					"rotation": ["22.5+math.cos(query.anim_time*90*1-140)*6", 0, 0]
				},
				"leaf_end17": {
					"rotation": ["22.5+math.cos(query.anim_time*90*1-140)*6", 0, 0]
				},
				"leaf16": {
					"rotation": ["-49.7377+math.cos(query.anim_time*90*1+120)*4", -46.71968, 35.9454]
				},
				"leaf_end18": {
					"rotation": ["-27.5+math.cos(query.anim_time*90*1+90)*6", 0, 0]
				},
				"leaf17": {
					"rotation": ["-49.7377+math.cos(query.anim_time*90*1+120)*4", 46.7197, -35.9454]
				},
				"leaf_end19": {
					"rotation": ["-27.5+math.cos(query.anim_time*90*1+90)*6", 0, 0]
				},
				"leaf18": {
					"rotation": ["-40+math.cos(query.anim_time*90*1+70)*4", 0, 0]
				},
				"leaf_end20": {
					"rotation": ["-27.5+math.cos(query.anim_time*90*1-60)*8", 0, 0]
				},
				"redleaves": {
					"rotation": ["2.5+math.cos(query.anim_time*90*3/2)*1", 0, 0],
					"scale": 0.9
				},
				"leaf19": {
					"rotation": ["20+math.cos(query.anim_time*90*1-60)*4", 0, 0]
				},
				"leaf_end21": {
					"rotation": ["-22.5+math.cos(query.anim_time*90*3/2-120)*8", 0, 0]
				},
				"leaf20": {
					"rotation": ["-2.5+math.cos(query.anim_time*90*1-90)*4", 60, 0]
				},
				"leaf_end22": {
					"rotation": ["22.5+math.cos(query.anim_time*90*1-140)*6", 0, 0]
				},
				"leaf21": {
					"rotation": ["-2.5+math.cos(query.anim_time*90*1-90)*4", -60, 0]
				},
				"leaf_end23": {
					"rotation": ["22.5+math.cos(query.anim_time*90*1-140)*6", 0, 0]
				},
				"leaf_end24": {
					"rotation": ["22.5+math.cos(query.anim_time*90*1-140)*6", 0, 0]
				},
				"leaf22": {
					"rotation": ["-49.7377+math.cos(query.anim_time*90*1+120)*4", -46.71968, 35.9454]
				},
				"leaf_end25": {
					"rotation": ["-27.5+math.cos(query.anim_time*90*1+90)*6", 0, 0]
				},
				"leaf23": {
					"rotation": ["-49.7377+math.cos(query.anim_time*90*1+120)*4", 46.7197, -35.9454]
				},
				"leaf_end26": {
					"rotation": ["-27.5+math.cos(query.anim_time*90*1+90)*6", 0, 0]
				},
				"leaf24": {
					"rotation": ["-40+math.cos(query.anim_time*90*1+70)*4", 0, 0]
				},
				"leaf_end27": {
					"rotation": ["-27.5+math.cos(query.anim_time*90*1-60)*8", 0, 0]
				},
				"orangeleaves": {
					"rotation": ["math.cos(query.anim_time*90*3/2)*1", 0, 0],
					"position": [0, -1.3, 1],
					"scale": [0.7, 0.9, 0.8]
				},
				"leaf25": {
					"rotation": ["20+math.cos(query.anim_time*90*1-60)*4", 0, 0]
				},
				"leaf_end28": {
					"rotation": ["-35+math.cos(query.anim_time*90*1-120)*8", 0, 0]
				},
				"leaf26": {
					"rotation": ["-2.5+math.cos(query.anim_time*90*1-90)*4", 60, 0]
				},
				"leaf_end29": {
					"rotation": ["22.5+math.cos(query.anim_time*90*1-140)*6", 0, 0]
				},
				"leaf27": {
					"rotation": ["-2.5+math.cos(query.anim_time*90*1-90)*4", -60, 0]
				},
				"leaf_end30": {
					"rotation": ["22.5+math.cos(query.anim_time*90*3/2-140)*6", 0, 0]
				},
				"leaf_end31": {
					"rotation": ["22.5+math.cos(query.anim_time*90*1-140)*6", 0, 0]
				},
				"leaf28": {
					"rotation": ["-17.3729+math.cos(query.anim_time*90*1+120)*4", -57.16136, 7.86963]
				},
				"leaf_end32": {
					"rotation": ["-27.5+math.cos(query.anim_time*90*1+90)*6", 0, 0]
				},
				"leaf29": {
					"rotation": ["-35.9867+math.cos(query.anim_time*90*1+120)*4", 57.4076, -18.63503]
				},
				"leaf_end33": {
					"rotation": ["-27.5+math.cos(query.anim_time*90*1+90)*6", 0, 0]
				},
				"leaf30": {
					"rotation": ["-40+math.cos(query.anim_time*90*1+70)*4", 0, 0]
				},
				"leaf_end34": {
					"rotation": ["math.cos(query.anim_time*90*1-60)*8", 0, 0]
				},
				"mega_meganium_Z-A": {
					"scale": 1.4
				},
				"petals": {
					"rotation": [-15, 0, 0],
					"position": [0, -6, 4.3],
					"scale": [1.2, 1.3, 1.1]
				},
				"antennas": {
					"rotation": [-32.58135, 0.19411, -0.59802],
					"position": [0, -1.4, -0.1]
				}
			}
		},
		"animation.meganium_mega.blink": {
			"animation_length": 0.1667,
			"bones": {
				"eyelid_right": {
					"position": {
						"0.0": [-0.1, 0, 0],
						"0.125": [-0.1, 0, 0],
						"0.1667": [0, 0, 0]
					}
				},
				"eyelid_left": {
					"position": {
						"0.0": [0.1, 0, 0],
						"0.125": [0.1, 0, 0],
						"0.1667": [0, 0, 0]
					}
				},
				"mega_meganium_Z-A": {
					"scale": 1.4
				}
			}
		}
	}
}