{
	"format_version": "1.8.0",
	"animations": {
		"animation.froslass_mega.ground_idle": {
			"loop": true,
			"bones": {
				"torso": {
					"rotation": ["5+3*math.cos(q.anim_time*90*1-30)", 0, "0-0.1*math.sin(q.anim_time*90*1-10)"],
					"position": [0, "-0.325-1*math.cos(q.anim_time*90*1)", "-0.075+0.1*math.cos(q.anim_time*90*1)"]
				},
				"torso2": {
					"rotation": [-5, 0, 0]
				},
				"ribbon_left": {
					"rotation": [10.23772, 12.3071, 2.20462]
				},
				"torso3": {
					"rotation": [-2.5, 0, 0]
				},
				"neck": {
					"rotation": [5, 0, 0]
				},
				"head": {
					"rotation": ["5+3*math.cos(q.anim_time*90*1-30)", 0, 0]
				},
				"arm_left": {
					"rotation": [5, 0, "-10+2*math.cos(q.anim_time*90*1-60)"]
				},
				"arm_left2": {
					"rotation": [-5, 0, "-10+2*math.cos(q.anim_time*90*1-60)"]
				},
				"arm_left3": {
					"rotation": [-7.5, 0, "0+2*math.cos(q.anim_time*90*1-60)"],
					"position": [0, 0, 4],
					"scale": 2
				},
				"arm_left_back": {
					"rotation": [0, 7.5, 0]
				},
				"finger1_left": {
					"rotation": [-9.25249, 3.81024, 22.19157]
				},
				"finger2_left": {
					"rotation": [0, 0, 17.5]
				},
				"finger3_left": {
					"rotation": [14.89149, -9.29798, 31.28223]
				},
				"arm_right": {
					"rotation": ["-15+2*math.cos(q.anim_time*90*1-60)", 0, "10+2*math.cos(q.anim_time*90*1-60)"]
				},
				"arm_right2": {
					"rotation": ["-15+2*math.cos(q.anim_time*90*1-60)", 0, "10+2*math.cos(q.anim_time*90*1-60)"]
				},
				"arm_right3": {
					"rotation": ["-7.5+5*math.cos(q.anim_time*90*1-60)", 0, "10+2*math.cos(q.anim_time*90*1-60)"],
					"position": [0, 0, 4],
					"scale": 2
				},
				"arm_right_back": {
					"rotation": [0, "5+2*math.cos(q.anim_time*90*1-60)", 0]
				},
				"fingers_right": {
					"rotation": [-5, 0, 0]
				},
				"finger1_right": {
					"rotation": [-13.90319, -7.98133, -15.62489]
				},
				"finger2_right": {
					"rotation": [0, 0, -15]
				},
				"finger3_right": {
					"rotation": [9.25249, 3.81024, -22.19157]
				},
				"ribbon_right": {
					"rotation": [10.23772, -12.3071, -2.20462]
				},
				"bone": {
					"rotation": ["5+5*math.cos(q.anim_time*90*1-60)", 0, 0]
				},
				"bone2": {
					"rotation": ["5+2*math.cos(q.anim_time*90*1-60)", 0, 0]
				},
				"bone3": {
					"rotation": ["5+12*math.cos(q.anim_time*90*1-60)", 0, 0]
				}
			}
		},
		"animation.froslass_mega.battle_idle": {
			"loop": true,
			"bones": {
				"torso": {
					"rotation": ["5+3*math.cos(q.anim_time*90*1-30)", 0, "0-0.1*math.sin(q.anim_time*90*1-10)"],
					"position": [0, "-0.325-1*math.cos(q.anim_time*90*1)", "-0.075+0.1*math.cos(q.anim_time*90*1)"]
				},
				"torso2": {
					"rotation": [-5, 0, 0]
				},
				"ribbon_left": {
					"rotation": [10.23772, 12.3071, 2.20462]
				},
				"torso3": {
					"rotation": [-2.5, 0, 0]
				},
				"neck": {
					"rotation": [5, 0, 0]
				},
				"head": {
					"rotation": ["5+3*math.cos(q.anim_time*90*1-30)", 0, 0]
				},
				"arm_left": {
					"rotation": [5, 0, "-10+2*math.cos(q.anim_time*90*1-60)"]
				},
				"arm_left2": {
					"rotation": [-5, 0, "-10+2*math.cos(q.anim_time*90*1-60)"]
				},
				"arm_left3": {
					"rotation": [-7.5, 0, "0+2*math.cos(q.anim_time*90*1-60)"],
					"position": [0, 0, 4],
					"scale": 2
				},
				"arm_left_back": {
					"rotation": [0, 7.5, 0]
				},
				"finger1_left": {
					"rotation": [-9.25249, 3.81024, 22.19157]
				},
				"finger2_left": {
					"rotation": [0, 0, 17.5]
				},
				"finger3_left": {
					"rotation": [14.89149, -9.29798, 31.28223]
				},
				"arm_right": {
					"rotation": ["-63.9148+2*math.cos(q.anim_time*90*1-60)", 15.68049, "17.8695+2*math.cos(q.anim_time*90*1-60)"]
				},
				"arm_right2": {
					"rotation": ["-12.1891+2*math.cos(q.anim_time*90*1-60)", -8.46894, "-26.6689+2*math.cos(q.anim_time*90*1-60)"]
				},
				"arm_right3": {
					"rotation": ["-3.7973+5*math.cos(q.anim_time*90*1-60)", -4.82927, "-64.9453+2*math.cos(q.anim_time*90*1-60)"],
					"position": [0, 0, 4],
					"scale": 2
				},
				"arm_right_back": {
					"rotation": [0, "5+2*math.cos(q.anim_time*90*1-60)", 0]
				},
				"fingers_right": {
					"rotation": [-5, 0, 0]
				},
				"finger1_right": {
					"rotation": [-13.90319, -7.98133, -15.62489]
				},
				"finger2_right": {
					"rotation": [0, 0, -15]
				},
				"finger3_right": {
					"rotation": [9.25249, 3.81024, -22.19157]
				},
				"ribbon_right": {
					"rotation": [10.23772, -12.3071, -2.20462]
				},
				"bone": {
					"rotation": ["5+5*math.cos(q.anim_time*90*1-60)", 0, 0]
				},
				"bone2": {
					"rotation": ["5+2*math.cos(q.anim_time*90*1-60)", 0, 0]
				},
				"bone3": {
					"rotation": ["5+12*math.cos(q.anim_time*90*1-60)", 0, 0]
				}
			}
		},
		"animation.froslass_mega.ground_walk": {
			"loop": true,
			"bones": {
				"torso": {
					"rotation": ["7.5+3*math.cos(q.anim_time*90*1-30)", 0, "-0.1*math.sin(q.anim_time*90*1-10)"],
					"position": [0, "-0.325-1*math.cos(q.anim_time*90*1)", "-0.075+0.1*math.cos(q.anim_time*90*1)"]
				},
				"torso2": {
					"rotation": [-5, 0, 0]
				},
				"ribbon_left": {
					"rotation": [10.23772, 12.3071, 2.20462]
				},
				"torso3": {
					"rotation": [-2.5, 0, 0]
				},
				"neck": {
					"rotation": [5, 0, 0]
				},
				"head": {
					"rotation": ["5+3*math.cos(q.anim_time*90*1-30)", 0, 0]
				},
				"arm_left": {
					"rotation": [7.46485, 0.75939, "-14.941+2*math.cos(q.anim_time*90*1-60)"]
				},
				"arm_left2": {
					"rotation": ["5+2*math.cos(q.anim_time*90*1-60)", 0.32621, "-12.4786-2*math.cos(q.anim_time*90*1-60)"]
				},
				"arm_left3": {
					"rotation": ["-2.5+5*math.cos(q.anim_time*90*1-60)", 0, "-2*math.cos(q.anim_time*90*1-60)"],
					"position": [0, 0, 4],
					"scale": 2
				},
				"arm_left_back": {
					"rotation": [0, 7.5, 0]
				},
				"finger1_left": {
					"rotation": [-9.25249, 3.81024, 22.19157]
				},
				"finger2_left": {
					"rotation": [0, 0, 17.5]
				},
				"finger3_left": {
					"rotation": [14.89149, -9.29798, 31.28223]
				},
				"arm_right": {
					"rotation": ["7.5+2*math.cos(q.anim_time*90*1-60)", 0, "10+2*math.cos(q.anim_time*90*1-60)"]
				},
				"arm_right2": {
					"rotation": ["5+2*math.cos(q.anim_time*90*1-60)", 0, "10+2*math.cos(q.anim_time*90*1-60)"]
				},
				"arm_right3": {
					"rotation": ["-2.5+5*math.cos(q.anim_time*90*1-60)", 0, "10+2*math.cos(q.anim_time*90*1-60)"],
					"position": [0, 0, 4],
					"scale": 2
				},
				"arm_right_back": {
					"rotation": [0, "5+2*math.cos(q.anim_time*90*1-60)", 0]
				},
				"fingers_right": {
					"rotation": [-5, 0, 0]
				},
				"finger1_right": {
					"rotation": [-13.90319, -7.98133, -15.62489]
				},
				"finger2_right": {
					"rotation": [0, 0, -15]
				},
				"finger3_right": {
					"rotation": [9.25249, 3.81024, -22.19157]
				},
				"ribbon_right": {
					"rotation": [10.23772, -12.3071, -2.20462]
				},
				"bone": {
					"rotation": ["22.5+5*math.cos(q.anim_time*90*1-60)", 0, 0]
				},
				"bone2": {
					"rotation": ["5+2*math.cos(q.anim_time*90*1-60)", 0, 0]
				},
				"bone3": {
					"rotation": ["5+12*math.cos(q.anim_time*90*1-60)", 0, 0]
				}
			}
		}
	}
}