{
	"format_version": "1.12.0",
	"minecraft:geometry": [
		{
			"description": {
				"identifier": "geometry.emboar",
				"texture_width": 256,
				"texture_height": 256,
				"visible_bounds_width": 6,
				"visible_bounds_height": 6.5,
				"visible_bounds_offset": [0, 2.75, 0]
			},
			"bones": [
				{
					"name": "emboar",
					"pivot": [0, 0, 0]
				},
				{
					"name": "body",
					"parent": "emboar",
					"pivot": [0, 0, 0]
				},
				{
					"name": "torso",
					"parent": "body",
					"pivot": [0, 9, 0.5],
					"cubes": [
						{"origin": [-10.5, 8.5, -7.5], "size": [21, 5, 15], "uv": [0, 30]}
					]
				},
				{
					"name": "waist",
					"parent": "torso",
					"pivot": [0, 12.5, 0],
					"cubes": [
						{"origin": [-11, 12.3, -8.5], "size": [22, 13, 17], "uv": [0, 0]}
					]
				},
				{
					"name": "bone8",
					"parent": "waist",
					"pivot": [0, 12.5, 0]
				},
				{
					"name": "bone7",
					"parent": "bone8",
					"pivot": [0, 10.66141, -9.64674],
					"rotation": [-137.5, 0, 0],
					"cubes": [
						{"origin": [21.22522, 1.78982, -18.7472], "size": [0, 4, 11], "pivot": [15, 10.59031, -3.7472], "rotation": [-90, 55, -90], "uv": [114, 11]},
						{"origin": [-5.5, 6.58974, -18.24638], "size": [0, 4, 11], "pivot": [-5.5, 8.58974, -12.74638], "rotation": [-90, -55, 90], "uv": [66, 119]}
					]
				},
				{
					"name": "bone6",
					"parent": "bone8",
					"pivot": [0, 0, 0],
					"cubes": [
						{"origin": [21.22522, 3.8612, -15.64715], "size": [0, 4, 11], "pivot": [15, 12.6617, -0.64715], "rotation": [-90, 55, -90], "uv": [114, 11]},
						{"origin": [-5.5, 8.66112, -15.14633], "size": [0, 4, 11], "pivot": [-5.5, 10.66112, -9.64633], "rotation": [-90, -55, 90], "uv": [66, 119]}
					]
				},
				{
					"name": "bone9",
					"parent": "waist",
					"pivot": [0, 12.5, 0],
					"rotation": [-180, 0, 180]
				},
				{
					"name": "bone10",
					"parent": "bone9",
					"pivot": [0, 10.66141, -9.64674],
					"rotation": [-137.5, 0, 0]
				},
				{
					"name": "bone11",
					"parent": "bone9",
					"pivot": [0, 0, 0],
					"cubes": [
						{"origin": [21.22522, 3.8612, -15.64715], "size": [0, 4, 11], "pivot": [15, 12.6617, -0.64715], "rotation": [-90, 55, -90], "uv": [114, 11]},
						{"origin": [-5.5, 8.66112, -15.14633], "size": [0, 4, 11], "pivot": [-5.5, 10.66112, -9.64633], "rotation": [-90, -55, 90], "uv": [66, 119]}
					]
				},
				{
					"name": "bone12",
					"parent": "waist",
					"pivot": [3, 13.6, 0.1],
					"rotation": [0, -90, 0]
				},
				{
					"name": "bone13",
					"parent": "bone12",
					"pivot": [3, 11.76141, -9.54674],
					"rotation": [-137.5, 0, 0],
					"cubes": [
						{"origin": [24.22522, 2.88982, -18.6472], "size": [0, 4, 9], "pivot": [18, 11.69031, -3.6472], "rotation": [-90, 55, -90], "uv": [132, 44]},
						{"origin": [-2.5, 7.68974, -18.14638], "size": [0, 4, 9], "pivot": [-2.5, 9.68974, -12.64638], "rotation": [-90, -55, 90], "uv": [132, 57]}
					]
				},
				{
					"name": "bone14",
					"parent": "bone12",
					"pivot": [3, 1.1, 0.1],
					"cubes": [
						{"origin": [24.22522, 4.9612, -15.54715], "size": [0, 4, 9], "pivot": [18, 13.7617, -0.54715], "rotation": [-90, 55, -90], "uv": [132, 44]},
						{"origin": [-2.5, 9.76112, -15.04633], "size": [0, 4, 9], "pivot": [-2.5, 11.76112, -9.54633], "rotation": [-90, -55, 90], "uv": [132, 57]}
					]
				},
				{
					"name": "chest_tuft_left1",
					"parent": "waist",
					"pivot": [7.5, 25.3, -8.5],
					"rotation": [0, 0, -37.5],
					"cubes": [
						{"origin": [6.70665, 21.90876, -8.495], "size": [6, 4, 0], "pivot": [9.70665, 23.90876, -8.495], "rotation": [5, 0, 0], "uv": [16, 137]}
					]
				},
				{
					"name": "chest_tuft_right1",
					"parent": "waist",
					"pivot": [-7.5, 25.3, -8.5],
					"rotation": [0, 0, 37.5],
					"cubes": [
						{"origin": [-12.70665, 21.90876, -8.495], "size": [6, 4, 0], "pivot": [-9.70665, 23.90876, -8.495], "rotation": [5, 0, 0], "uv": [28, 140]}
					]
				},
				{
					"name": "chest_tuft_left2",
					"parent": "waist",
					"pivot": [8.5, 12.3, -8.5],
					"rotation": [0, 0, 42.5],
					"cubes": [
						{"origin": [6.05089, 11.55021, -8.495], "size": [5, 2, 0], "uv": [98, 70]}
					]
				},
				{
					"name": "chest_tuft_right2",
					"parent": "waist",
					"pivot": [-8.5, 12.3, -8.5],
					"rotation": [0, 0, -42.5],
					"cubes": [
						{"origin": [-11.05089, 11.55021, -8.495], "size": [5, 2, 0], "uv": [114, 39]}
					]
				},
				{
					"name": "chest_tuft_left4",
					"parent": "waist",
					"pivot": [8.5, 12.3, 8.5],
					"rotation": [0, 0, 42.5],
					"cubes": [
						{"origin": [6.05089, 11.55021, 8.495], "size": [5, 2, 0], "uv": [28, 125]}
					]
				},
				{
					"name": "chest_tuft_right4",
					"parent": "waist",
					"pivot": [-8.5, 12.3, 8.5],
					"rotation": [0, 0, -42.5],
					"cubes": [
						{"origin": [-11.05089, 11.55021, 8.495], "size": [5, 2, 0], "uv": [138, 36]}
					]
				},
				{
					"name": "chest_tuft_left5",
					"parent": "waist",
					"pivot": [2.5, 25.3, 8.5],
					"rotation": [0, 0, -37.5],
					"cubes": [
						{"origin": [0.11994, 23.12628, 8.495], "size": [6, 4, 0], "uv": [140, 95]}
					]
				},
				{
					"name": "chest_tuft_right5",
					"parent": "waist",
					"pivot": [-2.5, 25.3, 8.5],
					"rotation": [0, 0, 37.5],
					"cubes": [
						{"origin": [-6.11994, 23.12628, 8.495], "size": [6, 4, 0], "uv": [140, 99]}
					]
				},
				{
					"name": "chest",
					"parent": "waist",
					"pivot": [0, 25.3, 0],
					"cubes": [
						{"origin": [-8.5, 24, -7], "size": [17, 6, 14], "uv": [0, 50]}
					]
				},
				{
					"name": "locator_seat_1",
					"parent": "chest",
					"pivot": [0, 31, 5],
					"locators": {
						"seat_1": [0, 31, 5]
					}
				},
				{
					"name": "head",
					"parent": "chest",
					"pivot": [0, 30.75, 0.5],
					"cubes": [
						{"origin": [-5, 28.5, -4.5], "size": [10, 8, 9], "uv": [0, 96]},
						{"origin": [-0.7, 40.38623, 5.50138], "size": [1, 3, 0], "pivot": [-0.2, 42.88623, 5.50138], "rotation": [-10, 0, 0], "uv": [60, 70]},
						{"origin": [-4.2, 36.4394, 5.19361], "size": [8, 8, 0], "pivot": [0.8, 40.4394, 5.19361], "rotation": [-10, 0, 0], "uv": [0, 137]}
					]
				},
				{
					"name": "mouths",
					"parent": "head",
					"pivot": [1, 31.5, -0.5]
				},
				{
					"name": "mouth_smile",
					"parent": "mouths",
					"pivot": [1, 32, -0.4],
					"cubes": [
						{"origin": [-3, 31.5, -4.51], "size": [6, 1, 0], "inflate": 0.01, "uv": [20, 93]},
						{"origin": [-5, 32, -4.51], "size": [10, 1, 0], "inflate": 0.005, "uv": [108, 94]}
					]
				},
				{
					"name": "mouth_frown",
					"parent": "mouths",
					"pivot": [1, 32, -0.3],
					"cubes": [
						{"origin": [-3, 31.7, -4.41], "size": [6, 1, 0], "inflate": 0.01, "uv": [20, 94]},
						{"origin": [-5, 31.2, -4.41], "size": [10, 1, 0], "inflate": 0.005, "uv": [108, 95]}
					]
				},
				{
					"name": "mouth_neutral",
					"parent": "mouths",
					"pivot": [1, 32.2, -0.3],
					"cubes": [
						{"origin": [-5, 31.7, -4.41], "size": [10, 1, 0], "inflate": 0.005, "uv": [128, 94]}
					]
				},
				{
					"name": "mouth_open_curve_up",
					"parent": "mouths",
					"pivot": [1, 32, -5.4],
					"cubes": [
						{"origin": [-5, 29.5, -4.41], "size": [10, 3, 0], "inflate": 0.01, "uv": [36, 70]}
					]
				},
				{
					"name": "mouth_open_curve_down",
					"parent": "mouths",
					"pivot": [1, 32, -5.4],
					"cubes": [
						{"origin": [-5, 29.5, -4.41], "size": [10, 3, 0], "inflate": 0.01, "uv": [0, 93]}
					]
				},
				{
					"name": "tooth_left",
					"parent": "head",
					"pivot": [4.5, 32.5, -4.51],
					"cubes": [
						{"origin": [3.5, 32.5, -4.51], "size": [2, 3, 0], "inflate": 0.01, "pivot": [4.5, 32.5, -4.51], "rotation": [9.85108, -1.72794, 9.85108], "uv": [56, 70]},
						{"origin": [3.9, 32.5, -3.21], "size": [2, 6, 0], "inflate": 0.01, "pivot": [4.9, 32.5, -3.21], "rotation": [32.60212, -71.49487, -21.08612], "uv": [36, 144]}
					]
				},
				{
					"name": "tooth_right",
					"parent": "head",
					"pivot": [-4.5, 32.5, -4.51],
					"cubes": [
						{"origin": [-5.9, 32.5, -3.21], "size": [2, 6, 0], "inflate": 0.01, "pivot": [-4.9, 32.5, -3.21], "rotation": [32.60212, 71.49487, 21.08612], "uv": [142, 140]},
						{"origin": [-5.5, 32.5, -4.51], "size": [2, 3, 0], "inflate": 0.01, "pivot": [-4.5, 32.5, -4.51], "rotation": [9.85108, 1.72794, -9.85108], "uv": [56, 70], "mirror": true}
					]
				},
				{
					"name": "eyebrow_left",
					"parent": "head",
					"pivot": [1, 34.1, -4.5],
					"rotation": [0, 0, -25],
					"cubes": [
						{"origin": [1, 34, -4.5], "size": [4, 2, 0], "inflate": 0.025, "uv": [124, 39]}
					]
				},
				{
					"name": "eyebrow_right",
					"parent": "head",
					"pivot": [-1, 34.1, -4.5],
					"rotation": [0, 0, 25],
					"cubes": [
						{"origin": [-5, 34, -4.5], "size": [4, 2, 0], "inflate": 0.025, "uv": [142, 90]}
					]
				},
				{
					"name": "eyebrow_fur_left",
					"parent": "head",
					"pivot": [4.025, 35.5203, -4.32962],
					"rotation": [7.5, 0, 0],
					"cubes": [
						{"origin": [3.91635, 35.2412, 3.40839], "size": [0, 5, 3], "pivot": [4.66568, 38.0203, 3.18337], "rotation": [0, -52.5, 0], "uv": [72, 30]},
						{"origin": [4.031, 35.5203, -4.32962], "size": [0, 5, 8], "uv": [90, 135], "mirror": true}
					]
				},
				{
					"name": "eyebrow_fur_right",
					"parent": "head",
					"pivot": [-4.025, 35.5203, -4.32962],
					"rotation": [7.5, 0, 0],
					"cubes": [
						{"origin": [-4.031, 35.5203, -4.32962], "size": [0, 5, 8], "uv": [90, 135]},
						{"origin": [-3.91635, 35.2412, 3.40839], "size": [0, 5, 3], "pivot": [-4.66568, 38.0203, 3.18337], "rotation": [0, 52.5, 0], "uv": [16, 141]}
					]
				},
				{
					"name": "nose",
					"parent": "head",
					"pivot": [0, 33.25, -4.51],
					"cubes": [
						{"origin": [-1.5, 32.05, -5.5], "size": [3, 2, 2], "uv": [28, 113]},
						{"origin": [-1.5, 32.45, -5.5], "size": [3, 1, 0], "inflate": 0.005, "uv": [72, 38]}
					]
				},
				{
					"name": "eye_left",
					"parent": "head",
					"pivot": [2.01, 34, -4.01],
					"cubes": [
						{"origin": [1.5, 33.5, -4.5], "size": [2, 2, 0], "inflate": 0.005, "uv": [32, 93]}
					]
				},
				{
					"name": "pupil_left",
					"parent": "eye_left",
					"pivot": [2.2, 34.5, -4],
					"cubes": [
						{"origin": [1.8, 34, -4.5], "size": [1, 1, 0], "inflate": 0.01, "uv": [76, 41]}
					]
				},
				{
					"name": "eyelid_left",
					"parent": "eye_left",
					"pivot": [-0.5, 30.5, -0.4],
					"cubes": [
						{"origin": [1.5, 33.5, -4.4], "size": [2, 2, 0], "inflate": 0.015, "uv": [40, 144]}
					]
				},
				{
					"name": "eyelid_unamused_left",
					"parent": "eye_left",
					"pivot": [-0.5, 30.5, -0.6],
					"cubes": [
						{"origin": [1.5, 33.5, -4.4], "size": [2, 2, 0], "inflate": 0.015, "uv": [44, 144]}
					]
				},
				{
					"name": "eyelid_sad_left",
					"parent": "eye_left",
					"pivot": [-0.5, 30.5, -0.6],
					"cubes": [
						{"origin": [1.5, 33.5, -4.4], "size": [2, 2, 0], "inflate": 0.015, "uv": [48, 144]}
					]
				},
				{
					"name": "eyelid_happy_left",
					"parent": "eye_left",
					"pivot": [-0.5, 30.5, -0.4],
					"cubes": [
						{"origin": [1.5, 33.5, -4.4], "size": [2, 2, 0], "inflate": 0.015, "uv": [52, 144]},
						{"origin": [1, 33.5, -4.4], "size": [3, 1, 0], "inflate": 0.02, "uv": [72, 39]},
						{"origin": [2, 34, -4.4], "size": [1, 1, 0], "inflate": 0.02, "uv": [24, 95]}
					]
				},
				{
					"name": "eyelid_recoil_left",
					"parent": "eye_left",
					"pivot": [-0.5, 30.5, -0.4],
					"cubes": [
						{"origin": [1.5, 33.5, -4.4], "size": [2, 2, 0], "inflate": 0.015, "uv": [56, 144]},
						{"origin": [2, 34, -4.4], "size": [2, 1, 0], "inflate": 0.02, "uv": [72, 41]},
						{"origin": [1, 33.5, -4.4], "size": [1, 1, 0], "inflate": 0.02, "uv": [26, 95]}
					]
				},
				{
					"name": "eye_right",
					"parent": "head",
					"pivot": [-2.01, 34, -4.01],
					"cubes": [
						{"origin": [-3.5, 33.5, -4.5], "size": [2, 2, 0], "inflate": 0.005, "uv": [60, 144]}
					]
				},
				{
					"name": "pupil_right",
					"parent": "eye_right",
					"pivot": [-2.2, 34.5, -4],
					"cubes": [
						{"origin": [-2.8, 34, -4.5], "size": [1, 1, 0], "inflate": 0.01, "uv": [28, 95]}
					]
				},
				{
					"name": "eyelid_right",
					"parent": "eye_right",
					"pivot": [0.5, 30.5, -0.4],
					"cubes": [
						{"origin": [-3.5, 33.5, -4.4], "size": [2, 2, 0], "inflate": 0.015, "uv": [64, 144]}
					]
				},
				{
					"name": "eyelid_unamused_right",
					"parent": "eye_right",
					"pivot": [0.5, 30.5, -0.6],
					"cubes": [
						{"origin": [-3.5, 33.5, -4.4], "size": [2, 2, 0], "inflate": 0.015, "uv": [144, 129]}
					]
				},
				{
					"name": "eyelid_sad_right",
					"parent": "eye_right",
					"pivot": [0.5, 30.5, -0.6],
					"cubes": [
						{"origin": [-3.5, 33.5, -4.4], "size": [2, 2, 0], "inflate": 0.015, "uv": [144, 131]}
					]
				},
				{
					"name": "eyelid_happy_right",
					"parent": "eye_right",
					"pivot": [0.5, 30.5, -0.4],
					"cubes": [
						{"origin": [-3.5, 33.5, -4.4], "size": [2, 2, 0], "inflate": 0.015, "uv": [144, 133]},
						{"origin": [-4, 33.5, -4.4], "size": [3, 1, 0], "inflate": 0.02, "uv": [72, 40]},
						{"origin": [-3, 34, -4.4], "size": [1, 1, 0], "inflate": 0.02, "uv": [30, 95]}
					]
				},
				{
					"name": "eyelid_recoil_right",
					"parent": "eye_right",
					"pivot": [0.5, 30.5, -0.4],
					"cubes": [
						{"origin": [-3.5, 33.5, -4.4], "size": [2, 2, 0], "inflate": 0.015, "uv": [68, 145]},
						{"origin": [-4, 34, -4.4], "size": [2, 1, 0], "inflate": 0.02, "uv": [20, 95]},
						{"origin": [-2, 33.5, -4.4], "size": [1, 1, 0], "inflate": 0.02, "uv": [32, 95]}
					]
				},
				{
					"name": "shoulder_left",
					"parent": "chest",
					"pivot": [7.5, 29, 0],
					"cubes": [
						{"origin": [6, 25.5, -3.5], "size": [5, 6, 7], "uv": [114, 26]}
					]
				},
				{
					"name": "arm_left",
					"parent": "shoulder_left",
					"pivot": [11, 27.5, 0],
					"cubes": [
						{"origin": [9, 25, -2.5], "size": [12, 5, 5], "uv": [106, 96]}
					]
				},
				{
					"name": "arm_left2",
					"parent": "arm_left",
					"pivot": [21, 27.5, 1],
					"cubes": [
						{"origin": [21, 24, -4], "size": [9, 7, 8], "uv": [38, 96]}
					]
				},
				{
					"name": "arm_fur_left",
					"parent": "arm_left2",
					"pivot": [22, 31, 1.5],
					"cubes": [
						{"origin": [15, 31, -0.5], "size": [8, 0, 4], "uv": [72, 42]}
					]
				},
				{
					"name": "arm_fur_left2",
					"parent": "arm_left2",
					"pivot": [22, 26, 4],
					"cubes": [
						{"origin": [15, 24, 4], "size": [8, 4, 0], "uv": [138, 28]}
					]
				},
				{
					"name": "hand_left",
					"parent": "arm_left2",
					"pivot": [30, 27.5, 0],
					"cubes": [
						{"origin": [29, 24.5, -3.5], "size": [4, 6, 7], "inflate": 0.005, "uv": [124, 116]}
					]
				},
				{
					"name": "bone18",
					"parent": "hand_left",
					"pivot": [34.5, 26.97379, -8.03597],
					"rotation": [90, 0, -90]
				},
				{
					"name": "bone19",
					"parent": "bone18",
					"pivot": [33.85, 26.97379, -8.03597],
					"cubes": [
						{"origin": [33.95, 4.37379, -8.53597], "size": [1, 4, 1], "pivot": [33.85, 5.97379, -8.03597], "rotation": [0, 0, -2.5], "uv": [24, 184]},
						{"origin": [21.2837, 42.03711, -8.53597], "size": [1, 4, 1], "pivot": [23.2837, 48.33711, -8.03597], "rotation": [0, 0, -147.5], "uv": [24, 184]},
						{"origin": [22.6837, 42.43711, -8.53597], "size": [1, 4, 1], "pivot": [24.6837, 48.73711, -8.03597], "rotation": [0, 0, -147.5], "uv": [24, 184]},
						{"origin": [23.2837, 41.63711, -8.53597], "size": [1, 3, 1], "pivot": [25.2837, 47.93711, -8.03597], "rotation": [0, 0, -147.5], "uv": [24, 184]},
						{"origin": [34.65, 7.37379, -8.53597], "size": [1, 4, 1], "pivot": [34.55, 8.97379, -8.03597], "rotation": [0, 0, -2.5], "uv": [24, 184]},
						{"origin": [33.95, 7.37379, -8.53597], "size": [1, 4, 1], "pivot": [33.85, 8.97379, -8.03597], "rotation": [0, 0, -2.5], "uv": [24, 184]},
						{"origin": [33.95, 10.37379, -8.53597], "size": [1, 4, 1], "pivot": [33.85, 11.97379, -8.03597], "rotation": [0, 0, -2.5], "uv": [24, 184]},
						{"origin": [33.55, 14.27379, -8.53597], "size": [1, 4, 1], "pivot": [33.45, 15.87379, -8.03597], "rotation": [0, 0, -2.5], "uv": [24, 184]},
						{"origin": [33.55, 18.27379, -8.53597], "size": [1, 4, 1], "pivot": [33.45, 19.87379, -8.03597], "rotation": [0, 0, -2.5], "uv": [24, 184]},
						{"origin": [33.05, 24.07379, -8.53597], "size": [1, 4, 1], "pivot": [32.95, 25.67379, -8.03597], "rotation": [0, 0, -2.5], "uv": [24, 184]},
						{"origin": [33.55, 26.67379, -8.53597], "size": [1, 4, 1], "pivot": [33.45, 28.27379, -8.03597], "rotation": [0, 0, -2.5], "uv": [24, 184]},
						{"origin": [32.85, 29.47379, -8.53597], "size": [1, 4, 1], "pivot": [32.75, 31.07379, -8.03597], "rotation": [0, 0, -2.5], "uv": [24, 184]},
						{"origin": [31.95, 30.47379, -8.53597], "size": [1, 5, 1], "pivot": [31.85, 32.07379, -8.03597], "rotation": [0, 0, -2.5], "uv": [24, 184]},
						{"origin": [31.15, 32.07379, -8.53597], "size": [1, 2, 1], "pivot": [31.05, 33.67379, -8.03597], "rotation": [0, 0, -2.5], "uv": [24, 184]},
						{"origin": [32.85, 29.47379, -8.53597], "size": [1, 7, 1], "pivot": [32.75, 31.07379, -8.03597], "rotation": [0, 0, -2.5], "uv": [24, 184]},
						{"origin": [33.45, 31.47379, -8.53597], "size": [1, 7, 1], "pivot": [33.35, 33.07379, -8.03597], "rotation": [0, 0, -2.5], "uv": [24, 184]},
						{"origin": [33.95, 32.47379, -8.53597], "size": [1, 6, 1], "pivot": [33.85, 34.07379, -8.03597], "rotation": [0, 0, -2.5], "uv": [24, 184]},
						{"origin": [32.95, 36.87379, -8.53597], "size": [2, 2, 1], "pivot": [32.85, 33.47379, -8.03597], "rotation": [0, 0, -2.5], "uv": [24, 184]},
						{"origin": [34.95, 34.47379, -8.53597], "size": [1, 3, 1], "pivot": [34.85, 34.07379, -8.03597], "rotation": [0, 0, -2.5], "uv": [24, 184]},
						{"origin": [34.85, 34.67379, -8.53597], "size": [1, 3, 1], "pivot": [34.75, 34.27379, -8.03597], "rotation": [0, 0, -2.5], "uv": [24, 184]},
						{"origin": [35.05, 35.57379, -8.53597], "size": [1, 1, 1], "pivot": [34.95, 35.17379, -8.03597], "rotation": [0, 0, -2.5], "uv": [24, 184]},
						{"origin": [32.05, 38.27379, -8.53597], "size": [2, 2, 1], "pivot": [31.95, 34.87379, -8.03597], "rotation": [0, 0, -2.5], "uv": [24, 184]},
						{"origin": [31.25, 39.37379, -8.53597], "size": [2, 2, 1], "pivot": [31.15, 35.97379, -8.03597], "rotation": [0, 0, -2.5], "uv": [24, 184]},
						{"origin": [31.75, 41.27379, -8.53597], "size": [2, 1, 1], "pivot": [31.65, 37.87379, -8.03597], "rotation": [0, 0, -2.5], "uv": [24, 184]},
						{"origin": [31.85, 42.27379, -8.53597], "size": [2, 1, 1], "pivot": [31.75, 38.87379, -8.03597], "rotation": [0, 0, -2.5], "uv": [24, 184]},
						{"origin": [32.65, 42.87379, -8.53597], "size": [2, 1, 1], "pivot": [32.55, 39.47379, -8.03597], "rotation": [0, 0, -2.5], "uv": [24, 184]},
						{"origin": [24.4837, 41.63711, -8.53597], "size": [1, 3, 1], "pivot": [26.4837, 47.93711, -8.03597], "rotation": [0, 0, -147.5], "uv": [24, 184]},
						{"origin": [25.5837, 41.63711, -8.53597], "size": [1, 3, 1], "pivot": [27.5837, 47.93711, -8.03597], "rotation": [0, 0, -147.5], "uv": [24, 184]},
						{"origin": [25.9837, 36.63711, -8.53597], "size": [1, 7, 1], "pivot": [27.9837, 46.93711, -8.03597], "rotation": [0, 0, -147.5], "uv": [24, 184]},
						{"origin": [25.0837, 36.23711, -8.53597], "size": [1, 7, 1], "pivot": [27.9837, 46.93711, -8.03597], "rotation": [0, 0, -147.5], "uv": [24, 184]},
						{"origin": [24.0837, 36.23711, -8.53597], "size": [1, 4, 1], "pivot": [27.9837, 46.93711, -8.03597], "rotation": [0, 0, -147.5], "uv": [24, 184]},
						{"origin": [21.0837, 36.23711, -8.53597], "size": [1, 1, 1], "pivot": [27.9837, 46.93711, -8.03597], "rotation": [0, 0, -147.5], "uv": [24, 184]},
						{"origin": [23.0837, 36.23711, -8.53597], "size": [1, 2, 1], "pivot": [27.9837, 46.93711, -8.03597], "rotation": [0, 0, -147.5], "uv": [24, 184]},
						{"origin": [22.0837, 36.23711, -8.53597], "size": [1, 1, 1], "pivot": [27.9837, 46.93711, -8.03597], "rotation": [0, 0, -147.5], "uv": [24, 184]},
						{"origin": [22.0837, 36.73711, -8.53597], "size": [1, 1, 1], "pivot": [27.9837, 46.93711, -8.03597], "rotation": [0, 0, -147.5], "uv": [24, 184]},
						{"origin": [32.85, 43.87379, -8.53597], "size": [2, 1, 1], "pivot": [32.55, 39.47379, -8.03597], "rotation": [0, 0, -2.5], "uv": [24, 184]},
						{"origin": [32.55, 44.77379, -8.53597], "size": [3, 1, 1], "pivot": [32.55, 39.47379, -8.03597], "rotation": [0, 0, -2.5], "uv": [24, 184]},
						{"origin": [32.55, 45.77379, -8.53597], "size": [3, 1, 1], "pivot": [32.55, 39.47379, -8.03597], "rotation": [0, 0, -2.5], "uv": [24, 184]},
						{"origin": [32.25, 46.77379, -8.53597], "size": [3, 1, 1], "pivot": [32.55, 39.47379, -8.03597], "rotation": [0, 0, -2.5], "uv": [24, 184]},
						{"origin": [31.85, 47.77379, -8.53597], "size": [3, 1, 1], "pivot": [32.55, 39.47379, -8.03597], "rotation": [0, 0, -2.5], "uv": [24, 184]},
						{"origin": [31.85, 48.77379, -8.53597], "size": [3, 1, 1], "pivot": [32.55, 39.47379, -8.03597], "rotation": [0, 0, -2.5], "uv": [24, 184]},
						{"origin": [31.85, 49.77379, -8.53597], "size": [3, 1, 1], "pivot": [32.55, 39.47379, -8.03597], "rotation": [0, 0, -2.5], "uv": [24, 184]}
					]
				},
				{
					"name": "bone20",
					"parent": "bone18",
					"pivot": [35.15, 26.97379, -8.03597],
					"cubes": [
						{"origin": [34.65, 2.97379, -8.53597], "size": [1, 4, 1], "inflate": 0.1, "pivot": [35.15, 4.97379, -8.03597], "rotation": [0, 0, 2.5], "uv": [2, 183]},
						{"origin": [33.89608, 2.50311, -8.53597], "size": [1, 3, 1], "inflate": 0.1, "pivot": [34.09608, 4.40311, -8.03597], "rotation": [0, 0, -22.5], "uv": [2, 183]},
						{"origin": [35.07327, 5.62274, -8.53597], "size": [1, 3, 1], "inflate": 0.1, "pivot": [35.57327, 8.52274, -8.03597], "rotation": [0, 0, 12.5], "uv": [2, 183]},
						{"origin": [35.0879, 8.49043, -8.53597], "size": [1, 2, 1], "inflate": 0.1, "pivot": [35.5879, 8.39043, -8.03597], "rotation": [0, 0, -2.5], "uv": [2, 183]},
						{"origin": [35.65045, 10.45709, -8.53597], "size": [1, 2, 1], "inflate": 0.1, "pivot": [36.15045, 8.35709, -8.03597], "rotation": [0, 0, -17.5], "uv": [2, 183]},
						{"origin": [33.63222, 5.37835, -8.53597], "size": [1, 3, 1], "inflate": 0.1, "pivot": [33.83222, 4.27835, -8.03597], "rotation": [0, 0, -7.5], "uv": [2, 183]},
						{"origin": [33.35165, 8.20756, -8.53597], "size": [1, 3, 1], "inflate": 0.1, "pivot": [33.85165, 9.70756, -8.03597], "rotation": [0, 0, 10], "uv": [2, 183]},
						{"origin": [33.29172, 10.95417, -8.53597], "size": [1, 3, 1], "inflate": 0.1, "pivot": [33.79172, 12.45417, -8.03597], "rotation": [0, 0, -12.5], "uv": [2, 183]},
						{"origin": [33.10774, 13.85968, -8.53597], "size": [1, 2, 1], "inflate": 0.1, "pivot": [33.60774, 12.35968, -8.03597], "rotation": [0, 0, -5], "uv": [2, 183]},
						{"origin": [32.8046, 15.80278, -8.53597], "size": [1, 4, 1], "inflate": 0.1, "uv": [2, 183]},
						{"origin": [34.79613, 12.17615, -8.53597], "size": [1, 2, 1], "inflate": 0.1, "pivot": [35.29613, 8.07615, -8.03597], "rotation": [0, 0, -5], "uv": [2, 183]},
						{"origin": [33.99983, 14.09336, -8.53597], "size": [1, 2, 1], "inflate": 0.1, "pivot": [34.49983, 7.99336, -8.03597], "rotation": [0, 0, 2.5], "uv": [2, 183]},
						{"origin": [34.70646, 16.04974, -8.53597], "size": [1, 5, 1], "inflate": 0.1, "pivot": [35.20646, 7.94974, -8.03597], "rotation": [0, 0, -2.5], "uv": [2, 183]},
						{"origin": [32.14903, 19.78775, -8.53597], "size": [1, 3, 1], "inflate": 0.1, "pivot": [32.64903, 12.28775, -8.03597], "rotation": [0, 0, 5], "uv": [2, 183]},
						{"origin": [33.82177, 20.9153, -8.53597], "size": [1, 3, 1], "inflate": 0.1, "pivot": [34.32177, 22.4153, -8.03597], "rotation": [0, 0, -12.5], "uv": [2, 183]},
						{"origin": [32.69107, 22.52369, -8.53597], "size": [1, 4, 1], "inflate": 0.1, "pivot": [33.19107, 24.02369, -8.03597], "rotation": [0, 0, -15], "uv": [2, 183]},
						{"origin": [33.63779, 23.82081, -8.53597], "size": [1, 1, 1], "inflate": 0.1, "pivot": [34.13779, 22.32081, -8.03597], "rotation": [0, 0, -5], "uv": [2, 183]},
						{"origin": [33.09121, 24.72385, -8.53597], "size": [1, 1, 1], "inflate": 0.1, "pivot": [33.59121, 22.22385, -8.03597], "rotation": [0, 0, 7.5], "uv": [2, 183]},
						{"origin": [31.17585, 26.28885, -8.53597], "size": [1, 3, 1], "inflate": 0.1, "pivot": [31.67585, 23.78885, -8.03597], "rotation": [0, 0, 20], "uv": [2, 183]},
						{"origin": [32.3251, 25.79923, -8.53597], "size": [1, 3, 1], "inflate": 0.1, "pivot": [32.8251, 22.29923, -8.03597], "rotation": [0, 0, 20], "uv": [2, 183]},
						{"origin": [34.51808, 28.23623, -8.53597], "size": [1, 1, 1], "inflate": 0.1, "uv": [2, 183]},
						{"origin": [34.74748, 29.08294, -8.53597], "size": [1, 3, 1], "inflate": 0.1, "pivot": [35.24748, 28.58294, -8.03597], "rotation": [0, 0, -22.5], "uv": [2, 183]},
						{"origin": [31.76187, 28.12598, -8.53597], "size": [1, 5, 1], "inflate": 0.1, "pivot": [32.26187, 30.62598, -8.03597], "rotation": [0, 0, -32.5], "uv": [2, 183]},
						{"origin": [30.92345, 32.59062, -8.53597], "size": [1, 1, 1], "inflate": 0.1, "pivot": [31.42345, 30.09062, -8.03597], "rotation": [0, 0, -10], "uv": [2, 183]},
						{"origin": [28.36442, 33.7301, -8.53597], "size": [1, 4, 1], "inflate": 0.1, "pivot": [28.86442, 30.2301, -8.03597], "rotation": [0, 0, 32.5], "uv": [2, 183]},
						{"origin": [31.77354, 31.78977, -8.53597], "size": [1, 6, 1], "inflate": 0.1, "pivot": [32.27354, 28.28977, -8.03597], "rotation": [0, 0, 27.5], "uv": [2, 183]},
						{"origin": [32.46231, 36.39926, -8.53597], "size": [1, 1, 1], "inflate": 0.1, "pivot": [32.96231, 36.89926, -8.03597], "rotation": [0, 0, 15], "uv": [2, 183]},
						{"origin": [34.29227, 35.46224, -8.53597], "size": [1, 6, 1], "inflate": 0.1, "pivot": [34.79227, 38.46224, -8.03597], "rotation": [0, 0, -40], "uv": [2, 183]},
						{"origin": [32.98239, 37.05175, -8.53597], "size": [1, 4, 1], "inflate": 0.1, "pivot": [33.48239, 36.55175, -8.03597], "rotation": [0, 0, -37.5], "uv": [2, 183]},
						{"origin": [30.42551, 39.91188, -8.53597], "size": [1, 1, 1], "inflate": 0.1, "pivot": [30.92551, 39.41188, -8.03597], "rotation": [0, 0, -10], "uv": [2, 183]},
						{"origin": [32.95372, 41.98528, -8.53597], "size": [4, 1, 1], "inflate": 0.1, "pivot": [33.45372, 39.48528, -8.03597], "rotation": [0, 0, -60], "uv": [2, 183]},
						{"origin": [33.70189, 39.94659, -8.53597], "size": [1, 5, 1], "inflate": 0.1, "pivot": [34.20189, 42.94659, -8.03597], "rotation": [0, 0, 25], "uv": [2, 183]},
						{"origin": [34.82407, 47.39638, -8.53597], "size": [6, 1, 1], "inflate": 0.1, "pivot": [35.32407, 44.89638, -8.03597], "rotation": [0, 0, -105], "uv": [2, 183]},
						{"origin": [34.07926, 44.70352, -8.53597], "size": [1, 1, 1], "inflate": 0.1, "pivot": [34.57926, 42.70352, -8.03597], "rotation": [0, 0, 12.5], "uv": [2, 183]},
						{"origin": [35.37789, 45.48709, -8.53597], "size": [1, 5, 1], "inflate": 0.1, "pivot": [35.87789, 42.48709, -8.03597], "rotation": [0, 0, -12.5], "uv": [2, 183]},
						{"origin": [30.89191, 50.50068, -8.53597], "size": [1, 1, 1], "inflate": 0.1, "pivot": [31.39191, 42.50068, -8.03597], "rotation": [0, 0, 20], "uv": [2, 183]},
						{"origin": [34.61627, 50.19591, -8.53597], "size": [1, 2, 1], "inflate": 0.1, "pivot": [35.11627, 51.19591, -8.03597], "rotation": [0, 0, 60], "uv": [2, 183]},
						{"origin": [34.30612, 52.50268, -8.53597], "size": [1, 1, 1], "inflate": 0.1, "pivot": [34.80612, 51.50268, -8.03597], "rotation": [0, 0, 82.5], "uv": [2, 183]},
						{"origin": [37.17636, 50.6742, -8.53597], "size": [1, 2, 1], "inflate": 0.1, "pivot": [37.67636, 51.6742, -8.03597], "rotation": [0, 0, 95], "uv": [2, 183]},
						{"origin": [37.1287, 53.34491, -8.53597], "size": [1, 2, 1], "inflate": 0.1, "pivot": [37.6287, 52.34491, -8.03597], "rotation": [0, 0, 130], "uv": [2, 183]},
						{"origin": [39.68466, 49.9391, -8.53597], "size": [1, 1, 1], "inflate": 0.1, "pivot": [40.18466, 50.4391, -8.03597], "rotation": [0, 0, 100], "uv": [2, 183]},
						{"origin": [38.05126, 49.6703, -8.53597], "size": [2, 1, 1], "inflate": 0.1, "pivot": [40.55126, 50.1703, -8.03597], "rotation": [0, 0, 62.5], "uv": [1, 183]},
						{"origin": [37.26195, 49.74157, -8.53597], "size": [1, 1, 1], "inflate": 0.1, "pivot": [40.76195, 50.24157, -8.03597], "rotation": [0, 0, 57.5], "uv": [2, 183]},
						{"origin": [35.19105, 53.0777, -8.53597], "size": [4, 1, 1], "inflate": 0.1, "pivot": [38.19105, 53.5777, -8.03597], "rotation": [0, 0, 32.5], "uv": [-1, 183]},
						{"origin": [33.92953, 54.61129, -8.53597], "size": [2, 1, 1], "inflate": 0.1, "uv": [1, 183]},
						{"origin": [29.91306, 53.61688, -8.53597], "size": [5, 1, 1], "inflate": 0.1, "pivot": [33.41306, 54.11688, -8.03597], "rotation": [0, 0, -52.5], "uv": [-2, 183]},
						{"origin": [30.27864, 49.06193, -8.53597], "size": [1, 1, 1], "inflate": 0.1, "pivot": [30.77864, 49.56193, -8.03597], "rotation": [0, 0, -135], "uv": [2, 183]},
						{"origin": [31.73316, 49.22736, -8.53597], "size": [4, 1, 1], "inflate": 0.1, "pivot": [31.23316, 49.72736, -8.03597], "rotation": [0, 0, -175], "uv": [2, 183]},
						{"origin": [35.35777, 52.11381, -8.53597], "size": [2, 1, 1], "inflate": 0.1, "pivot": [30.85777, 52.61381, -8.03597], "rotation": [0, 0, 147.5], "uv": [2, 183]},
						{"origin": [23.89499, 47.94532, -8.53597], "size": [1, 1, 1], "inflate": 0.1, "pivot": [24.89499, 48.44532, -8.03597], "rotation": [0, 0, 127.5], "uv": [2, 183]},
						{"origin": [23.17379, 47.6227, -8.53597], "size": [1, 1, 1], "inflate": 0.1, "pivot": [24.17379, 48.1227, -8.03597], "rotation": [0, 0, 152.5], "uv": [2, 183]},
						{"origin": [22.7719, 45.59636, -8.53597], "size": [1, 2, 1], "inflate": 0.1, "pivot": [23.7719, 48.09636, -8.03597], "rotation": [0, 0, -160], "uv": [2, 183]},
						{"origin": [22.2837, 42.83711, -8.53597], "size": [1, 3, 1], "inflate": 0.1, "pivot": [23.2837, 48.33711, -8.03597], "rotation": [0, 0, -147.5], "uv": [2, 183]},
						{"origin": [27.31978, 51.44997, -8.53597], "size": [1, 3, 1], "inflate": 0.1, "pivot": [27.81978, 52.94997, -8.03597], "rotation": [0, 0, -107.5], "uv": [2, 183]},
						{"origin": [27.05096, 49.69487, -8.53597], "size": [1, 3, 1], "inflate": 0.1, "pivot": [27.55096, 54.19487, -8.03597], "rotation": [0, 0, -60], "uv": [2, 183]}
					]
				},
				{
					"name": "finger_left1",
					"parent": "hand_left",
					"pivot": [33, 27.05, -2.25],
					"rotation": [12.5, 0, 0],
					"cubes": [
						{"origin": [32, 26.05, -3.25], "size": [3, 2, 2], "uv": [28, 117]},
						{"origin": [35, 27.05, -3.25], "size": [2, 0, 2], "pivot": [35, 27.05, -3.25], "rotation": [0, -15, 0], "uv": [142, 92]}
					]
				},
				{
					"name": "finger_left2",
					"parent": "hand_left",
					"pivot": [33, 29.14748, -0.26857],
					"rotation": [-10, 0, 0],
					"cubes": [
						{"origin": [32, 28.14748, -1.26857], "size": [3, 2, 2], "uv": [28, 121]},
						{"origin": [35, 28.14748, -0.26857], "size": [2, 2, 0], "pivot": [35, 30.14748, -0.26857], "rotation": [0, 0, 15], "uv": [72, 145]}
					]
				},
				{
					"name": "finger_left3",
					"parent": "hand_left",
					"pivot": [33, 28.55, 2.25],
					"rotation": [-30, 0, 0],
					"cubes": [
						{"origin": [32, 27.55, 1.25], "size": [3, 2, 2], "uv": [40, 140]},
						{"origin": [35, 27.55, 2.25], "size": [2, 2, 0], "pivot": [35, 29.55, 2.25], "rotation": [0, 0, 15], "uv": [76, 145]}
					]
				},
				{
					"name": "shoulder_right",
					"parent": "chest",
					"pivot": [-7.5, 29, 0],
					"cubes": [
						{"origin": [-11, 25.5, -3.5], "size": [5, 6, 7], "uv": [100, 116]}
					]
				},
				{
					"name": "arm_right",
					"parent": "shoulder_right",
					"pivot": [-11, 27.5, 0],
					"cubes": [
						{"origin": [-21, 25, -2.5], "size": [12, 5, 5], "uv": [106, 106]}
					]
				},
				{
					"name": "arm_right2",
					"parent": "arm_right",
					"pivot": [-21, 27.5, 1],
					"cubes": [
						{"origin": [-30, 24, -4], "size": [9, 7, 8], "uv": [72, 96]}
					]
				},
				{
					"name": "arm_fur_right",
					"parent": "arm_right2",
					"pivot": [-22, 31, 1.5],
					"cubes": [
						{"origin": [-23, 31, -0.5], "size": [8, 0, 4], "uv": [72, 46]}
					]
				},
				{
					"name": "arm_fur_right2",
					"parent": "arm_right2",
					"pivot": [-22, 26, 4],
					"cubes": [
						{"origin": [-23, 24, 4], "size": [8, 4, 0], "uv": [138, 32]}
					]
				},
				{
					"name": "hand_right",
					"parent": "arm_right2",
					"pivot": [-30, 27.5, 0],
					"cubes": [
						{"origin": [-33, 24.5, -3.5], "size": [4, 6, 7], "inflate": 0.005, "uv": [28, 127]}
					]
				},
				{
					"name": "finger_right1",
					"parent": "hand_right",
					"pivot": [-33, 27.05, -2.25],
					"rotation": [12.5, 0, 0],
					"cubes": [
						{"origin": [-35, 26.05, -3.25], "size": [3, 2, 2], "uv": [140, 103]},
						{"origin": [-37, 27.05, -3.25], "size": [2, 0, 2], "pivot": [-35, 27.05, -3.25], "rotation": [0, 15, 0], "uv": [28, 144]}
					]
				},
				{
					"name": "finger_right2",
					"parent": "hand_right",
					"pivot": [-33, 29.14748, -0.26857],
					"rotation": [-10, 0, 0],
					"cubes": [
						{"origin": [-35, 28.14748, -1.26857], "size": [3, 2, 2], "uv": [140, 107]},
						{"origin": [-37, 28.14748, -0.26857], "size": [2, 2, 0], "pivot": [-35, 30.14748, -0.26857], "rotation": [0, 0, -15], "uv": [80, 145]}
					]
				},
				{
					"name": "finger_right3",
					"parent": "hand_right",
					"pivot": [-33, 28.55, 2.25],
					"rotation": [-30, 0, 0],
					"cubes": [
						{"origin": [-35, 27.55, 1.25], "size": [3, 2, 2], "uv": [140, 111]},
						{"origin": [-37, 27.55, 2.25], "size": [2, 2, 0], "pivot": [-35, 29.55, 2.25], "rotation": [0, 0, -15], "uv": [84, 145]}
					]
				},
				{
					"name": "fire",
					"parent": "chest",
					"pivot": [-0.5, 19.5, 1]
				},
				{
					"name": "fire_left",
					"parent": "fire",
					"pivot": [6.98454, 29.79097, -0.1799],
					"rotation": [-2.05198, 4.75279, 10.01683],
					"cubes": [
						{"origin": [5.68454, 29.29097, -4.9799], "size": [3, 5, 11], "inflate": 0.2, "uv": [108, 70]},
						{"origin": [6.48454, 29.29097, -8.1799], "size": [0, 5, 18], "uv": [62, 50]}
					]
				},
				{
					"name": "bone",
					"parent": "fire_left",
					"pivot": [6.48454, 33.79097, 0.7701],
					"rotation": [0, 0, 17.5],
					"cubes": [
						{"origin": [5.42033, 34.25787, -4.9799], "size": [3, 5, 11], "inflate": 0.1, "uv": [108, 70]},
						{"origin": [6.78148, 35.15998, -8.1799], "size": [0, 5, 18], "uv": [62, 50]}
					]
				},
				{
					"name": "fire_left2",
					"parent": "bone",
					"pivot": [6.44092, 38.29097, 0.91915],
					"cubes": [
						{"origin": [5.73786, 39.15998, -1.18085], "size": [2, 3, 7], "uv": [106, 135]},
						{"origin": [6.73786, 39.15998, -8.18085], "size": [0, 3, 18], "uv": [78, 0]}
					]
				},
				{
					"name": "fire_left_3",
					"parent": "fire_left2",
					"pivot": [6.44092, 41.29097, 0.91915],
					"cubes": [
						{"origin": [6.73786, 42.15998, -8.18085], "size": [0, 5, 18], "uv": [0, 70]}
					]
				},
				{
					"name": "fire_right",
					"parent": "fire",
					"pivot": [-6.98454, 29.79097, -0.1799],
					"rotation": [-2.05198, -4.75279, -10.01683],
					"cubes": [
						{"origin": [-8.68454, 29.29097, -4.9799], "size": [3, 5, 11], "inflate": 0.2, "uv": [38, 111]},
						{"origin": [-6.48454, 29.29097, -8.1799], "size": [0, 5, 18], "uv": [36, 73]}
					]
				},
				{
					"name": "bone2",
					"parent": "fire_right",
					"pivot": [0, 0, 0.1],
					"rotation": [0, 0, -17.5],
					"cubes": [
						{"origin": [3.54094, 34.64385, -8.1799], "size": [0, 5, 18], "uv": [36, 73]},
						{"origin": [2.04094, 34.64385, -4.9799], "size": [3, 5, 11], "inflate": 0.1, "uv": [38, 111]}
					]
				},
				{
					"name": "fire_right2",
					"parent": "bone2",
					"pivot": [4.10127, 40.70276, 1.66915],
					"cubes": [
						{"origin": [2.58456, 39.64385, -1.18085], "size": [2, 3, 7], "uv": [124, 135]},
						{"origin": [3.58456, 39.64385, -8.18085], "size": [0, 3, 18], "uv": [78, 21]}
					]
				},
				{
					"name": "fire_right_3",
					"parent": "fire_right2",
					"pivot": [4.10127, 44.70276, 0.91915],
					"cubes": [
						{"origin": [3.58456, 42.64385, -8.18085], "size": [0, 5, 18], "uv": [72, 73]}
					]
				},
				{
					"name": "bone5",
					"parent": "fire",
					"pivot": [-6.98454, 29.49097, -0.2799]
				},
				{
					"name": "fire_front_right4",
					"parent": "bone5",
					"pivot": [2, 35.7, -7.1],
					"rotation": [-10, 0, 0],
					"cubes": [
						{"origin": [-7, 29.79115, -6.05811], "size": [14, 6, 0], "uv": [116, 129]}
					]
				},
				{
					"name": "fire_front_right3",
					"parent": "bone5",
					"pivot": [2, 29.7, -7.3],
					"rotation": [-30, 0, 0],
					"cubes": [
						{"origin": [-7, 23.7, -7.3], "size": [14, 6, 0], "uv": [88, 129]},
						{"origin": [7, 23.7, -7.3], "size": [3, 6, 0], "uv": [22, 141]},
						{"origin": [-10, 23.7, -7.3], "size": [3, 6, 0], "uv": [142, 0]},
						{"origin": [-7, 16.03897, -5.91475], "size": [14, 8, 0], "pivot": [0, 21.03897, -5.91475], "rotation": [27.5, 0, 0], "uv": [0, 124]}
					]
				},
				{
					"name": "bone3",
					"parent": "fire",
					"pivot": [3.5, 19.5, 1]
				},
				{
					"name": "fire_front_left2",
					"parent": "bone3",
					"pivot": [8.95161, 30.02045, -7.11914],
					"rotation": [0, -2.5, -10],
					"cubes": [
						{"origin": [5.95161, 27.52045, -7.11914], "size": [6, 5, 0], "uv": [88, 119]}
					]
				},
				{
					"name": "fire_front_left",
					"parent": "bone3",
					"pivot": [3, 29.5, -7],
					"rotation": [-30, -5, -12.5],
					"cubes": [
						{"origin": [1, 23.5, -7], "size": [8, 6, 0], "uv": [50, 127]}
					]
				},
				{
					"name": "bone21",
					"parent": "fire",
					"pivot": [-2.5, 21.5, -1.7],
					"rotation": [-180, 0, 180]
				},
				{
					"name": "fire_front_left3",
					"parent": "bone21",
					"pivot": [2.95161, 32.02045, -9.81914],
					"rotation": [0, -2.5, -10],
					"cubes": [
						{"origin": [-0.04839, 29.52045, -9.81914], "size": [6, 5, 0], "uv": [88, 119]}
					]
				},
				{
					"name": "fire_front_left4",
					"parent": "bone21",
					"pivot": [-3, 31.5, -9.7],
					"rotation": [-30, -5, -12.5],
					"cubes": [
						{"origin": [-5, 25.5, -9.7], "size": [8, 6, 0], "uv": [50, 127]}
					]
				},
				{
					"name": "bone4",
					"parent": "fire",
					"pivot": [-3.5, 19.5, 1]
				},
				{
					"name": "fire_front_right",
					"parent": "bone4",
					"pivot": [-3, 29.5, -7],
					"rotation": [-30, 5, 12.5],
					"cubes": [
						{"origin": [-9, 23.5, -7], "size": [8, 6, 0], "uv": [136, 79]}
					]
				},
				{
					"name": "fire_front_right2",
					"parent": "bone4",
					"pivot": [-8.95161, 30.02045, -7.11914],
					"rotation": [0, 2.5, 10],
					"cubes": [
						{"origin": [-11.95161, 27.52045, -7.11914], "size": [6, 5, 0], "uv": [88, 124]}
					]
				},
				{
					"name": "bone22",
					"parent": "fire",
					"pivot": [2.7, 21.5, -1.6],
					"rotation": [-180, 0, 180]
				},
				{
					"name": "fire_front_right5",
					"parent": "bone22",
					"pivot": [3.2, 31.5, -9.6],
					"rotation": [-30, 5, 12.5],
					"cubes": [
						{"origin": [-2.8, 25.5, -9.6], "size": [8, 6, 0], "uv": [136, 79]}
					]
				},
				{
					"name": "fire_front_right6",
					"parent": "bone22",
					"pivot": [-2.75161, 32.02045, -9.71914],
					"rotation": [0, 2.5, 10],
					"cubes": [
						{"origin": [-5.75161, 29.52045, -9.71914], "size": [6, 5, 0], "uv": [88, 124]}
					]
				},
				{
					"name": "bone15",
					"parent": "waist",
					"pivot": [-3, 13.5, 0],
					"rotation": [0, 90, 0]
				},
				{
					"name": "bone16",
					"parent": "bone15",
					"pivot": [-3, 11.66141, -9.64674],
					"rotation": [-137.5, 0, 0],
					"cubes": [
						{"origin": [-24.22522, 2.78982, -18.7472], "size": [0, 4, 9], "pivot": [-18, 11.59031, -3.7472], "rotation": [-90, -55, 90], "uv": [132, 44], "mirror": true},
						{"origin": [2.5, 7.58974, -18.24638], "size": [0, 4, 9], "pivot": [2.5, 9.58974, -12.74638], "rotation": [-90, 55, -90], "uv": [132, 57], "mirror": true}
					]
				},
				{
					"name": "bone17",
					"parent": "bone15",
					"pivot": [-3, 1, 0],
					"cubes": [
						{"origin": [-24.22522, 4.8612, -15.64715], "size": [0, 4, 9], "pivot": [-18, 13.6617, -0.64715], "rotation": [-90, -55, 90], "uv": [132, 44], "mirror": true},
						{"origin": [2.5, 9.66112, -15.14633], "size": [0, 4, 9], "pivot": [2.5, 11.66112, -9.64633], "rotation": [-90, 55, -90], "uv": [132, 57], "mirror": true}
					]
				},
				{
					"name": "tail",
					"parent": "torso",
					"pivot": [0, 10.5, 7.5],
					"cubes": [
						{"origin": [-1, 9.5, 7.5], "size": [2, 2, 8], "uv": [50, 134]}
					]
				},
				{
					"name": "tail2",
					"parent": "tail",
					"pivot": [0, 9.5, 15.5],
					"cubes": [
						{"origin": [-1, 9.5, 15.5], "size": [2, 2, 8], "inflate": 0.01, "uv": [70, 135]}
					]
				},
				{
					"name": "tail3",
					"parent": "tail2",
					"pivot": [0, 10.5, 22.5],
					"cubes": [
						{"origin": [-2, 8.5, 22.5], "size": [4, 4, 4], "uv": [138, 20]},
						{"origin": [-4.5, 10.5, 23], "size": [9, 0, 8], "pivot": [0, 10.5, 27.5], "rotation": [0, 0, 45], "uv": [108, 86]},
						{"origin": [-4.5, 10.5, 23], "size": [9, 0, 8], "pivot": [0, 10.5, 27.5], "rotation": [0, 0, -45], "uv": [66, 111]},
						{"origin": [-4.5, 10.5, 23], "size": [9, 0, 5], "pivot": [0, 10.5, 27.5], "rotation": [0, 0, -90], "uv": [0, 132]},
						{"origin": [-4.5, 10.5, 23], "size": [9, 0, 5], "pivot": [0, 10.5, 27.5], "rotation": [0, 0, 90], "uv": [132, 39]}
					]
				},
				{
					"name": "leg_left",
					"parent": "body",
					"pivot": [8, 10, 0],
					"cubes": [
						{"origin": [3, 6.5, -4], "size": [9, 6, 8], "uv": [98, 42]}
					]
				},
				{
					"name": "leg_left2",
					"parent": "leg_left",
					"pivot": [7.5, 6.5, -3.5],
					"cubes": [
						{"origin": [4, 3, -3.5], "size": [7, 4, 7], "uv": [0, 113]}
					]
				},
				{
					"name": "foot_left",
					"parent": "leg_left2",
					"pivot": [7.5, 3, 0.5],
					"cubes": [
						{"origin": [5.5, 0, -2.5], "size": [4, 4, 5], "uv": [136, 11]}
					]
				},
				{
					"name": "toe_left",
					"parent": "foot_left",
					"pivot": [8.5, 4, -2.5],
					"cubes": [
						{"origin": [8.5, 0, -5.5], "size": [0, 2, 3], "uv": [100, 111]}
					]
				},
				{
					"name": "toe_left2",
					"parent": "foot_left",
					"pivot": [6.5, 4, -2.5],
					"cubes": [
						{"origin": [6.5, 0, -5.5], "size": [0, 2, 3], "uv": [142, 6]}
					]
				},
				{
					"name": "leg_right",
					"parent": "body",
					"pivot": [-8, 10, 0],
					"cubes": [
						{"origin": [-12, 6.5, -4], "size": [9, 6, 8], "uv": [98, 56]}
					]
				},
				{
					"name": "leg_right2",
					"parent": "leg_right",
					"pivot": [-7.5, 6.5, -3.5],
					"cubes": [
						{"origin": [-11, 3, -3.5], "size": [7, 4, 7], "uv": [114, 0]}
					]
				},
				{
					"name": "foot_right",
					"parent": "leg_right2",
					"pivot": [-7.5, 3, 0.5],
					"cubes": [
						{"origin": [-9.5, 0, -2.5], "size": [4, 4, 5], "uv": [136, 70]}
					]
				},
				{
					"name": "toe_right",
					"parent": "foot_right",
					"pivot": [-8.5, 4, -2.5],
					"cubes": [
						{"origin": [-8.5, 0, -5.5], "size": [0, 2, 3], "uv": [142, 85]}
					]
				},
				{
					"name": "toe_right2",
					"parent": "foot_right",
					"pivot": [-6.5, 4, -2.5],
					"cubes": [
						{"origin": [-6.5, 0, -5.5], "size": [0, 2, 3], "uv": [142, 135]}
					]
				}
			]
		}
	]
}