{
	"format_version": "1.12.0",
	"minecraft:geometry": [
		{
			"description": {
				"identifier": "geometry.barbaracle",
				"texture_width": 128,
				"texture_height": 128,
				"visible_bounds_width": 7,
				"visible_bounds_height": 7.5,
				"visible_bounds_offset": [0, 3.25, 0]
			},
			"bones": [
				{
					"name": "barbaracle",
					"pivot": [0.02913, 0.68274, 0.09779]
				},
				{
					"name": "body",
					"parent": "barbaracle",
					"pivot": [0.02913, 25.68274, 0.09779]
				},
				{
					"name": "torso",
					"parent": "body",
					"pivot": [0, 23.9, 0.75],
					"cubes": [
						{"origin": [-5, 23.9, -3.5], "size": [10, 3, 8], "uv": [46, 42]},
						{"origin": [-2.5, 28.9, -2], "size": [5, 6, 5], "uv": [0, 65]},
						{"origin": [-6, 25.9, -4], "size": [12, 3, 9], "uv": [3, 30]}
					]
				},
				{
					"name": "bone93",
					"parent": "torso",
					"pivot": [-0.36168, 28.87678, -4.46127],
					"rotation": [90, 0, -90],
					"cubes": [
						{"origin": [-0.46168, 27.00178, -5.46127], "size": [2, 2, 2], "inflate": -0.125, "uv": [100, 73]},
						{"origin": [-0.46168, 27.00178, -4.96127], "size": [2, 2, 1], "inflate": -0.1, "uv": [26, 96]}
					]
				},
				{
					"name": "bone96",
					"parent": "bone93",
					"pivot": [1.41332, 28.75178, -4.46127],
					"cubes": [
						{"origin": [1.18832, 27.00178, -4.96127], "size": [2, 2, 1], "inflate": -0.2, "uv": [8, 106]}
					]
				},
				{
					"name": "bone97",
					"parent": "torso",
					"pivot": [5.63832, 28.87678, -0.46127],
					"rotation": [-180, 0, -90],
					"cubes": [
						{"origin": [5.53832, 27.00178, -1.46127], "size": [2, 2, 2], "inflate": -0.125, "uv": [100, 73]},
						{"origin": [5.53832, 27.00178, -0.96127], "size": [2, 2, 1], "inflate": -0.1, "uv": [26, 96]}
					]
				},
				{
					"name": "bone104",
					"parent": "bone97",
					"pivot": [7.41332, 28.75178, -0.46127],
					"cubes": [
						{"origin": [7.18832, 27.00178, -0.96127], "size": [2, 2, 1], "inflate": -0.2, "uv": [8, 106]}
					]
				},
				{
					"name": "bone2",
					"parent": "torso",
					"pivot": [0, 35.9, 2.925],
					"cubes": [
						{"origin": [-6, 35.9, -5], "size": [12, 4, 11], "uv": [0, 42]},
						{"origin": [-5, 31.9, -4], "size": [10, 4, 9], "uv": [3, 44]},
						{"origin": [-9, 38.9, -7.575], "size": [18, 5, 9], "pivot": [0, 41.4, -3.075], "rotation": [17.5, 0, 0], "uv": [0, 0]},
						{"origin": [-1.5, 43.925, -7.575], "size": [3, 0, 6], "pivot": [0.5, 41.425, -3.075], "rotation": [17.5, 0, 0], "uv": [80, 88]},
						{"origin": [5.5, 43.83641, -5.21561], "size": [3, 0, 3], "pivot": [7, 43.83641, -3.71561], "rotation": [17.5, 0, 0], "uv": [98, 6]},
						{"origin": [-8.5, 44.13641, 2.21561], "size": [3, 0, 3], "pivot": [-7, 44.13641, 3.71561], "rotation": [-17.5, 0, 0], "uv": [98, 88]},
						{"origin": [-7.5, 43.83641, -4.21561], "size": [2, 0, 2], "pivot": [-6, 43.83641, -3.71561], "rotation": [17.5, 0, 0], "uv": [82, 51]},
						{"origin": [-0.5, 39.36905, -4.44009], "size": [1, 5, 3], "inflate": -0.05, "pivot": [0, 41.86905, -3.44009], "rotation": [37.5, 0, 0], "uv": [64, 95]},
						{"origin": [-1, 39.775, -2.575], "size": [2, 5, 2], "pivot": [-3, 42.275, -3.075], "rotation": [32.5, 0, 0], "uv": [72, 100]},
						{"origin": [-9, 38.9, -0.5], "size": [18, 5, 9], "pivot": [0, 41.4, 4], "rotation": [-17.5, 0, 0], "uv": [0, 14]},
						{"origin": [-1.5, 36.49391, 6.59695], "size": [3, 6, 3], "pivot": [0, 39.49391, 8.09695], "rotation": [-24.03208, 42.406, -16.73634], "uv": [32, 93]},
						{"origin": [-12.975, 39.9, -0.5], "size": [4, 4, 6], "pivot": [-3.975, 41.4, 4], "rotation": [-17.5, 0, 0], "uv": [0, 76]},
						{"origin": [-13, 39.9, -4.575], "size": [4, 4, 6], "pivot": [-4, 41.4, -3.075], "rotation": [17.5, 0, 0], "uv": [74, 63]},
						{"origin": [8.975, 39.9, -0.5], "size": [4, 4, 6], "pivot": [17.975, 41.4, 4], "rotation": [-17.5, 0, 0], "uv": [60, 73]},
						{"origin": [9, 39.9, -4.575], "size": [4, 4, 6], "pivot": [18, 41.4, -3.075], "rotation": [17.5, 0, 0], "uv": [70, 53]},
						{"origin": [-1.5, 36.49391, -8.67195], "size": [3, 6, 3], "pivot": [0, 39.49391, -7.17195], "rotation": [24.03208, -42.406, -16.73634], "uv": [90, 51]}
					]
				},
				{
					"name": "bone98",
					"parent": "bone2",
					"pivot": [6.66332, 43.50178, -5.46127],
					"rotation": [90, 0, -90],
					"cubes": [
						{"origin": [4.66332, 42.00178, -6.96127], "size": [4, 3, 3], "uv": [72, 94]}
					]
				},
				{
					"name": "bone99",
					"parent": "bone98",
					"pivot": [8.63832, 44.87678, -5.46127],
					"cubes": [
						{"origin": [8.53832, 42.00178, -6.46127], "size": [2, 3, 2], "inflate": -0.125, "uv": [100, 73]},
						{"origin": [8.53832, 42.00178, -5.96127], "size": [2, 3, 1], "inflate": -0.1, "uv": [26, 96]}
					]
				},
				{
					"name": "bone100",
					"parent": "bone99",
					"pivot": [10.41332, 44.75178, -5.46127],
					"cubes": [
						{"origin": [10.18832, 42.00178, -5.96127], "size": [2, 3, 1], "inflate": -0.2, "uv": [8, 106]}
					]
				},
				{
					"name": "arm_left2",
					"parent": "bone2",
					"pivot": [7.75, 43.9, 0.175],
					"rotation": [-86.15802, 13.31791, -78.54304],
					"cubes": [
						{"origin": [5.66332, 42.00178, -0.96127], "size": [7, 3, 3], "uv": [80, 82]}
					]
				},
				{
					"name": "bone21",
					"parent": "arm_left2",
					"pivot": [12.66332, 45.00178, 0.53873],
					"cubes": [
						{"origin": [12.66332, 42.00178, -0.96127], "size": [5, 3, 3], "uv": [56, 89]}
					]
				},
				{
					"name": "bone22",
					"parent": "bone21",
					"pivot": [17.66332, 45.00178, 0.53873],
					"cubes": [
						{"origin": [17.66332, 41.50178, -1.46127], "size": [1, 4, 4], "uv": [54, 95]},
						{"origin": [18.66332, 41.50178, -2.46127], "size": [6, 4, 6], "uv": [54, 10]}
					]
				},
				{
					"name": "bone26",
					"parent": "bone22",
					"pivot": [24.66332, 45.00178, -1.46127],
					"rotation": [0, 27.5, 0],
					"cubes": [
						{"origin": [24.66332, 42.00178, -1.96127], "size": [3, 3, 1], "uv": [24, 102]}
					]
				},
				{
					"name": "bone27",
					"parent": "bone26",
					"pivot": [27.52854, 45.00178, -1.48781],
					"rotation": [0, -22.5, 0],
					"cubes": [
						{"origin": [27.40354, 42.00178, -2.03781], "size": [3, 3, 1], "inflate": -0.075, "uv": [32, 102]}
					]
				},
				{
					"name": "bone23",
					"parent": "bone22",
					"pivot": [24.66332, 45.00178, 0.53873],
					"cubes": [
						{"origin": [24.66332, 42.00178, -0.96127], "size": [4, 3, 3], "uv": [72, 94]}
					]
				},
				{
					"name": "bone24",
					"parent": "bone23",
					"pivot": [28.63832, 44.87678, 0.53873],
					"cubes": [
						{"origin": [28.53832, 42.00178, -0.46127], "size": [2, 3, 2], "inflate": -0.125, "uv": [100, 73]},
						{"origin": [28.53832, 42.00178, 0.03873], "size": [2, 3, 1], "inflate": -0.1, "uv": [26, 96]}
					]
				},
				{
					"name": "bone25",
					"parent": "bone24",
					"pivot": [30.41332, 44.75178, 0.53873],
					"cubes": [
						{"origin": [30.18832, 42.00178, 0.03873], "size": [2, 3, 1], "inflate": -0.2, "uv": [8, 106]}
					]
				},
				{
					"name": "bone28",
					"parent": "bone22",
					"pivot": [24.66332, 45.00178, 2.53873],
					"rotation": [0, -27.5, 0],
					"cubes": [
						{"origin": [24.66332, 42.00178, 2.03873], "size": [3, 3, 1], "uv": [102, 42]}
					]
				},
				{
					"name": "bone29",
					"parent": "bone28",
					"pivot": [27.62093, 45.00178, 2.627],
					"rotation": [0, 22.5, 0],
					"cubes": [
						{"origin": [27.49593, 42.00178, 2.077], "size": [3, 3, 1], "inflate": -0.075, "uv": [102, 46]}
					]
				},
				{
					"name": "bone48",
					"parent": "bone22",
					"pivot": [22.16332, 41.47678, 0.53873],
					"cubes": [
						{"origin": [21.66332, 41.47678, 0.03873], "size": [1, 0, 1], "uv": [60, 41]}
					]
				},
				{
					"name": "arm_left4",
					"parent": "bone2",
					"pivot": [7.75, 43.9, 0.175],
					"rotation": [-86.15802, 13.31791, -26.04304],
					"cubes": [
						{"origin": [5.66332, 42.00178, -0.96127], "size": [7, 3, 3], "uv": [80, 82]}
					]
				},
				{
					"name": "bone72",
					"parent": "arm_left4",
					"pivot": [12.66332, 45.00178, 0.53873],
					"cubes": [
						{"origin": [12.66332, 42.00178, -0.96127], "size": [5, 3, 3], "uv": [56, 89]}
					]
				},
				{
					"name": "bone73",
					"parent": "bone72",
					"pivot": [17.66332, 45.00178, 0.53873],
					"cubes": [
						{"origin": [17.66332, 41.50178, -1.46127], "size": [1, 4, 4], "uv": [54, 95]},
						{"origin": [18.66332, 41.50178, -2.46127], "size": [6, 4, 6], "uv": [54, 10]}
					]
				},
				{
					"name": "bone74",
					"parent": "bone73",
					"pivot": [24.66332, 45.00178, -1.46127],
					"rotation": [0, 27.5, 0],
					"cubes": [
						{"origin": [24.66332, 42.00178, -1.96127], "size": [3, 3, 1], "uv": [24, 102]}
					]
				},
				{
					"name": "bone75",
					"parent": "bone74",
					"pivot": [27.52854, 45.00178, -1.48781],
					"rotation": [0, -22.5, 0],
					"cubes": [
						{"origin": [27.40354, 42.00178, -2.03781], "size": [3, 3, 1], "inflate": -0.075, "uv": [32, 102]}
					]
				},
				{
					"name": "bone76",
					"parent": "bone73",
					"pivot": [24.66332, 45.00178, 0.53873],
					"cubes": [
						{"origin": [24.66332, 42.00178, -0.96127], "size": [4, 3, 3], "uv": [72, 94]}
					]
				},
				{
					"name": "bone77",
					"parent": "bone76",
					"pivot": [28.63832, 44.87678, 0.53873],
					"cubes": [
						{"origin": [28.53832, 42.00178, -0.46127], "size": [2, 3, 2], "inflate": -0.125, "uv": [100, 73]},
						{"origin": [28.53832, 42.00178, 0.03873], "size": [2, 3, 1], "inflate": -0.1, "uv": [26, 96]}
					]
				},
				{
					"name": "bone78",
					"parent": "bone77",
					"pivot": [30.41332, 44.75178, 0.53873],
					"cubes": [
						{"origin": [30.18832, 42.00178, 0.03873], "size": [2, 3, 1], "inflate": -0.2, "uv": [8, 106]}
					]
				},
				{
					"name": "bone79",
					"parent": "bone73",
					"pivot": [24.66332, 45.00178, 2.53873],
					"rotation": [0, -27.5, 0],
					"cubes": [
						{"origin": [24.66332, 42.00178, 2.03873], "size": [3, 3, 1], "uv": [102, 42]}
					]
				},
				{
					"name": "bone80",
					"parent": "bone79",
					"pivot": [27.62093, 45.00178, 2.627],
					"rotation": [0, 22.5, 0],
					"cubes": [
						{"origin": [27.49593, 42.00178, 2.077], "size": [3, 3, 1], "inflate": -0.075, "uv": [102, 46]}
					]
				},
				{
					"name": "bone81",
					"parent": "bone73",
					"pivot": [22.16332, 41.47678, 0.53873],
					"cubes": [
						{"origin": [21.66332, 41.47678, 0.03873], "size": [1, 0, 1], "uv": [60, 41]}
					]
				},
				{
					"name": "arm_right2",
					"parent": "bone2",
					"pivot": [-7.75, 43.9, 0.175],
					"rotation": [-93.7576, -14.6914, 80.38482],
					"cubes": [
						{"origin": [-12.66332, 42.00178, -0.96127], "size": [7, 3, 3], "uv": [80, 82], "mirror": true}
					]
				},
				{
					"name": "bone30",
					"parent": "arm_right2",
					"pivot": [-12.66332, 45.00178, 0.53873],
					"cubes": [
						{"origin": [-17.66332, 42.00178, -0.96127], "size": [5, 3, 3], "uv": [56, 89], "mirror": true}
					]
				},
				{
					"name": "bone31",
					"parent": "bone30",
					"pivot": [-17.66332, 45.00178, 0.53873],
					"cubes": [
						{"origin": [-18.66332, 41.50178, -1.46127], "size": [1, 4, 4], "uv": [100, 24]},
						{"origin": [-24.66332, 41.50178, -2.46127], "size": [6, 4, 6], "uv": [54, 10], "mirror": true}
					]
				},
				{
					"name": "bone32",
					"parent": "bone31",
					"pivot": [-24.66332, 45.00178, -1.46127],
					"rotation": [0, -27.5, 0],
					"cubes": [
						{"origin": [-27.66332, 42.00178, -1.96127], "size": [3, 3, 1], "uv": [104, 35]}
					]
				},
				{
					"name": "bone33",
					"parent": "bone32",
					"pivot": [-27.43616, 45.00178, -1.52608],
					"rotation": [0, 22.5, 0],
					"cubes": [
						{"origin": [-30.31116, 42.00178, -2.07608], "size": [3, 3, 1], "inflate": -0.075, "uv": [40, 105]}
					]
				},
				{
					"name": "bone34",
					"parent": "bone31",
					"pivot": [-24.66332, 45.00178, 0.53873],
					"cubes": [
						{"origin": [-28.66332, 42.00178, -0.96127], "size": [4, 3, 3], "uv": [0, 95]}
					]
				},
				{
					"name": "bone35",
					"parent": "bone34",
					"pivot": [-28.63832, 44.87678, 0.53873],
					"cubes": [
						{"origin": [-30.53832, 42.00178, -0.46127], "size": [2, 3, 2], "inflate": -0.125, "uv": [0, 101]},
						{"origin": [-30.53832, 42.00178, 0.03873], "size": [2, 3, 1], "inflate": -0.1, "uv": [96, 106]}
					]
				},
				{
					"name": "bone36",
					"parent": "bone35",
					"pivot": [-30.41332, 44.75178, 0.53873],
					"cubes": [
						{"origin": [-32.18832, 42.00178, 0.03873], "size": [2, 3, 1], "inflate": -0.2, "uv": [102, 106]}
					]
				},
				{
					"name": "bone37",
					"parent": "bone31",
					"pivot": [-24.66332, 45.00178, 2.53873],
					"rotation": [0, 27.5, 0],
					"cubes": [
						{"origin": [-27.66332, 42.00178, 2.03873], "size": [3, 3, 1], "uv": [80, 105]}
					]
				},
				{
					"name": "bone38",
					"parent": "bone37",
					"pivot": [-27.62093, 45.00178, 2.627],
					"rotation": [0, -22.5, 0],
					"cubes": [
						{"origin": [-30.49593, 42.00178, 2.077], "size": [3, 3, 1], "inflate": -0.075, "uv": [0, 106]}
					]
				},
				{
					"name": "bone51",
					"parent": "bone31",
					"pivot": [-22.16332, 41.47678, 0.53873],
					"cubes": [
						{"origin": [-22.66332, 41.47678, 0.03873], "size": [1, 0, 1], "uv": [68, 41]}
					]
				},
				{
					"name": "arm_right4",
					"parent": "bone2",
					"pivot": [-7.75, 43.9, 0.175],
					"rotation": [-93.7576, -14.6914, 30.38482],
					"cubes": [
						{"origin": [-12.66332, 42.00178, -0.96127], "size": [7, 3, 3], "uv": [80, 82], "mirror": true}
					]
				},
				{
					"name": "bone82",
					"parent": "arm_right4",
					"pivot": [-12.66332, 45.00178, 0.53873],
					"cubes": [
						{"origin": [-17.66332, 42.00178, -0.96127], "size": [5, 3, 3], "uv": [56, 89], "mirror": true}
					]
				},
				{
					"name": "bone83",
					"parent": "bone82",
					"pivot": [-17.66332, 45.00178, 0.53873],
					"cubes": [
						{"origin": [-18.66332, 41.50178, -1.46127], "size": [1, 4, 4], "uv": [100, 24]},
						{"origin": [-24.66332, 41.50178, -2.46127], "size": [6, 4, 6], "uv": [54, 10], "mirror": true}
					]
				},
				{
					"name": "bone84",
					"parent": "bone83",
					"pivot": [-24.66332, 45.00178, -1.46127],
					"rotation": [0, -27.5, 0],
					"cubes": [
						{"origin": [-27.66332, 42.00178, -1.96127], "size": [3, 3, 1], "uv": [104, 35]}
					]
				},
				{
					"name": "bone85",
					"parent": "bone84",
					"pivot": [-27.43616, 45.00178, -1.52608],
					"rotation": [0, 22.5, 0],
					"cubes": [
						{"origin": [-30.31116, 42.00178, -2.07608], "size": [3, 3, 1], "inflate": -0.075, "uv": [40, 105]}
					]
				},
				{
					"name": "bone86",
					"parent": "bone83",
					"pivot": [-24.66332, 45.00178, 0.53873],
					"cubes": [
						{"origin": [-28.66332, 42.00178, -0.96127], "size": [4, 3, 3], "uv": [0, 95]}
					]
				},
				{
					"name": "bone87",
					"parent": "bone86",
					"pivot": [-28.63832, 44.87678, 0.53873],
					"cubes": [
						{"origin": [-30.53832, 42.00178, -0.46127], "size": [2, 3, 2], "inflate": -0.125, "uv": [0, 101]},
						{"origin": [-30.53832, 42.00178, 0.03873], "size": [2, 3, 1], "inflate": -0.1, "uv": [96, 106]}
					]
				},
				{
					"name": "bone88",
					"parent": "bone87",
					"pivot": [-30.41332, 44.75178, 0.53873],
					"cubes": [
						{"origin": [-32.18832, 42.00178, 0.03873], "size": [2, 3, 1], "inflate": -0.2, "uv": [102, 106]}
					]
				},
				{
					"name": "bone89",
					"parent": "bone83",
					"pivot": [-24.66332, 45.00178, 2.53873],
					"rotation": [0, 27.5, 0],
					"cubes": [
						{"origin": [-27.66332, 42.00178, 2.03873], "size": [3, 3, 1], "uv": [80, 105]}
					]
				},
				{
					"name": "bone90",
					"parent": "bone89",
					"pivot": [-27.62093, 45.00178, 2.627],
					"rotation": [0, -22.5, 0],
					"cubes": [
						{"origin": [-30.49593, 42.00178, 2.077], "size": [3, 3, 1], "inflate": -0.075, "uv": [0, 106]}
					]
				},
				{
					"name": "bone91",
					"parent": "bone83",
					"pivot": [-22.16332, 41.47678, 0.53873],
					"cubes": [
						{"origin": [-22.66332, 41.47678, 0.03873], "size": [1, 0, 1], "uv": [68, 41]}
					]
				},
				{
					"name": "arm_left",
					"parent": "bone2",
					"pivot": [7, 40.15, 0.175],
					"rotation": [0, 0, 27.5],
					"cubes": [
						{"origin": [6, 38.4, -1.075], "size": [9, 3, 3], "uv": [78, 10]}
					]
				},
				{
					"name": "bone3",
					"parent": "arm_left",
					"pivot": [15, 39.9, 1.925],
					"cubes": [
						{"origin": [15, 38.4, -1.075], "size": [7, 3, 3], "uv": [26, 57]}
					]
				},
				{
					"name": "bone5",
					"parent": "bone3",
					"pivot": [22, 41.4, 0.425],
					"cubes": [
						{"origin": [22, 37.9, -1.575], "size": [1, 4, 4], "uv": [54, 95]},
						{"origin": [23, 37.9, -2.575], "size": [6, 4, 6], "uv": [54, 10]}
					]
				},
				{
					"name": "bone11",
					"parent": "bone5",
					"pivot": [29, 41.4, -1.575],
					"rotation": [0, 22.5, 0],
					"cubes": [
						{"origin": [29, 38.4, -2.075], "size": [3, 3, 1], "uv": [102, 9]}
					]
				},
				{
					"name": "bone12",
					"parent": "bone11",
					"pivot": [31.86522, 41.4, -1.60154],
					"rotation": [0, -22.5, 0],
					"cubes": [
						{"origin": [31.74022, 38.4, -2.15154], "size": [3, 3, 1], "inflate": -0.075, "uv": [16, 102]}
					]
				},
				{
					"name": "bone6",
					"parent": "bone5",
					"pivot": [28.65, 40.9, 0.3],
					"cubes": [
						{"origin": [29, 38.4, -1.075], "size": [4, 3, 3], "uv": [94, 67]}
					]
				},
				{
					"name": "bone7",
					"parent": "bone6",
					"pivot": [32.75, 40.9, 0.175],
					"cubes": [
						{"origin": [32.875, 38.4, -0.575], "size": [2, 3, 2], "inflate": -0.125, "uv": [72, 89]},
						{"origin": [32.875, 38.4, -0.075], "size": [2, 3, 1], "inflate": -0.1, "uv": [20, 69]}
					]
				},
				{
					"name": "bone8",
					"parent": "bone7",
					"pivot": [34.725, 41.15, 0.45],
					"cubes": [
						{"origin": [34.525, 38.4, -0.075], "size": [2, 3, 1], "inflate": -0.2, "uv": [20, 65]}
					]
				},
				{
					"name": "bone9",
					"parent": "bone5",
					"pivot": [29, 41.4, 2.425],
					"rotation": [0, -22.5, 0],
					"cubes": [
						{"origin": [29, 38.4, 1.925], "size": [3, 3, 1], "uv": [44, 101]}
					]
				},
				{
					"name": "bone10",
					"parent": "bone9",
					"pivot": [31.86522, 41.4, 2.55154],
					"rotation": [0, 22.5, 0],
					"cubes": [
						{"origin": [31.74022, 38.4, 2.00154], "size": [3, 3, 1], "inflate": -0.075, "uv": [8, 102]}
					]
				},
				{
					"name": "bone49",
					"parent": "bone5",
					"pivot": [26.5, 37.875, 0.425],
					"cubes": [
						{"origin": [26, 37.875, -0.075], "size": [1, 0, 1], "uv": [56, 41]}
					]
				},
				{
					"name": "arm_left3",
					"parent": "bone2",
					"pivot": [4, 38.15, -5.825],
					"rotation": [17.91705, 30.58184, 32.43576],
					"cubes": [
						{"origin": [3, 36.4, -7.075], "size": [9, 3, 3], "uv": [78, 10]}
					]
				},
				{
					"name": "bone52",
					"parent": "arm_left3",
					"pivot": [12, 37.9, -4.075],
					"cubes": [
						{"origin": [12, 36.4, -7.075], "size": [7, 3, 3], "uv": [26, 57]}
					]
				},
				{
					"name": "bone53",
					"parent": "bone52",
					"pivot": [19, 39.4, -5.575],
					"cubes": [
						{"origin": [19, 35.9, -7.575], "size": [1, 4, 4], "uv": [54, 95]},
						{"origin": [20, 35.9, -8.575], "size": [6, 4, 6], "uv": [54, 10]}
					]
				},
				{
					"name": "bone54",
					"parent": "bone53",
					"pivot": [26, 39.4, -7.575],
					"rotation": [0, 22.5, 0],
					"cubes": [
						{"origin": [26, 36.4, -8.075], "size": [3, 3, 1], "uv": [102, 9]}
					]
				},
				{
					"name": "bone55",
					"parent": "bone54",
					"pivot": [28.86522, 39.4, -7.60154],
					"rotation": [0, -22.5, 0],
					"cubes": [
						{"origin": [28.74022, 36.4, -8.15154], "size": [3, 3, 1], "inflate": -0.075, "uv": [16, 102]}
					]
				},
				{
					"name": "bone56",
					"parent": "bone53",
					"pivot": [25.65, 38.9, -5.7],
					"cubes": [
						{"origin": [26, 36.4, -7.075], "size": [4, 3, 3], "uv": [94, 67]}
					]
				},
				{
					"name": "bone57",
					"parent": "bone56",
					"pivot": [29.75, 38.9, -5.825],
					"cubes": [
						{"origin": [29.875, 36.4, -6.575], "size": [2, 3, 2], "inflate": -0.125, "uv": [72, 89]},
						{"origin": [29.875, 36.4, -6.075], "size": [2, 3, 1], "inflate": -0.1, "uv": [20, 69]}
					]
				},
				{
					"name": "bone58",
					"parent": "bone57",
					"pivot": [31.725, 39.15, -5.55],
					"cubes": [
						{"origin": [31.525, 36.4, -6.075], "size": [2, 3, 1], "inflate": -0.2, "uv": [20, 65]}
					]
				},
				{
					"name": "bone59",
					"parent": "bone53",
					"pivot": [26, 39.4, -3.575],
					"rotation": [0, -22.5, 0],
					"cubes": [
						{"origin": [26, 36.4, -4.075], "size": [3, 3, 1], "uv": [44, 101]}
					]
				},
				{
					"name": "bone60",
					"parent": "bone59",
					"pivot": [28.86522, 39.4, -3.44846],
					"rotation": [0, 22.5, 0],
					"cubes": [
						{"origin": [28.74022, 36.4, -3.99846], "size": [3, 3, 1], "inflate": -0.075, "uv": [8, 102]}
					]
				},
				{
					"name": "bone61",
					"parent": "bone53",
					"pivot": [23.5, 35.875, -5.575],
					"cubes": [
						{"origin": [23, 35.875, -6.075], "size": [1, 0, 1], "uv": [56, 41]}
					]
				},
				{
					"name": "arm_right",
					"parent": "bone2",
					"pivot": [-7, 40.15, 0.175],
					"rotation": [0, 0, -27.5],
					"cubes": [
						{"origin": [-15, 38.4, -1.075], "size": [9, 3, 3], "uv": [78, 10], "mirror": true}
					]
				},
				{
					"name": "bone4",
					"parent": "arm_right",
					"pivot": [-15, 39.9, 1.925],
					"cubes": [
						{"origin": [-22, 38.4, -1.075], "size": [7, 3, 3], "uv": [26, 57], "mirror": true}
					]
				},
				{
					"name": "bone13",
					"parent": "bone4",
					"pivot": [-22, 41.4, 0.425],
					"cubes": [
						{"origin": [-23, 37.9, -1.575], "size": [1, 4, 4], "uv": [54, 95]},
						{"origin": [-29, 37.9, -2.575], "size": [6, 4, 6], "uv": [54, 10], "mirror": true}
					]
				},
				{
					"name": "bone14",
					"parent": "bone13",
					"pivot": [-29, 41.4, -1.575],
					"rotation": [0, -27.5, 0],
					"cubes": [
						{"origin": [-32, 38.4, -2.075], "size": [3, 3, 1], "uv": [98, 102]}
					]
				},
				{
					"name": "bone15",
					"parent": "bone14",
					"pivot": [-31.95761, 41.4, -1.56327],
					"rotation": [0, 22.5, 0],
					"cubes": [
						{"origin": [-34.83261, 38.4, -2.11327], "size": [3, 3, 1], "inflate": -0.075, "uv": [52, 103]}
					]
				},
				{
					"name": "bone16",
					"parent": "bone13",
					"pivot": [-28.65, 40.9, 0.3],
					"cubes": [
						{"origin": [-33, 38.4, -1.075], "size": [4, 3, 3], "uv": [86, 94]}
					]
				},
				{
					"name": "bone17",
					"parent": "bone16",
					"pivot": [-32.75, 40.9, 0.175],
					"cubes": [
						{"origin": [-34.875, 38.4, -0.575], "size": [2, 3, 2], "inflate": -0.125, "uv": [100, 97]},
						{"origin": [-34.875, 38.4, -0.075], "size": [2, 3, 1], "inflate": -0.1, "uv": [26, 106]}
					]
				},
				{
					"name": "bone18",
					"parent": "bone17",
					"pivot": [-34.725, 41.15, 0.45],
					"cubes": [
						{"origin": [-36.525, 38.4, -0.075], "size": [2, 3, 1], "inflate": -0.2, "uv": [32, 106]}
					]
				},
				{
					"name": "bone19",
					"parent": "bone13",
					"pivot": [-29, 41.4, 2.425],
					"rotation": [0, 27.5, 0],
					"cubes": [
						{"origin": [-32, 38.4, 1.925], "size": [3, 3, 1], "uv": [60, 103]}
					]
				},
				{
					"name": "bone20",
					"parent": "bone19",
					"pivot": [-31.81903, 41.4, 2.57067],
					"rotation": [0, -22.5, 0],
					"cubes": [
						{"origin": [-34.69403, 38.4, 2.02067], "size": [3, 3, 1], "inflate": -0.075, "uv": [88, 103]}
					]
				},
				{
					"name": "bone50",
					"parent": "bone13",
					"pivot": [-26.5, 37.875, 0.425],
					"cubes": [
						{"origin": [-27, 37.875, -0.075], "size": [1, 0, 1], "uv": [64, 41]}
					]
				},
				{
					"name": "arm_right3",
					"parent": "bone2",
					"pivot": [-6, 38.15, -5.825],
					"rotation": [13.51584, -24.1782, -30.40773],
					"cubes": [
						{"origin": [-14, 36.4, -7.075], "size": [9, 3, 3], "uv": [78, 10], "mirror": true}
					]
				},
				{
					"name": "bone62",
					"parent": "arm_right3",
					"pivot": [-14, 37.9, -4.075],
					"cubes": [
						{"origin": [-21, 36.4, -7.075], "size": [7, 3, 3], "uv": [26, 57], "mirror": true}
					]
				},
				{
					"name": "bone63",
					"parent": "bone62",
					"pivot": [-21, 39.4, -5.575],
					"cubes": [
						{"origin": [-22, 35.9, -7.575], "size": [1, 4, 4], "uv": [54, 95]},
						{"origin": [-28, 35.9, -8.575], "size": [6, 4, 6], "uv": [54, 10], "mirror": true}
					]
				},
				{
					"name": "bone64",
					"parent": "bone63",
					"pivot": [-28, 39.4, -7.575],
					"rotation": [0, -27.5, 0],
					"cubes": [
						{"origin": [-31, 36.4, -8.075], "size": [3, 3, 1], "uv": [98, 102]}
					]
				},
				{
					"name": "bone65",
					"parent": "bone64",
					"pivot": [-30.95761, 39.4, -7.56327],
					"rotation": [0, 22.5, 0],
					"cubes": [
						{"origin": [-33.83261, 36.4, -8.11327], "size": [3, 3, 1], "inflate": -0.075, "uv": [52, 103]}
					]
				},
				{
					"name": "bone66",
					"parent": "bone63",
					"pivot": [-27.65, 38.9, -5.7],
					"cubes": [
						{"origin": [-32, 36.4, -7.075], "size": [4, 3, 3], "uv": [86, 94]}
					]
				},
				{
					"name": "bone67",
					"parent": "bone66",
					"pivot": [-31.75, 38.9, -5.825],
					"cubes": [
						{"origin": [-33.875, 36.4, -6.575], "size": [2, 3, 2], "inflate": -0.125, "uv": [100, 97]},
						{"origin": [-33.875, 36.4, -6.075], "size": [2, 3, 1], "inflate": -0.1, "uv": [26, 106]}
					]
				},
				{
					"name": "bone68",
					"parent": "bone67",
					"pivot": [-33.725, 39.15, -5.55],
					"cubes": [
						{"origin": [-35.525, 36.4, -6.075], "size": [2, 3, 1], "inflate": -0.2, "uv": [32, 106]}
					]
				},
				{
					"name": "bone69",
					"parent": "bone63",
					"pivot": [-28, 39.4, -3.575],
					"rotation": [0, 27.5, 0],
					"cubes": [
						{"origin": [-31, 36.4, -4.075], "size": [3, 3, 1], "uv": [60, 103]}
					]
				},
				{
					"name": "bone70",
					"parent": "bone69",
					"pivot": [-30.81903, 39.4, -3.42933],
					"rotation": [0, -22.5, 0],
					"cubes": [
						{"origin": [-33.69403, 36.4, -3.97933], "size": [3, 3, 1], "inflate": -0.075, "uv": [88, 103]}
					]
				},
				{
					"name": "bone71",
					"parent": "bone63",
					"pivot": [-25.5, 35.875, -5.575],
					"cubes": [
						{"origin": [-26, 35.875, -6.075], "size": [1, 0, 1], "uv": [64, 41]}
					]
				},
				{
					"name": "head",
					"parent": "bone2",
					"pivot": [0, 44.4, 0.75],
					"cubes": [
						{"origin": [-4.5, 42.9, -2.5], "size": [9, 6, 6], "uv": [50, 29]},
						{"origin": [0.55, 44.325, -2.55], "size": [3, 2, 0], "pivot": [2.05, 46.825, -2.55], "rotation": [0, 0, -17.5], "uv": [32, 90]},
						{"origin": [-3.55, 44.325, -2.55], "size": [3, 2, 0], "pivot": [-2.05, 46.825, -2.55], "rotation": [0, 0, 17.5], "uv": [26, 100]},
						{"origin": [2, 48.9, -2.5], "size": [2, 3, 6], "uv": [40, 84]},
						{"origin": [-2, 51.6, -4.625], "size": [4, 2, 8], "inflate": 0.05, "pivot": [1, 52.6, -1.125], "rotation": [10, 0, 0], "uv": [46, 53]},
						{"origin": [-2, 48.3, -2.5], "size": [4, 4, 6], "inflate": 0.05, "uv": [78, 0]},
						{"origin": [-4, 48.9, -2.5], "size": [2, 3, 6], "uv": [0, 86]},
						{"origin": [-1.55, 50.8, -7.55], "size": [1, 2, 3], "pivot": [-1.05, 51.8, -5.55], "rotation": [11.25, 0, 0], "uv": [100, 78]},
						{"origin": [0.45, 50.8, -7.55], "size": [1, 2, 3], "pivot": [0.95, 51.8, -5.55], "rotation": [11.25, 0, 0], "uv": [80, 100]}
					]
				},
				{
					"name": "mouth_open",
					"parent": "head",
					"pivot": [-1.5, 43.9, -1.25],
					"cubes": [
						{"origin": [-1.5, 44.55, -2.275], "size": [3, 2, 0], "uv": [102, 13]}
					]
				},
				{
					"name": "bone46",
					"parent": "head",
					"pivot": [-1.5, 47.925, -2.525],
					"cubes": [
						{"origin": [-2, 47.425, -2.525], "size": [1, 1, 0], "uv": [78, 18]}
					]
				},
				{
					"name": "bone47",
					"parent": "head",
					"pivot": [-1.5, 44.4, -1.5],
					"cubes": [
						{"origin": [-1.5, 45.05, -2.525], "size": [3, 1, 0], "uv": [50, 41]}
					]
				},
				{
					"name": "bone45",
					"parent": "head",
					"pivot": [1.5, 47.9, -2.525],
					"cubes": [
						{"origin": [1, 47.4, -2.525], "size": [1, 1, 0], "uv": [78, 16]}
					]
				},
				{
					"name": "bone41",
					"parent": "head",
					"pivot": [2.95, 52.35, -5.55],
					"cubes": [
						{"origin": [2, 51.15, -4.625], "size": [2, 2, 8], "inflate": 0.025, "pivot": [3, 52.15, -1.125], "rotation": [10, 0, 0], "uv": [80, 16]},
						{"origin": [2.45, 50.35, -6.55], "size": [1, 2, 2], "pivot": [2.95, 51.35, -5.55], "rotation": [11.25, 0, 0], "uv": [14, 106]}
					]
				},
				{
					"name": "bone92",
					"parent": "bone41",
					"pivot": [4, 51.55, -2.125],
					"cubes": [
						{"origin": [4.9, 52.65, 1.575], "size": [2, 2, 3], "inflate": 0.025, "pivot": [5.9, 53.65, 0.075], "rotation": [-90, 0, 30], "uv": [117, 0]},
						{"origin": [4.62458, 55.48019, 1.575], "size": [2, 2, 3], "inflate": 0.025, "pivot": [5.62458, 56.48019, 0.075], "rotation": [-90, 0, 7.5], "uv": [110, 18]},
						{"origin": [5.12458, 59.08019, 1.375], "size": [1, 1, 3], "inflate": 0.025, "pivot": [6.12458, 59.08019, -0.125], "rotation": [-90, 0, 2.5], "uv": [120, 38]}
					]
				},
				{
					"name": "bone40",
					"parent": "head",
					"pivot": [-3.05, 52.35, -5.55],
					"cubes": [
						{"origin": [-4, 51.15, -4.625], "size": [2, 2, 8], "inflate": 0.025, "pivot": [-3, 52.15, -1.125], "rotation": [10, 0, 0], "uv": [80, 26]},
						{"origin": [-3.55, 50.35, -6.55], "size": [1, 2, 2], "pivot": [-3.05, 51.35, -5.55], "rotation": [11.25, 0, 0], "uv": [20, 106]}
					]
				},
				{
					"name": "bone42",
					"parent": "bone40",
					"pivot": [-3.2, 44.11964, 0.23851],
					"rotation": [-28.06681, 11.06861, -5.84485],
					"cubes": [
						{"origin": [-4.175, 43.21672, -5.84884], "size": [2, 2, 5], "inflate": 0.025, "pivot": [-3.175, 44.275, 0.2], "rotation": [10, 0, 0], "uv": [94, 60]},
						{"origin": [-3.725, 41.975, -8.725], "size": [1, 2, 3], "pivot": [-3.225, 42.975, -6.725], "rotation": [11.25, 0, 0], "uv": [100, 83]}
					]
				},
				{
					"name": "bone94",
					"parent": "head",
					"pivot": [-2.95, 52.35, -5.55]
				},
				{
					"name": "bone95",
					"parent": "bone94",
					"pivot": [-4, 51.55, -2.125],
					"cubes": [
						{"origin": [-6.9, 52.65, 1.575], "size": [2, 2, 3], "inflate": 0.025, "pivot": [-5.9, 53.65, 0.075], "rotation": [-90, 0, -30], "uv": [117, 0], "mirror": true},
						{"origin": [-6.62458, 55.48019, 1.575], "size": [2, 2, 3], "inflate": 0.025, "pivot": [-5.62458, 56.48019, 0.075], "rotation": [-90, 0, -7.5], "uv": [110, 18], "mirror": true},
						{"origin": [-6.12458, 59.08019, 1.375], "size": [1, 1, 3], "inflate": 0.025, "pivot": [-6.12458, 59.08019, -0.125], "rotation": [-90, 0, -2.5], "uv": [120, 38], "mirror": true}
					]
				},
				{
					"name": "bone101",
					"parent": "bone2",
					"pivot": [-6.66332, 43.50178, -5.46127],
					"rotation": [90, 0, 90],
					"cubes": [
						{"origin": [-8.66332, 42.00178, -6.96127], "size": [4, 3, 3], "uv": [72, 94], "mirror": true}
					]
				},
				{
					"name": "bone102",
					"parent": "bone101",
					"pivot": [-8.63832, 44.87678, -5.46127],
					"cubes": [
						{"origin": [-10.53832, 42.00178, -6.46127], "size": [2, 3, 2], "inflate": -0.125, "uv": [100, 73], "mirror": true},
						{"origin": [-10.53832, 42.00178, -5.96127], "size": [2, 3, 1], "inflate": -0.1, "uv": [26, 96], "mirror": true}
					]
				},
				{
					"name": "bone103",
					"parent": "bone102",
					"pivot": [-10.41332, 44.75178, -5.46127],
					"cubes": [
						{"origin": [-12.18832, 42.00178, -5.96127], "size": [2, 3, 1], "inflate": -0.2, "uv": [8, 106], "mirror": true}
					]
				},
				{
					"name": "bone107",
					"parent": "torso",
					"pivot": [-5.63832, 28.87678, -0.46127],
					"rotation": [-180, 0, 90],
					"cubes": [
						{"origin": [-7.53832, 27.00178, -1.46127], "size": [2, 2, 2], "inflate": -0.125, "uv": [100, 73], "mirror": true},
						{"origin": [-7.53832, 27.00178, -0.96127], "size": [2, 2, 1], "inflate": -0.1, "uv": [26, 96], "mirror": true}
					]
				},
				{
					"name": "bone108",
					"parent": "bone107",
					"pivot": [-7.41332, 28.75178, -0.46127],
					"cubes": [
						{"origin": [-9.18832, 27.00178, -0.96127], "size": [2, 2, 1], "inflate": -0.2, "uv": [8, 106], "mirror": true}
					]
				},
				{
					"name": "leg_right",
					"parent": "body",
					"pivot": [-3.1876, 27.12321, 0.61836],
					"rotation": [79.00739, 13.14222, -100.93097],
					"cubes": [
						{"origin": [-12.1876, 25.12321, -1.63164], "size": [9, 4, 4], "uv": [54, 20], "mirror": true},
						{"origin": [-21.1876, 25.12321, -1.63164], "size": [9, 4, 4], "uv": [54, 20], "mirror": true}
					]
				},
				{
					"name": "leg_right_lower",
					"parent": "leg_right",
					"pivot": [-19.25887, 28.41752, -0.13164],
					"rotation": [6.87411, -6.72733, 102.74567],
					"cubes": [
						{"origin": [-20.38278, 23.44609, -2.13164], "size": [5, 6, 5], "uv": [20, 73], "mirror": true}
					]
				},
				{
					"name": "bone39",
					"parent": "leg_right_lower",
					"pivot": [-15.88278, 23.44609, 0.36836],
					"cubes": [
						{"origin": [-20.38278, 19.44609, -2.13164], "size": [5, 4, 5], "inflate": 0.05, "uv": [80, 73], "mirror": true},
						{"origin": [-18.88278, 19.37109, -0.60664], "size": [2, 0, 2], "uv": [0, 0]}
					]
				},
				{
					"name": "bone43",
					"parent": "bone39",
					"pivot": [-20.13278, 19.44609, 0.36836],
					"cubes": [
						{"origin": [-22.88278, 19.44609, -1.13164], "size": [3, 3, 3], "uv": [98, 0]},
						{"origin": [-23.88278, 19.44609, 1.71836], "size": [4, 2, 1], "pivot": [-20.88278, 19.44609, 2.71836], "rotation": [-0.8642, 28.73553, -0.75106], "uv": [88, 100]},
						{"origin": [-23.88278, 19.44609, -1.98164], "size": [4, 2, 1], "pivot": [-20.88278, 19.44609, -1.98164], "rotation": [0.48858, -28.74227, 0.47449], "uv": [100, 94]},
						{"origin": [-24.88278, 19.44609, -0.63164], "size": [2, 2, 2], "uv": [102, 54]},
						{"origin": [-24.88278, 19.44609, -0.13164], "size": [2, 2, 1], "inflate": 0.025, "uv": [103, 58]}
					]
				},
				{
					"name": "leg_left",
					"parent": "body",
					"pivot": [3.275, 26.025, -1.075],
					"rotation": [93.30203, 15.2987, 108.37541],
					"cubes": [
						{"origin": [3.275, 24.025, -3.325], "size": [9, 4, 4], "uv": [54, 20]},
						{"origin": [12.275, 24.025, -3.325], "size": [9, 4, 4], "uv": [54, 20]}
					]
				},
				{
					"name": "leg_left_lower",
					"parent": "leg_left",
					"pivot": [21.3458, 28.34985, -1.825],
					"rotation": [17.14881, -2.31329, -74.23246],
					"cubes": [
						{"origin": [16.46971, 22.37842, -3.825], "size": [5, 6, 5], "uv": [20, 73]}
					]
				},
				{
					"name": "bone44",
					"parent": "leg_left_lower",
					"pivot": [16.96971, 22.37842, -1.325],
					"cubes": [
						{"origin": [16.46971, 18.37842, -3.825], "size": [5, 4, 5], "inflate": 0.05, "uv": [80, 73]},
						{"origin": [17.96971, 18.30342, -2.325], "size": [2, 0, 2], "uv": [0, 0]}
					]
				},
				{
					"name": "bone",
					"parent": "bone44",
					"pivot": [21.21971, 18.62842, -1.325],
					"cubes": [
						{"origin": [20.96971, 18.37842, -2.825], "size": [3, 3, 3], "uv": [14, 96]},
						{"origin": [20.96971, 18.37842, 0.025], "size": [4, 2, 1], "pivot": [21.96971, 18.37842, 1.025], "rotation": [-0.03078, -33.74928, -0.2357], "uv": [98, 91]},
						{"origin": [20.96971, 18.37842, -3.675], "size": [4, 2, 1], "pivot": [21.96971, 18.37842, -3.675], "rotation": [0.2443, 36.24862, 0.32799], "uv": [100, 32]},
						{"origin": [23.96971, 18.37842, -1.825], "size": [2, 2, 1], "inflate": 0.025, "uv": [103, 58]},
						{"origin": [23.96971, 18.37842, -2.325], "size": [2, 2, 2], "uv": [102, 50]}
					]
				}
			]
		}
	]
}