{
  "species": "cobblemon:jigglypuff",
  "order": 0,
  "variations": [
    {
      "aspects": [],
      "poser": "cobblemon:jigglypuff",
      "model": "cobblemon:jigglypuff.geo",
      "texture": "cobblemon:textures/pokemon/0039_jigglypuff/jigglypuff.png",
      "layers": []
    },
    {
      "aspects": [
        "shiny"
      ],
      "texture": "cobblemon:textures/pokemon/0039_jigglypuff/jigglypuff_shiny.png"
    },
    {
      "aspects": [
        "color-black"
      ],
      "texture": "cobblemon:textures/pokemon/0039_jigglypuff/jigglypuff_black.png",
      "layers": [
        {
          "name": "pokemopolis",
          "texture": "cobblemon:textures/pokemon/0039_jigglypuff/jigglypuff_pokemopolis.png"
        }
      ]
    },
    {
      "aspects": [
        "color-black"
      ],
      "texture": "cobblemon:textures/pokemon/0039_jigglypuff/jigglypuff_black.png",
      "layers": [
        {
          "name": "pokemopolis",
          "texture": "cobblemon:textures/pokemon/0039_jigglypuff/jigglypuff_pokemopolis.png"
        }
      ]
    }
  ]
}