{
  "species": "cobblemon:pumpkaboo",
  "order": 1,
  "variations": [
    {
      "aspects": [
        "pumpkin-size-small"
      ],
      "poser": "cobblemon:pumpkaboo_small",
      "model": "cobblemon:pumpkaboo.geo",
      "texture": "cobblemon:textures/pokemon/0710_pumpkaboo/pumpkaboo_small.png",
      "layers": [
        {
          "name": "color",
          "texture": "cobblemon:textures/pokemon/0710_pumpkaboo/pumpkaboo_emissive.png",
          "emissive": true
        }
      ]
    },
    {
      "aspects": [
        "pumpkin-size-small",
        "shiny"
      ],
      "texture": "cobblemon:textures/pokemon/0710_pumpkaboo/pumpkaboo_small_shiny.png",
      "layers": [
        {
          "name": "color",
          "texture": "cobblemon:textures/pokemon/0710_pumpkaboo/pumpkaboo_shiny_emissive.png",
          "emissive": true
        }
      ]
    }
  ]
}