{
  "target": "cobblemon:floette",
  "forms": [
    {
      "name": "EternalFlower",
      "primaryType": "fairy",
      "abilities": [
        "flowerveil"
      ],
      "baseStats": {
        "hp": 74,
        "attack": 65,
        "defence": 67,
        "special_attack": 125,
        "special_defence": 128,
        "speed": 92
      },
      "catchRate": 120,
      "pokedex": [
        "cobblemon.species.floette_eternalflower.desc"
      ],
      "maleRatio": 0,
      "baseExperienceYield": 130,
      "baseFriendship": 70,
      "evYield": {
        "hp": 0,
        "attack": 0,
        "defence": 0,
        "special_attack": 0,
        "special_defence": 2,
        "speed": 0
      },
      "experienceGroup": "medium_fast",
      "eggCycles": 20,
      "eggGroups": [
        "undiscovered"
      ],
      "moves": [
        "1:tackle",
        "1:vinewhip",
        "6:fairywind",
        "10:luckychant",
        "15:razorleaf",
        "20:wish",
        "25:magicalleaf",
        "27:grassyterrain",
        "33:petalblizzard",
        "38:aromatherapy",
        "43:mistyterrain",
        "46:moonblast",
        "50:lightofruin",
        "51:petaldance",
        "58:solarbeam",
        "tm:attract",
        "tm:calmmind",
        "tm:confide",
        "tm:dazzlinggleam",
        "tm:doubleteam",
        "tm:echoedvoice",
        "tm:energyball",
        "tm:facade",
        "tm:flash",
        "tm:frustration",
        "tm:grassknot",
        "tm:hiddenpower",
        "tm:naturepower",
        "tm:protect",
        "tm:psychic",
        "tm:raindance",
        "tm:rest",
        "tm:return",
        "tm:round",
        "tm:safeguard",
        "tm:secretpower",
        "tm:sleeptalk",
        "tm:solarbeam",
        "tm:substitute",
        "tm:sunnyday",
        "tm:swagger",
        "tm:toxic",
        "tutor:afteryou",
        "tutor:allyswitch",
        "tutor:covet",
        "tutor:endeavor",
        "tutor:gigadrain",
        "tutor:healbell",
        "tutor:helpinghand",
        "tutor:magiccoat",
        "tutor:seedbomb",
        "tutor:snore",
        "tutor:synthesis",
        "tutor:worryseed"
      ],
      "labels": [
        "gen6"
      ],
      "aspects": [
        "eternalflower"
      ],
      "height": 2,
      "weight": 9,
      "cannotDynamax": false,
      "battleOnly": false,
      "drops": {
        "amount": 2,
        "entries": [
          {
            "item": "minecraft:wither_rose"
          },
          {
            "item": "cobblemon:kebia_berry",
            "percentage": 5.0
          }
        ]
      }
    }
  ]
}