{
    "portraitScale": 1.4,
    "portraitTranslation": [-0.8, 1.2, 0],
    "profileScale": 0.6,
    "profileTranslation": [-0.1, 0.9, 0],
    "rootBone": "feraligatr_mega",
    "animations": {
    "faint": "q.bedrock_primary('feraligatr_mega', 'faint')",
      "cry": "q.bedrock_stateful('feraligatr_mega', 'cry')"
    },
    "poses": {
       "battle-standing": {
      "poseTypes": ["STAND"],
      "isBattle": true,
      "animations": [
        "q.look('head_ai')",
        "q.bedrock('feraligatr_mega', 'battle_idle')"
      ],
       "quirks": [
          "q.bedrock_quirk('feraligatr_mega', 'blink')"
        ]
    },
      "standing": {
        "poseTypes": ["STAND", "NONE", "PORTRAIT", "PROFILE"],
        "animations": [
          "q.look('head')",
          "q.bedrock('feraligatr_mega', 'ground_idle')"
        ],
         "quirks": [
          "q.bedrock_quirk('feraligatr_mega', 'blink')"
        ]
      },
      "walking": {
        "poseTypes": ["WALK"],
        "animations": [
          "q.look('head')",
          "q.bedrock('feraligatr_mega', 'ground_walk')"
        ],
         "quirks": [
          "q.bedrock_quirk('feraligatr_mega', 'blink')"
        ]
      },
      "sleep": {
        "poseTypes": ["SLEEP"],
        "animations": ["q.bedrock('feraligatr_mega', 'sleep')"]
      
    }
   }
  }