{
	"format_version": "1.8.0",
	"animations": {
		"animation.delphoxmega.ground_idle": {
			"loop": true,
			"bones": {
				"body": {
					"rotation": [0, -90, 0],
					"position": [0, 19, 0]
				},
				"body1": {
					"rotation": ["-0-1*math.cos(q.anim_time*120*2-120)", 0, 0],
					"position": [0, "0+1*math.cos(q.anim_time*60*2-120)", "0+1*math.cos(q.anim_time*60*2-120)"]
				},
				"torso": {
					"rotation": [0, 5, 0]
				},
				"waist": {
					"rotation": [0, 22.5, 0]
				},
				"arm_left": {
					"rotation": [-83.23637, "5.0577213169-2*math.cos(q.anim_time*120*2-120)", "48.535628568+2*math.cos(q.anim_time*120*2-120)"],
					"position": [0, -1, 1]
				},
				"arm_left2": {
					"rotation": [30.18092, "52.7666115095-2*math.cos(q.anim_time*120*2-120)", 32.17613]
				},
				"arm_right": {
					"rotation": [-80.6338, "20.318489431+3*math.cos(q.anim_time*120*2-120)", "-33.5840025801-3*math.cos(q.anim_time*120*2-120)"],
					"position": [0, -1, 1]
				},
				"arm_right2": {
					"rotation": [0, "-32.5-1*math.cos(q.anim_time*120*2-120)", "-32.5+1*math.cos(q.anim_time*120*2-120)"]
				},
				"head": {
					"rotation": [0, 60, "0+2*math.cos(q.anim_time*120*2-120)"]
				},
				"tail": {
					"rotation": [0, 35, 0]
				},
				"tail2": {
					"rotation": [0, 12.5, 0]
				},
				"tail3": {
					"rotation": [0, 10, 0]
				},
				"tail4": {
					"rotation": [0, 12.5, 0]
				},
				"tail5": {
					"rotation": [0, 7.5, 0]
				},
				"escoba_llameante": {
					"rotation": ["-0+4*math.cos(q.anim_time*160*2-120)", "-0+3*math.cos(q.anim_time*90*2-120)", "0+2*math.cos(q.anim_time*120*2-120)"],
					"position": ["16-1*math.cos(q.anim_time*90*2-120)", "63-1*math.cos(q.anim_time*90*2-120)", "1+1*math.cos(q.anim_time*90*2-120)"]
				},
				"escoba_llameante3": {
					"rotation": ["-0-5*math.cos(q.anim_time*180*2-120)", "-0-2*math.cos(q.anim_time*100*2-120)", "0+1*math.cos(q.anim_time*90*2-120)"],
					"position": ["-19-1*math.cos(q.anim_time*90*2-120)", "35+1*math.cos(q.anim_time*90*2-120)", "85+1*math.cos(q.anim_time*90*2-120)"]
				},
				"foot_left31": {
					"position": [16, -5, 0]
				},
				"escoba_llameante2": {
					"position": [0, 3, 11],
					"scale": 1.8
				},
				"leg_left": {
					"rotation": [7.5, 0, -17.5]
				},
				"leg_right": {
					"rotation": [2.06754, 22.40972, 5.40961],
					"position": [0, -1, 0]
				},
				"leg_right2": {
					"rotation": [18.96384, 11.15965, 7.9279],
					"position": [-1, 0, 0]
				},
				"leg_right3": {
					"rotation": [-12.6076, 3.82821, -3.21873]
				},
				"robe_right": {
					"rotation": [0, 2.5, 0]
				}
			}
		},
		"animation.delphoxmega.ground_walk": {
			"loop": true,
			"bones": {
				"body": {
					"rotation": [0, -90, 0],
					"position": [0, 19, 0]
				},
				"body1": {
					"rotation": ["-0-1*math.cos(q.anim_time*120*2-120)", 0, 0],
					"position": [0, "0+1*math.cos(q.anim_time*60*2-120)", "0+1*math.cos(q.anim_time*60*2-120)"]
				},
				"torso": {
					"rotation": [0, 5, 0]
				},
				"waist": {
					"rotation": [-3.09472, 22.29711, -8.11003]
				},
				"chest": {
					"rotation": [5, 0, -5]
				},
				"arm_left": {
					"rotation": [-83.19311, "-9.8385-2*math.cos(q.anim_time*120*2-120)", "46.7679+2*math.cos(q.anim_time*120*2-120)"],
					"position": [0, -1, 1]
				},
				"arm_left2": {
					"rotation": [-11.52484, "37.8011-2*math.cos(q.anim_time*120*2-120)", 1.996]
				},
				"arm_right": {
					"rotation": [-80.6338, "20.318489431+3*math.cos(q.anim_time*120*2-120)", "-33.5840025801-3*math.cos(q.anim_time*120*2-120)"],
					"position": [0, -1, 1]
				},
				"arm_right2": {
					"rotation": [0, "-40-1*math.cos(q.anim_time*120*2-120)", "-32.5+1*math.cos(q.anim_time*120*2-120)"]
				},
				"head": {
					"rotation": [-7.5, 60, "2*math.cos(q.anim_time*120*2-120)"]
				},
				"tail": {
					"rotation": [0, 35, 0]
				},
				"tail2": {
					"rotation": [0, 12.5, 0]
				},
				"tail3": {
					"rotation": [0, 10, 0]
				},
				"tail4": {
					"rotation": [0, 12.5, 0]
				},
				"tail5": {
					"rotation": [0, 7.5, 0]
				},
				"escoba_llameante": {
					"rotation": ["-0+4*math.cos(q.anim_time*160*2-120)", "-0+3*math.cos(q.anim_time*90*2-120)", "0+2*math.cos(q.anim_time*120*2-120)"],
					"position": ["16-1*math.cos(q.anim_time*90*2-120)", "63-1*math.cos(q.anim_time*90*2-120)", "1+1*math.cos(q.anim_time*90*2-120)"]
				},
				"escoba_llameante3": {
					"rotation": ["-0-5*math.cos(q.anim_time*180*2-120)", "-0-2*math.cos(q.anim_time*100*2-120)", "0+1*math.cos(q.anim_time*90*2-120)"],
					"position": ["-19-1*math.cos(q.anim_time*90*2-120)", "35+1*math.cos(q.anim_time*90*2-120)", "85+1*math.cos(q.anim_time*90*2-120)"]
				},
				"foot_left31": {
					"position": [16, -5, 0]
				},
				"escoba_llameante2": {
					"position": [0, 3, 11],
					"scale": 1.8
				},
				"leg_left": {
					"rotation": [7.5, 0, -17.5]
				},
				"leg_right": {
					"rotation": [2.06754, 22.40972, 5.40961],
					"position": [0, -1, 0]
				},
				"leg_right2": {
					"rotation": [18.96384, 11.15965, 7.9279],
					"position": [-1, 0, 0]
				},
				"leg_right3": {
					"rotation": [-12.6076, 3.82821, -3.21873]
				},
				"robe_right": {
					"rotation": [0, 2.5, 0]
				}
			}
		},
		"animation.delphoxmega.battle_idle": {
			"loop": true,
			"bones": {
				"body": {
					"rotation": [0, -90, 0],
					"position": [0, 19, 0]
				},
				"body1": {
					"rotation": ["-0-1*math.cos(q.anim_time*120*2-120)", 0, 0],
					"position": [0, "0+1*math.cos(q.anim_time*60*2-120)", "0+1*math.cos(q.anim_time*60*2-120)"]
				},
				"torso": {
					"rotation": [0, 5, 0]
				},
				"waist": {
					"rotation": [0, 22.5, 0]
				},
				"arm_left": {
					"rotation": [-83.23637, "5.0577213169-2*math.cos(q.anim_time*120*2-120)", "48.535628568+2*math.cos(q.anim_time*120*2-120)"],
					"position": [0, -1, 1]
				},
				"arm_left2": {
					"rotation": [30.18092, "52.7666115095-2*math.cos(q.anim_time*120*2-120)", 32.17613]
				},
				"arm_right": {
					"rotation": [-80.6338, "20.318489431+3*math.cos(q.anim_time*120*2-120)", "-33.5840025801-3*math.cos(q.anim_time*120*2-120)"],
					"position": [0, -1, 1]
				},
				"arm_right2": {
					"rotation": [0, "-32.5-1*math.cos(q.anim_time*120*2-120)", "-32.5+1*math.cos(q.anim_time*120*2-120)"]
				},
				"head": {
					"rotation": [0, 60, "0+2*math.cos(q.anim_time*120*2-120)"]
				},
				"tail": {
					"rotation": [0, 35, 0]
				},
				"tail2": {
					"rotation": [0, 12.5, 0]
				},
				"tail3": {
					"rotation": [0, 10, 0]
				},
				"tail4": {
					"rotation": [0, 12.5, 0]
				},
				"tail5": {
					"rotation": [0, 7.5, 0]
				},
				"escoba_llameante": {
					"rotation": ["-0+4*math.cos(q.anim_time*160*2-120)", "-0+3*math.cos(q.anim_time*90*2-120)", "0+2*math.cos(q.anim_time*120*2-120)"],
					"position": ["16-1*math.cos(q.anim_time*90*2-120)", "63-1*math.cos(q.anim_time*90*2-120)", "1+1*math.cos(q.anim_time*90*2-120)"]
				},
				"escoba_llameante3": {
					"rotation": ["-0-5*math.cos(q.anim_time*180*2-120)", "-0-2*math.cos(q.anim_time*100*2-120)", "0+1*math.cos(q.anim_time*90*2-120)"],
					"position": ["-19-1*math.cos(q.anim_time*90*2-120)", "35+1*math.cos(q.anim_time*90*2-120)", "85+1*math.cos(q.anim_time*90*2-120)"]
				},
				"foot_left31": {
					"position": [16, -5, 0]
				},
				"escoba_llameante2": {
					"position": [0, 3, 11],
					"scale": 1.8
				},
				"leg_left": {
					"rotation": [7.5, 0, -17.5]
				},
				"leg_right": {
					"rotation": [2.06754, 22.40972, 5.40961],
					"position": [0, -1, 0]
				},
				"leg_right2": {
					"rotation": [18.96384, 11.15965, 7.9279],
					"position": [-1, 0, 0]
				},
				"leg_right3": {
					"rotation": [-12.6076, 3.82821, -3.21873]
				},
				"robe_right": {
					"rotation": [0, 2.5, 0]
				}
			}
		}
	}
}