{
    "portraitScale": 1.5,
    "portraitTranslation": [-0.6, 1.4, 0],
    "profileScale": 0.5,
    "profileTranslation": [0, 1, 0],
    "rootBone": "pyroar_mega",
    "poses": {
       "battle-standing": {
      "poseTypes": ["STAND"],
      "isBattle": true,
      "animations": [
        "q.look('head_ai')",
        "q.bedrock('pyroar_mega', 'battle_idle')"
      ]
    },
      "standing": {
        "poseTypes": ["STAND", "NONE", "PORTRAIT", "PROFILE"],
        "animations": [
          "q.look('head')",
          "q.bedrock('pyroar_mega', 'ground_idle')"
        ]
      },
      "walking": {
        "poseTypes": ["WALK"],
        "animations": [
          "q.look('head')",
          "q.bedrock('pyroar_mega', 'ground_walk')"
        ]
      }
    }
   }