{
	"format_version": "1.8.0",
	"animations": {
		"animation.chimecho_mega.ground_idle": {
			"loop": true,
			"bones": {
				"body": {
					"rotation": ["math.sin(q.anim_time*90*0.5+15)*2", 0, "math.sin(q.anim_time*90*1+35)*5"],
					"position": [0, "math.sin(q.anim_time*90*2)*2*math.sin(q.anim_time*90*1)*0.2", 0]
				},
				"arm_left": {
					"rotation": ["math.sin(q.anim_time*90*2-30)*4*math.sin(q.anim_time*90*1-30)*-1", 0, 0],
					"position": [-1, 0.5, -0.25]
				},
				"arm_right": {
					"rotation": ["math.sin(q.anim_time*90*2-30)*4*math.sin(q.anim_time*90*1-30)*-1", 0, 0],
					"position": [1, 0.5, -0.25]
				},
				"tail": {
					"rotation": ["math.sin(q.anim_time*90*2-30)*-5*math.sin(q.anim_time*90*1-30)*-2", 0, 0]
				},
				"ribbon1": {
					"rotation": ["math.sin(q.anim_time*90*0.5)*5", 0, "math.sin(q.anim_time*90*1)*5"]
				},
				"ribbon2": {
					"rotation": [0, 0, "math.sin(q.anim_time*90*1-30)*5"]
				},
				"ribbon3": {
					"rotation": [0, 0, "math.sin(q.anim_time*90*1-60)*2"]
				},
				"ribbon4": {
					"rotation": [0, 0, "math.sin(q.anim_time*90*1-90)*3"]
				}
			}
		},
		"animation.chimecho_mega.air_idle": {
			"loop": true,
			"bones": {
				"body": {
					"rotation": ["math.sin(q.anim_time*90*0.5+15)*2", 0, "math.sin(q.anim_time*90*1+35)*5"],
					"position": [0, "math.sin(q.anim_time*90*2)*2*math.sin(q.anim_time*90*1)*0.2", 0]
				},
				"arm_left": {
					"rotation": ["math.sin(q.anim_time*90*2-30)*4*math.sin(q.anim_time*90*1-30)*-1", 0, 0],
					"position": [-1, 0.5, -0.25]
				},
				"arm_right": {
					"rotation": ["math.sin(q.anim_time*90*2-30)*4*math.sin(q.anim_time*90*1-30)*-1", 0, 0],
					"position": [1, 0.5, -0.25]
				},
				"tail": {
					"rotation": ["math.sin(q.anim_time*90*2-30)*-5*math.sin(q.anim_time*90*1-30)*-2", 0, 0]
				},
				"ribbon1": {
					"rotation": ["math.sin(q.anim_time*90*0.5)*5", 0, "math.sin(q.anim_time*90*1)*5"]
				},
				"ribbon2": {
					"rotation": [0, 0, "math.sin(q.anim_time*90*1-30)*5"]
				},
				"ribbon3": {
					"rotation": [0, 0, "math.sin(q.anim_time*90*1-60)*2"]
				},
				"ribbon4": {
					"rotation": [0, 0, "math.sin(q.anim_time*90*1-90)*3"]
				}
			}
		},
		"animation.chimecho_mega.ground_walk": {
			"loop": true,
			"bones": {
				"body": {
					"rotation": ["5+math.sin(q.anim_time*90*4+50)*1", 0, "math.sin(q.anim_time*90*1+35)*-2"],
					"position": [0, "math.sin(q.anim_time*90*4)*0.3", "math.sin(q.anim_time*90*4)*-0.2"]
				},
				"arm_left": {
					"rotation": ["math.sin(q.anim_time*90*4-30)*5", 0, 0],
					"position": [-0.25, 0, 0]
				},
				"arm_right": {
					"rotation": ["math.sin(q.anim_time*90*4-20)*5", 0, 0],
					"position": [0.25, 0, 0]
				},
				"tail": {
					"rotation": ["math.sin(q.anim_time*90*4-30)*-2", 0, 0]
				},
				"ribbon1": {
					"rotation": ["5+math.sin(q.anim_time*90*4+20)*3", 0, "math.sin(q.anim_time*90*1)*5"]
				},
				"ribbon2": {
					"rotation": ["5+math.sin(q.anim_time*90*4+40)*5", 0, "math.sin(q.anim_time*90*1-30)*2"]
				},
				"ribbon3": {
					"rotation": ["5+math.sin(q.anim_time*90*4+60)*-8", 0, "math.sin(q.anim_time*90*1-60)*1"]
				},
				"ribbon4": {
					"rotation": ["5+math.sin(q.anim_time*90*4+80)*-10", 0, "math.sin(q.anim_time*90*1-90)*1"]
				}
			}
		},
		"animation.chimecho_mega.air_fly": {
			"loop": true,
			"bones": {
				"body": {
					"rotation": ["5+math.sin(q.anim_time*90*4+50)*1", 0, "math.sin(q.anim_time*90*1+35)*-2"],
					"position": [0, "math.sin(q.anim_time*90*4)*0.3", "math.sin(q.anim_time*90*4)*-0.2"]
				},
				"arm_left": {
					"rotation": ["math.sin(q.anim_time*90*4-30)*5", 0, 0],
					"position": [-0.25, 0, 0]
				},
				"arm_right": {
					"rotation": ["math.sin(q.anim_time*90*4-20)*5", 0, 0],
					"position": [0.25, 0, 0]
				},
				"tail": {
					"rotation": ["math.sin(q.anim_time*90*4-30)*-2", 0, 0]
				},
				"ribbon1": {
					"rotation": ["5+math.sin(q.anim_time*90*4+20)*3", 0, "math.sin(q.anim_time*90*1)*5"]
				},
				"ribbon2": {
					"rotation": ["5+math.sin(q.anim_time*90*4+40)*5", 0, "math.sin(q.anim_time*90*1-30)*2"]
				},
				"ribbon3": {
					"rotation": ["5+math.sin(q.anim_time*90*4+60)*-8", 0, "math.sin(q.anim_time*90*1-60)*1"]
				},
				"ribbon4": {
					"rotation": ["5+math.sin(q.anim_time*90*4+80)*-10", 0, "math.sin(q.anim_time*90*1-90)*1"]
				}
			}
		},
		"animation.chimecho_mega.ground_run": {
			"loop": true,
			"bones": {
				"body": {
					"rotation": ["5+math.sin(q.anim_time*90*4+50)*3", 0, "math.sin(q.anim_time*90*2+35)*-5"],
					"position": [
						0,
						"math.clamp(math.sin(q.anim_time*90*4)*0.6*1,0,1)+math.clamp(math.sin(q.anim_time*90*4)*0.4*1,-1,0)",
						"math.sin(q.anim_time*90*4-90)*-0.8"
					]
				},
				"arm_left": {
					"rotation": ["math.sin(q.anim_time*90*4-30)*8", 0, 0]
				},
				"arm_right": {
					"rotation": ["math.sin(q.anim_time*90*4-20)*8", 0, 0]
				},
				"tail": {
					"rotation": ["math.sin(q.anim_time*90*4-30)*-8", 0, 0]
				},
				"ribbon1": {
					"rotation": ["13+math.sin(q.anim_time*90*4+20)*7+math.sin(q.anim_time*90*8+40)*2", 0, "math.sin(q.anim_time*90*2)*5"]
				},
				"ribbon2": {
					"rotation": ["12+math.sin(q.anim_time*90*4+40)*6+math.sin(q.anim_time*90*8+40)*3", 0, "math.sin(q.anim_time*90*2-30)*2"]
				},
				"ribbon3": {
					"rotation": ["12+math.sin(q.anim_time*90*4+60)*-14+math.sin(q.anim_time*90*8+60)*-8", 0, "math.sin(q.anim_time*90*2-60)*1"]
				},
				"ribbon4": {
					"rotation": ["12+math.sin(q.anim_time*90*4+60)*-14+math.sin(q.anim_time*90*8+60)*-10", 0, "math.sin(q.anim_time*90*2-90)*1"]
				},
				"head": {
					"rotation": ["math.sin(q.anim_time*90*4-50)*3", 0, 0]
				}
			}
		},
		"animation.chimecho_mega.sleep": {
			"loop": true,
			"bones": {
				"body": {
					"position": [0, -15, 2]
				},
				"eyelid_right": {
					"position": [0, 0, -0.1]
				},
				"eyelid_left": {
					"position": [0, 0, -0.1]
				},
				"head": {
					"rotation": ["-4+math.sin(q.anim_time*90*1)*-1-1", "-0.1+math.sin(q.anim_time*90*1)*-0.5", -3]
				},
				"arm_left": {
					"rotation": ["-2.5+math.sin(q.anim_time*90*1-30)*2", 0.2, 42.5]
				},
				"arm_right": {
					"rotation": ["2.5+math.sin(q.anim_time*90*1-30)*2", 0, -37.5]
				},
				"tail": {
					"rotation": [-12, "10+math.sin(q.anim_time*90*1-10)*2", -86]
				},
				"ribbon1": {
					"rotation": [-91, "7+math.sin(q.anim_time*90*1)*0.1", -3]
				},
				"ribbon2": {
					"rotation": [1, -4, "-30+math.sin(q.anim_time*90*1-20)*3"]
				},
				"ribbon3": {
					"rotation": [1, 0, "math.sin(q.anim_time*90*1-40)*3"]
				},
				"ribbon4": {
					"rotation": [-2, -1, "math.sin(q.anim_time*90*1-80)*5"]
				}
			}
		},
		"animation.chimecho_mega.faint": {
			"loop": true,
			"animation_length": 3,
			"bones": {
				"body": {
					"rotation": {
						"0.0": [0, 0, 0],
						"0.0833": [-11.67, 0, 0],
						"0.2083": [-17.5, 0, 0],
						"0.2917": [-17.5, 0, 0],
						"1.2083": [-5.62, 1.11, -0.99],
						"1.2917": [-4.91, 1.17, 0.31],
						"1.5": [0.03403, 1.62804, 9.39438],
						"1.625": [-3.1491, -1.02001, 17.9854],
						"1.6667": {
							"pre": [-6.09811, -0.38763, 29.06308],
							"post": [-6.09811, -0.38763, 29.06308],
							"lerp_mode": "catmullrom"
						},
						"1.8333": {
							"post": [-3.71399, -2.54701, 82.37593],
							"lerp_mode": "catmullrom"
						},
						"1.9167": {
							"post": [1.46, 4.76, 135.74],
							"lerp_mode": "catmullrom"
						},
						"1.9583": {
							"post": [6.22511, 5.84421, 178.4384],
							"lerp_mode": "catmullrom"
						},
						"2.0": {
							"post": [5.96915, 6.0592, 182.18414],
							"lerp_mode": "catmullrom"
						},
						"2.2083": {
							"post": [4.68936, 7.13414, 163.91282],
							"lerp_mode": "catmullrom"
						},
						"2.3333": {
							"post": [5.64329, 6.35594, 173.21699],
							"lerp_mode": "catmullrom"
						},
						"2.4583": [5.41009, 6.60552, 170.93277]
					},
					"position": {
						"0.0": [0, 0, 0],
						"0.0833": [0, -1.13, 2],
						"0.2083": [0, -1.7, 3],
						"0.2917": [0, -2.95, 3.25],
						"0.375": [0.73, -1.3, 2.6],
						"0.4583": [2.44, 0.68, 1.31],
						"0.5417": [-0.45, 4.35, -0.33],
						"0.625": [-1.84, 8.04, 2.02],
						"0.7083": [-1.16, 9.89, 2.7],
						"0.7917": [0.98, 12.71, 4.41],
						"0.8333": [1.48, 13.81, 3.16],
						"0.9167": [1.34, 16.22, 1.43],
						"0.9583": [1.05, 18.17, 1.39],
						"1.0833": [0.01, 19.96, 1.67],
						"1.2083": [0.22, 20.3, 2.22],
						"1.2917": [0.28, 20.01, 2.32],
						"1.375": [0.45, 19.13, 2.62],
						"1.5": [1.3, 18.3, 4.1],
						"1.625": [1.3, 14.28, 3.45],
						"1.7083": {
							"pre": [1.39, 10.1, 3.23],
							"post": [1.39, 10.1, 3.23],
							"lerp_mode": "catmullrom"
						},
						"1.875": {
							"post": [1.77, 0.61, 2.34],
							"lerp_mode": "catmullrom"
						},
						"1.9583": {
							"post": [2.13, -6.65, 1.5],
							"lerp_mode": "catmullrom"
						},
						"2.0": {
							"post": [2.4, -12.3, 0.85],
							"lerp_mode": "catmullrom"
						},
						"2.0833": {
							"post": [1.6, -11.5, 0.85],
							"lerp_mode": "catmullrom"
						},
						"2.2083": {
							"post": [0.9, -11.9, 0.85],
							"lerp_mode": "catmullrom"
						},
						"2.3333": {
							"post": [1.53, -11.89, 0.85],
							"lerp_mode": "catmullrom"
						},
						"2.4583": [1.4, -12, 0.85]
					}
				},
				"head": {
					"rotation": {
						"0.0": [0, 0, 0],
						"0.0833": [9.87, 2.93, 2.5],
						"0.2083": [32.83642, -4.85956, -2.20483],
						"0.2917": [34.17892, -3.46849, -0.88439],
						"0.3333": [39.89774, 13.07101, 12.05914],
						"0.4583": [49.80553, 51.78269, 37.6766],
						"0.5": [135.30301, 70.04576, 127.19238],
						"0.5417": [165.28144, 55.57653, 155.40634],
						"0.5833": [181.73203, 8.29621, 173.19488],
						"0.625": [177.28868, -59.2018, 187.7189],
						"0.6667": [79.23102, -86.94608, 291.9305],
						"0.7083": [20.3264, -61.80526, 357.63085],
						"0.75": [11.94964, -42.06158, 359.32915],
						"0.7917": [22.57288, -22.31789, 361.02746],
						"0.875": [21.15321, -0.47761, 360.1806],
						"0.9583": [24.44759, 8.64034, 364.30192],
						"1.0833": [11.92411, 12.2624, 355.92217],
						"1.2083": [-3.06607, 11.6881, 355.89726],
						"1.2917": [-4.28493, 11.3031, 349.78693],
						"1.375": [-3.96, 11.4, 351.42],
						"1.5": [-2.65098, 11.78785, 357.93744],
						"1.5417": [-2.65, 11.79, 357.94],
						"1.8333": [-2.59809, -3.19445, 358.62671],
						"1.9583": [-3.06569, -2.74888, 367.62782],
						"2.4583": [-3.15969, -2.64027, 369.62708]
					}
				},
				"mouth": {
					"position": {
						"0.7917": [0, 0, 0],
						"0.8333": [0, 0, -0.1],
						"1.5833": [0, 0, -0.1],
						"1.625": [0, 0, 0]
					}
				},
				"eyelid_right": {
					"position": {
						"0.125": [0, 0, 0],
						"0.1667": [0, 0, -0.1],
						"0.9583": [0, 0, -0.1],
						"1.0": [0, 0, 0],
						"1.9167": [0, 0, 0],
						"1.9583": [0, 0, -0.1]
					}
				},
				"eyelid_left": {
					"position": {
						"0.125": [0, 0, 0],
						"0.1667": [0, 0, -0.1],
						"0.9583": [0, 0, -0.1],
						"1.0": [0, 0, 0],
						"1.875": [0, 0, 0],
						"1.9167": [0, 0, -0.1]
					}
				},
				"arm_left": {
					"rotation": {
						"0.0": [0, 0, 0],
						"0.1667": [-7.36, -2.27, 0.53],
						"0.2917": [-18.00649, -3.96731, 0.64854],
						"0.4167": [30.18597, -6.05839, -3.51311],
						"0.5417": [37.61548, -10.03138, -6.57962],
						"0.5833": [38.59712, -15.54227, -11.00768],
						"0.625": [42.07377, -26.24118, -20.69443],
						"0.75": [40.8527, -23.24295, -17.77844],
						"0.8333": [36.95194, 1.12819, 1.91334],
						"1.0": [12.40155, 8.3046, 7.36675],
						"1.0417": [0.40155, 8.3046, 7.36675],
						"1.125": [0.41195, 15.30443, 7.41749],
						"1.2083": [0.41618, 17.30437, 7.43255],
						"1.4167": [-0.58382, 17.30437, 7.43255],
						"1.5417": [-6.69718, 21.29127, 7.08974],
						"1.625": [-10.90098, 25.26317, 6.57433],
						"1.75": [-4.49212, 38.22879, 5.45802],
						"1.875": [19.50788, 38.22879, 5.45802],
						"1.9583": [41.1804, 31.67258, -2.07634],
						"2.0": [19.43331, 17.84455, -10.54001],
						"2.0417": [0, 0, 0],
						"2.125": [9, 0, 0],
						"2.2083": [8.98787, 0.46909, -2.96313],
						"2.2917": [0, 3, 9],
						"2.4167": [-20.46837, 12.38579, 5.5139]
					}
				},
				"arm_right": {
					"rotation": {
						"0.0": [0, 0, 0],
						"0.1667": [-7.36, 2.27, -0.53],
						"0.2917": [-18.00649, 3.96731, -0.64854],
						"0.4167": [30.18597, 6.05839, 3.51311],
						"0.5417": [36.94429, -0.329, -1.31221],
						"0.5833": [36.99241, -2.7261, -3.11684],
						"0.625": [37.40155, -8.3046, -7.36675],
						"0.75": [37.49462, -9.09851, -7.98187],
						"0.8333": [40.57763, 22.48498, 17.07052],
						"0.9167": [27.29025, 15.12065, 8.9967],
						"1.0": [12.40155, -8.3046, -7.36675],
						"1.0417": [0.40155, -8.3046, -7.36675],
						"1.125": [0.41195, -15.30443, -7.41749],
						"1.2083": [-6.66009, -19.29103, -7.18964],
						"1.4167": [-0.58382, -17.30437, -7.43255],
						"1.5417": [-6.69718, -21.29127, -7.08974],
						"1.625": [-10.90098, -25.26317, -6.57433],
						"1.75": [-4.49212, -38.22879, -5.45802],
						"1.7917": [27.03606, -13.77129, 4.49146],
						"1.875": [45.12462, -1.869, 41.04506],
						"1.9583": [36.59709, -19.96148, 12.52226],
						"2.0": [18.58726, -6.49433, 14.53222],
						"2.0417": [18.04111, 3.80393, 1.23789],
						"2.125": [19.02162, 3.95067, 0.62673],
						"2.2083": [9.13734, -10.34489, 1.38291],
						"2.2917": [-6.82508, -13.6455, -14.09541],
						"2.4167": [-20.46837, -12.38579, -5.5139]
					}
				},
				"tail": {
					"rotation": {
						"0.0": [0, 0, 0],
						"0.0833": [17, 0, 0],
						"0.1667": [31, 0, 0],
						"0.2917": [40, 0, 0],
						"0.375": [-4.01523, -4.98779, 0.34967],
						"0.4583": [-24.42859, -11.37291, 3.2496],
						"0.5417": [-33.16138, -23.137, 9.05601],
						"0.5833": [-37.47255, -27.29219, 12.13117],
						"0.625": [-39.47255, -27.29219, 12.13117],
						"0.7083": [-41.24199, -31.5253, 11.82188],
						"0.75": [-44.46914, -36.66178, 17.56994],
						"0.8333": [-41.11195, -42.08483, 23.30306],
						"0.9167": [-26.15875, -26.85095, 9.42],
						"1.0": [-6, -12, 0],
						"1.125": [14, -12, 0],
						"1.2083": [31, 0, 0],
						"1.3333": [34.14288, -5.60127, 8.54258],
						"1.4167": [39.73105, 4.80452, -6.40413],
						"1.5417": [46, 0, 0],
						"1.625": [43.53071, -7.6168, -7.9598],
						"1.75": [26.91068, -19.28968, -13.85559],
						"1.8333": [28.24768, -25.49636, -17.35909],
						"1.875": [23.50264, -31.02558, -20.0061],
						"1.9167": [7.09608, -25.07408, -19.1427],
						"1.9583": [-28.13066, -5.29554, 2.82488],
						"2.0": [-43.13066, -5.29554, 2.82488],
						"2.0417": [-48.72018, -36.14767, 47.22251],
						"2.125": [-41.96902, -24.84568, 34.02736],
						"2.2083": [-39.25981, -16.48229, 26.38047],
						"2.25": [-38.44607, -12.58743, 23.14074],
						"2.4167": [-38.72018, -36.14767, 47.22251]
					}
				},
				"ribbon1": {
					"rotation": {
						"0.0": [0, 0, 0],
						"0.125": [0, -3, 0],
						"0.2917": [-2, -4, 0],
						"0.375": [22.09981, 20.39504, 9.62314],
						"0.4583": [35.53668, 38.39271, 21.80171],
						"0.5": [99.88701, 62.88982, 85.49381],
						"0.5417": [160.29376, 50.43245, 144.85599],
						"0.5833": [197.81737, 5.88218, 168.45926],
						"0.625": [223.26508, -36.48949, 177.59496],
						"0.6667": [227.90734, -69.68395, 175.50826],
						"0.7083": [52.23293, -81.50462, 348.31939],
						"0.75": [33.3898, -44.83003, 366.88435],
						"0.7917": [30.67966, -13.25013, 360.66324],
						"0.8333": [27.85478, -13.03883, 361.34744],
						"0.875": [19.64542, -15.88281, 355.49794],
						"0.9167": [10.79133, -15.64955, 350.69691],
						"1.0": [1.31855, -15.5009, 344.99784],
						"1.125": [-2.13088, -6.99979, 365.42195],
						"1.25": [9.70674, 4.85316, 358.37705],
						"1.3333": [-13.30532, 16.853, 358.31334],
						"1.4167": [-22.80532, 16.853, 358.31334],
						"1.5417": [-29.15406, 19.16146, 365.26314],
						"1.625": [-38.18092, 23.32539, 376.19253],
						"1.75": [-63.18112, 33.3435, 366.93121],
						"1.8333": [-45.94892, 35.0584, 395.19959],
						"1.9167": [-7.34839, 26.44956, 383.29061],
						"1.9583": [-16.8052, 20.47443, 358.69329],
						"2.0": [-20.56481, 18.48434, 349.63803],
						"2.0417": [-14.69363, 23.36523, 365.96546],
						"2.125": [-12.10373, 21.61604, 371.97789],
						"2.2083": [-8.48639, 10.05975, 381.47192],
						"2.25": [-12.76362, -0.07577, 352.63674],
						"2.2917": [-25.47355, -6.14367, 352.24971],
						"2.3333": [-38.75596, -8.83759, 361.49799],
						"2.375": [-45.13912, -0.69573, 371.75825],
						"2.4167": [-49.97628, -9.83173, 363.89971],
						"2.4583": [-52.31227, -13.73726, 361.32632],
						"2.625": [-64.81455, -9.48662, 366.52917],
						"2.7917": [-68.97068, -6.66509, 367.64214]
					}
				},
				"ribbon2": {
					"rotation": {
						"0.0": [0, 0, 0],
						"0.125": [-4, 0, 0],
						"0.2917": [-14, 0, 0],
						"0.4167": [-6.97363, 0.60859, 4.96292],
						"0.4583": [-9.92695, 1.21261, 6.89469],
						"0.5": [3.94364, -0.62442, 10.98215],
						"0.5417": [-0.0781, -0.48384, 13.99029],
						"0.5833": [-11.00571, 0.39693, 8.90686],
						"0.625": [-37.11775, 8.60139, 12.40603],
						"0.6667": [-9.92371, 0.06689, -1.07599],
						"0.7083": [4.28737, 1.81151, 3.04495],
						"0.75": [13.44071, 4.30051, 14.34075],
						"0.8333": [3.63411, 7.94629, -0.16639],
						"0.9167": [5.77818, 8.23003, -6.22157],
						"0.9583": [-5.75016, 7.44545, -17.28343],
						"1.0417": [-10.05159, 7.48568, -12.20278],
						"1.125": [-4.53, 8.21, -0.88],
						"1.25": [-2.0266, 4.19838, 5.97487],
						"1.3333": [-0.66, 1.37, 6.37],
						"1.4583": [0.11, 0, 7.82],
						"1.5833": [-5.85796, 0.6146, 13.78855],
						"1.75": [-22.85796, 0.6146, 13.78855],
						"1.8333": [-7.88153, 0.0667, 9.82617],
						"1.9167": [-7.85767, -0.61832, 4.87323],
						"2.0": [9.15131, 0.07059, 2.9956],
						"2.0417": [-1.63483, -2.22547, -2.75308],
						"2.0833": [-17.03858, -6.80302, -0.50757],
						"2.1667": [-7.85778, -1.8908, 6.57683],
						"2.25": [-10.99122, -2.37944, 18.44618],
						"2.2917": [-4.21901, -7.03047, -0.78078],
						"2.3333": [1.11724, -9.94521, -5.02069],
						"2.375": [4.3489, -11.05786, -5.97894],
						"2.4583": [9.33789, -13.81992, -0.2708],
						"2.625": [-18.95534, -4.11782, -7.95125],
						"2.75": [-23.68306, -4.40122, -12.14178],
						"2.8333": [-39.98, -3.1, -11.1],
						"2.9167": [-45.40765, -2.67065, -10.75046]
					}
				},
				"ribbon3": {
					"rotation": {
						"0.0": [0, 0, 0],
						"0.125": [-11, 0, 0],
						"0.2917": [-28, 0, 0],
						"0.4167": [-24, 0, 0],
						"0.4583": [-8.99461, 0.31281, 1.9754],
						"0.5": [-19.68301, -3.60165, -8.84446],
						"0.5417": [-19.98476, -0.71295, -0.84385],
						"0.5833": [-19.95398, 1.33781, 4.79519],
						"0.625": [-24.70662, 3.85931, 10.24569],
						"0.6667": [-20.40767, 5.26438, 14.00279],
						"0.75": [-12.18468, -0.34848, -7.23596],
						"0.7917": [-17.76677, 3.27208, 9.38114],
						"0.8333": [-12.71189, 3.09911, 10.98393],
						"0.9167": [10.99868, 1.428, 3.66649],
						"0.9583": [19.26837, 5.64296, -8.12665],
						"1.0": [28.1455, 7.42481, -7.33914],
						"1.0417": [17.42758, 4.29737, -8.45948],
						"1.0833": [6.39489, 3.18717, -11.24274],
						"1.1667": [11.91457, -2.23088, 15.62133],
						"1.25": [-9.93063, 1.86073, 6.12978],
						"1.3333": [2.78685, 1.80704, -3.82693],
						"1.4583": [13.71123, 3.16098, -2.61119],
						"1.5833": [27.50593, 5.93306, -0.53072],
						"1.6667": [26.72223, 4.61988, 1.61457],
						"1.75": [35.08953, 0.08544, 10.5373],
						"1.8333": [-8.9058, -0.30175, 8.06745],
						"1.9167": [-6.71655, -2.67298, 1.96742],
						"1.9583": [16.89771, -7.94874, -15.32311],
						"2.0": [4.18887, -8.96318, -3.74146],
						"2.0833": [-8.99597, -6.88703, -1.31762],
						"2.1667": [-12.5482, -9.78142, 12.96465],
						"2.25": [-4.48197, 0.1877, 12.17566],
						"2.2917": [-0.14414, 0.89022, 11.89299],
						"2.3333": [3.74854, 2.04906, -9.62778],
						"2.375": [7.93963, 3.30825, -11.1075],
						"2.4167": [9.33338, 1.39812, -5.18351],
						"2.5833": [14.56373, -4.22225, 6.17192],
						"2.7083": [-27.42163, -3.37358, 5.39938],
						"2.7917": [-40.17207, -3.14416, 6.20929],
						"2.875": [-51.61, -3.97, 5.46],
						"2.9583": [-55.42089, -4.24724, 5.20854]
					}
				},
				"ribbon4": {
					"rotation": {
						"0.0": [0, 0, 0],
						"0.125": [-6, 0, 0],
						"0.2917": [-18, 0, 0],
						"0.375": [-37, 0, 0],
						"0.4583": [-17, 0, 0],
						"0.5": [-4.96802, -0.56531, -6.47548],
						"0.5417": [-5.87605, -1.06945, -9.94351],
						"0.5833": [-19.45158, 0.695, 7.96995],
						"0.625": [-6.97404, 0.33093, 4.99207],
						"0.6667": [-6.96258, 0.57387, 6.97725],
						"0.7083": [-29.88668, 1.17707, 11.94134],
						"0.75": [-23.92552, -7.15747, -6.28053],
						"0.7917": [-19.0599, 0.15811, 13.42941],
						"0.8333": [-20.2386, 1.58598, 6.05352],
						"0.875": [-20.72299, 8.9814, 15.19276],
						"0.9167": [21.57937, 6.05155, 5.72505],
						"0.9583": [14.59017, -3.79712, 4.09834],
						"1.0": [9.44237, 3.46487, -9.87573],
						"1.0833": [18.34977, 0.44528, -8.84065],
						"1.1667": [-13.77952, 0.06468, 5.04476],
						"1.25": [-11.29642, 3.73645, 5.35587],
						"1.3333": [-11.64809, -0.34192, -6.4678],
						"1.4583": [3.45713, -12.2785, -14.84826],
						"1.5833": [32.40204, -22.427, -18.02903],
						"1.6667": [36.31585, -5.46486, -13.57353],
						"1.75": [48.81585, -5.46486, -13.57353],
						"1.8333": [26.82974, -11.95489, -1.95764],
						"1.9167": [-0.66475, -9.45506, -1.98727],
						"1.9583": [0.57848, 0.53929, -9.48894],
						"2.0": [0.68235, 2.90113, 3.04049],
						"2.0833": [18.18235, 2.90113, 3.04049],
						"2.1667": [-16.81765, 2.90113, 3.04049],
						"2.25": [6.1682, 4.07124, 10.33256],
						"2.2917": [9.82905, 0.7044, 12.95791],
						"2.3333": [12.70892, -2.63556, 10.48779],
						"2.375": [6.79951, 6.68148, -9.58454],
						"2.4583": [18.18235, 2.90113, 3.04049],
						"2.6667": [3.86, 2.9, 3.04],
						"2.8333": [28.96168, -1.75342, 1.21027],
						"2.9167": [37.33288, -2.65201, 0.21221],
						"3.0": [30.70408, -3.55061, -0.78586]
					}
				}
			}
		},
		"animation.chimecho_mega.cry": {
			"animation_length": 1.5,
			"bones": {
				"head": {
					"rotation": {
						"0.0": {
							"post": [0, 0, 0],
							"lerp_mode": "catmullrom"
						},
						"0.25": {
							"post": [5, 0, 0],
							"lerp_mode": "catmullrom"
						},
						"0.5": {
							"post": [-10, 0, 0],
							"lerp_mode": "catmullrom"
						},
						"1.25": {
							"post": [-10, 0, 0],
							"lerp_mode": "catmullrom"
						},
						"1.5": {
							"post": [0, 0, 0],
							"lerp_mode": "catmullrom"
						}
					}
				},
				"mouth": {
					"position": {
						"0.0": [0, 0, 0],
						"0.25": [0, 0, -0.1],
						"1.25": [0, 0, -0.1],
						"1.5": [0, 0, 0]
					}
				}
			},
			"sound_effects": {
				"0.0417": {
					"effect": "pokemon.chimecho_mega.cry"
				}
			}
		},
		"animation.chimecho_mega.blink": {
			"animation_length": 0.1667,
			"bones": {
				"eyelid_left": {
					"position": {
						"0.0": [0, 0, -0.1],
						"0.125": [0, 0, -0.1],
						"0.1667": [0, 0, 0]
					}
				},
				"eyelid_right": {
					"position": {
						"0.0": [0, 0, -0.1],
						"0.125": [0, 0, -0.1],
						"0.1667": [0, 0, 0]
					}
				}
			}
		}
	}
}