{
  "species": "cobblemon:timburr",
  "order": 0,
  "variations": [
    {
      "aspects": [],
      "poser": "cobblemon:timburr",
      "model": "cobblemon:timburr.geo",
      "texture": "cobblemon:textures/pokemon/0532_timburr/timburr.png",
      "layers": []
    },
    {
      "aspects": [
        "shiny"
      ],
      "texture": "cobblemon:textures/pokemon/0532_timburr/timburr_shiny.png"
    },
    {
      "aspects": [
        "tree-oak"
      ],
      "texture": "cobblemon:textures/pokemon/0532_timburr/timburr_tree_oak.png",
      "layers": [
        {
          "texture": "cobblemon:textures/pokemon/0532_timburr/timburr_oak.png"
        }
      ]
    },
    {
      "aspects": [
        "tree-spruce"
      ],
      "texture": "cobblemon:textures/pokemon/0532_timburr/timburr_tree_spruce.png",
      "layers": [
        {
          "texture": "cobblemon:textures/pokemon/0532_timburr/timburr_spruce.png"
        }
      ]
    },
    {
      "aspects": [
        "tree-acacia"
      ],
      "texture": "cobblemon:textures/pokemon/0532_timburr/timburr_tree_acacia.png",
      "layers": [
        {
          "texture": "cobblemon:textures/pokemon/0532_timburr/timburr_acacia.png"
        }
      ]
    },
    {
      "aspects": [
        "tree-birch"
      ],
      "texture": "cobblemon:textures/pokemon/0532_timburr/timburr_tree_birch.png",
      "layers": [
        {
          "texture": "cobblemon:textures/pokemon/0532_timburr/timburr_birch.png"
        }
      ]
    },
    {
      "aspects": [
        "tree-darkoak"
      ],
      "texture": "cobblemon:textures/pokemon/0532_timburr/timburr_tree_dark_oak.png",
      "layers": [
        {
          "texture": "cobblemon:textures/pokemon/0532_timburr/timburr_dark_oak.png"
        }
      ]
    },
    {
      "aspects": [
        "tree-jungle"
      ],
      "texture": "cobblemon:textures/pokemon/0532_timburr/timburr_tree_jungle.png",
      "layers": [
        {
          "texture": "cobblemon:textures/pokemon/0532_timburr/timburr_jungle.png"
        }
      ]
    },
    {
      "aspects": [
        "tree-mangrove"
      ],
      "texture": "cobblemon:textures/pokemon/0532_timburr/timburr_tree_mangrove.png",
      "layers": [
        {
          "texture": "cobblemon:textures/pokemon/0532_timburr/timburr_mangrove.png"
        }
      ]
    },
    {
      "aspects": [
        "tree-crimson"
      ],
      "texture": "cobblemon:textures/pokemon/0532_timburr/timburr_tree_crimson.png",
      "layers": [
        {
          "texture": "cobblemon:textures/pokemon/0532_timburr/timburr_crimson.png"
        }
      ]
    },
    {
      "aspects": [
        "tree-warped"
      ],
      "texture": "cobblemon:textures/pokemon/0532_timburr/timburr_tree_warped.png",
      "layers": [
        {
          "texture": "cobblemon:textures/pokemon/0532_timburr/timburr_warped.png"
        }
      ]
    },
    {
      "aspects": [
        "tree-saccharine"
      ],
      "texture": "cobblemon:textures/pokemon/0532_timburr/timburr_tree_saccharine.png",
      "layers": [
        {
          "texture": "cobblemon:textures/pokemon/0532_timburr/timburr_saccharine.png"
        }
      ]
    },
    {
      "aspects": [
        "tree-oak",
        "shiny"
      ],
      "texture": "cobblemon:textures/pokemon/0532_timburr/timburr_tree_oak_shiny.png",
      "layers": [
        {
          "texture": "cobblemon:textures/pokemon/0532_timburr/timburr_oak.png"
        }
      ]
    },
    {
      "aspects": [
        "tree-spruce",
        "shiny"
      ],
      "texture": "cobblemon:textures/pokemon/0532_timburr/timburr_tree_spruce_shiny.png",
      "layers": [
        {
          "texture": "cobblemon:textures/pokemon/0532_timburr/timburr_spruce.png"
        }
      ]
    },
    {
      "aspects": [
        "tree-acacia",
        "shiny"
      ],
      "texture": "cobblemon:textures/pokemon/0532_timburr/timburr_tree_acacia_shiny.png",
      "layers": [
        {
          "texture": "cobblemon:textures/pokemon/0532_timburr/timburr_acacia.png"
        }
      ]
    },
    {
      "aspects": [
        "tree-birch",
        "shiny"
      ],
      "texture": "cobblemon:textures/pokemon/0532_timburr/timburr_tree_birch_shiny.png",
      "layers": [
        {
          "texture": "cobblemon:textures/pokemon/0532_timburr/timburr_birch.png"
        }
      ]
    },
    {
      "aspects": [
        "tree-darkoak",
        "shiny"
      ],
      "texture": "cobblemon:textures/pokemon/0532_timburr/timburr_tree_dark_oak_shiny.png",
      "layers": [
        {
          "texture": "cobblemon:textures/pokemon/0532_timburr/timburr_dark_oak.png"
        }
      ]
    },
    {
      "aspects": [
        "tree-jungle",
        "shiny"
      ],
      "texture": "cobblemon:textures/pokemon/0532_timburr/timburr_tree_jungle_shiny.png",
      "layers": [
        {
          "texture": "cobblemon:textures/pokemon/0532_timburr/timburr_jungle.png"
        }
      ]
    },
    {
      "aspects": [
        "tree-mangrove",
        "shiny"
      ],
      "texture": "cobblemon:textures/pokemon/0532_timburr/timburr_tree_mangrove_shiny.png",
      "layers": [
        {
          "texture": "cobblemon:textures/pokemon/0532_timburr/timburr_mangrove.png"
        }
      ]
    },
    {
      "aspects": [
        "tree-crimson",
        "shiny"
      ],
      "texture": "cobblemon:textures/pokemon/0532_timburr/timburr_tree_crimson_shiny.png",
      "layers": [
        {
          "texture": "cobblemon:textures/pokemon/0532_timburr/timburr_crimson.png"
        }
      ]
    },
    {
      "aspects": [
        "tree-warped",
        "shiny"
      ],
      "texture": "cobblemon:textures/pokemon/0532_timburr/timburr_tree_warped_shiny.png",
      "layers": [
        {
          "texture": "cobblemon:textures/pokemon/0532_timburr/timburr_warped.png"
        }
      ]
    },
    {
      "aspects": [
        "tree-saccharine",
        "shiny"
      ],
      "texture": "cobblemon:textures/pokemon/0532_timburr/timburr_tree_saccharine_shiny.png",
      "layers": [
        {
          "texture": "cobblemon:textures/pokemon/0532_timburr/timburr_saccharine.png"
        }
      ]
    }
  ]
}