{
  "species": "cobblemon:poltchageist",
  "order": 1,
  "variations": [
    {
      "aspects": [
        "artisan"
      ],
      "poser": "cobblemon:poltchageist",
      "model": "cobblemon:poltchageist_artisan.geo",
      "texture": "cobblemon:textures/pokemon/1012_poltchageist/poltchageist_artisan.png",
      "layers": [
        {
          "name": "emissive",
          "emissive": true,
          "texture": "cobblemon:textures/pokemon/1012_poltchageist/poltchageist_emissive.png",
          "translucent": true
        }
      ]
    },
    {
      "aspects": [
        "artisan",
        "shiny"
      ],
      "texture": "cobblemon:textures/pokemon/1012_poltchageist/poltchageist_artisan_shiny.png",
      "layers": [
        {
          "name": "emissive",
          "emissive": true,
          "texture": "cobblemon:textures/pokemon/1012_poltchageist/poltchageist_emissive_shiny.png",
          "translucent": true
        }
      ]
    }
  ]
}