{
  "portraitScale": 1.9,
  "portraitTranslation": [-0.05, 1.65, 0.0],
  "profileScale": 0.55,
  "profileTranslation": [-0.1, 0.95, 0.0],
  "animations": {
    "cry": "q.bedrock_stateful('hawluchamega', 'ground_idle')",
    "recoil": "q.bedrock_stateful('hawluchamega', 'recoil', q.curve('one'))",
    "physical": "q.bedrock_primary('hawluchamega', 'physical', q.curve('symmetrical_wide'))",
    "special": "q.bedrock_primary('hawluchamega', 'special', q.curve('symmetrical_wide'))"
  },
  "poses": {
    "standing": {
      "poseTypes": ["STAND", "NONE", "PORTRAIT", "PROFILE"],
      "isBattle": false,
      "animations": ["q.look('head')", "q.bedrock('hawluchamega', 'ground_idle')"]
    },
    "battle-standing": {
      "poseTypes": ["STAND", "FLY", "WALK"],
      "isBattle": true,
      "animations": [
        "q.look('head')",
        "q.bedrock('hawluchamega', 'battle_idle')"
      ]
    },
    "walking": {
      "poseTypes": ["WALK"],
      "isBattle": false,
      "animations": ["q.look('head')", "q.bedrock('hawluchamega', 'ground_walk')"]
    },
    "sleeping": {
      "poseTypes": ["SLEEP"],
      "animations": ["q.bedrock('hawluchamega', 'sleep')"]
    }
  }
}