{
	"format_version": "1.12.0",
	"minecraft:geometry": [
		{
			"description": {
				"identifier": "geometry.excadrill",
				"texture_width": 128,
				"texture_height": 128,
				"visible_bounds_width": 8,
				"visible_bounds_height": 4.5,
				"visible_bounds_offset": [0, 1.75, 0]
			},
			"bones": [
				{
					"name": "excadrill",
					"pivot": [0, 0, 0]
				},
				{
					"name": "locator_root",
					"parent": "excadrill",
					"pivot": [0, 0, 0],
					"locators": {
						"root": [0, 0, 0]
					}
				},
				{
					"name": "locator_top",
					"parent": "excadrill",
					"pivot": [0, 26, 0],
					"locators": {
						"top": [0, 26, 0]
					}
				},
				{
					"name": "body",
					"parent": "excadrill",
					"pivot": [0, 14, 0]
				},
				{
					"name": "body2",
					"parent": "body",
					"pivot": [0, 14, 0]
				},
				{
					"name": "locator_target",
					"parent": "body2",
					"pivot": [0, 14, -9.5],
					"locators": {
						"target": [0, 14, -9.5]
					}
				},
				{
					"name": "locator_middle",
					"parent": "body2",
					"pivot": [0, 15, 0],
					"locators": {
						"middle": [0, 15, 0]
					}
				},
				{
					"name": "torso",
					"parent": "body2",
					"pivot": [0, 6, 0],
					"cubes": [
						{"origin": [-6.5, 6, -6.5], "size": [13, 11, 13], "inflate": 1, "uv": [0, 0]}
					]
				},
				{
					"name": "bone",
					"parent": "torso",
					"pivot": [-0.01068, 12.7, -7.7],
					"cubes": [
						{"origin": [-3.6, 12.8, -8.2], "size": [5, 1, 1], "pivot": [-1.1, 13.3, -7.7], "rotation": [0, 0, -60], "uv": [80, 33]},
						{"origin": [-1.46603, 12.8, -8.2], "size": [5, 1, 1], "pivot": [1.03397, 13.3, -7.7], "rotation": [0, 0, 60], "uv": [80, 33]},
						{"origin": [-2.46603, 11, -8.2], "size": [5, 1, 1], "uv": [80, 33]},
						{"origin": [-1.46603, 11, -8.2], "size": [3, 2, 1], "uv": [81, 33]},
						{"origin": [-1.16603, 12, -8.2], "size": [2, 2, 1], "uv": [81, 33]},
						{"origin": [-0.96603, 12.3, -8.2], "size": [2, 2, 1], "uv": [81, 33]}
					]
				},
				{
					"name": "tail",
					"parent": "torso",
					"pivot": [0, 6.5, 6.5],
					"cubes": [
						{"origin": [0, 5, 5.5], "size": [0, 3, 3], "uv": [72, 90]}
					]
				},
				{
					"name": "locator_tail",
					"parent": "tail",
					"pivot": [0, 6.5, 7.5],
					"rotation": [-180, 0, 180],
					"locators": {
						"tail": [0, 6.5, 7.5]
					}
				},
				{
					"name": "locator_tail_tip",
					"parent": "tail",
					"pivot": [0, 6.5, 8.45],
					"rotation": [-180, 0, 180],
					"locators": {
						"tail_tip": [0, 6.5, 8.45]
					}
				},
				{
					"name": "torso2",
					"parent": "torso",
					"pivot": [0, 14.5, 0],
					"cubes": [
						{"origin": [-5, 15.5, -5.1], "size": [10, 7, 11], "inflate": 0.01, "uv": [0, 24]}
					]
				},
				{
					"name": "head",
					"parent": "torso2",
					"pivot": [0, 23, -0.5]
				},
				{
					"name": "head_ai",
					"parent": "head",
					"pivot": [0, 23, -0.5]
				},
				{
					"name": "head_angle",
					"parent": "head_ai",
					"pivot": [0, 23, -0.5],
					"cubes": [
						{"origin": [-4, 22, -7], "size": [8, 8, 11], "inflate": 0.01, "uv": [0, 42]}
					]
				},
				{
					"name": "locator_item_hat",
					"parent": "head_angle",
					"pivot": [0, 30, -4],
					"locators": {
						"item_hat": [0, 30, -4]
					}
				},
				{
					"name": "head_blade",
					"parent": "head_angle",
					"pivot": [0, 31.5, -9],
					"cubes": [
						{"origin": [-4, 28.5, -12], "size": [8, 3, 3], "inflate": 0.2, "uv": [2, 91]},
						{"origin": [-4, 28.5, -8.6], "size": [8, 4, 5], "inflate": 0.2, "uv": [0, 89]},
						{"origin": [-4, 28.5, -3.2], "size": [8, 5, 5], "inflate": 0.2, "uv": [0, 89]},
						{"origin": [-4, 30.1, -3.6], "size": [8, 2, 1], "inflate": 0.6, "uv": [84, 66]},
						{"origin": [-4, 32.17511, -2.88112], "size": [8, 1, 1], "inflate": 0.6, "pivot": [0, 31.6, -2.5], "rotation": [40, 0, 0], "uv": [85, 74]},
						{"origin": [-4, 31.1766, -8.73572], "size": [8, 1, 1], "inflate": 0.6, "pivot": [0, 31.6, -8.3], "rotation": [40, 0, 0], "uv": [85, 74]},
						{"origin": [-4, 30.1, -8.9], "size": [8, 1, 1], "inflate": 0.6, "uv": [84, 66]},
						{"origin": [0, 30.9, -2.2], "size": [0, 7, 5], "uv": [72, 66]}
					]
				},
				{
					"name": "bone4",
					"parent": "head_blade",
					"pivot": [0, 6.8, -2],
					"cubes": [
						{"origin": [-3.5, 28.3, -17], "size": [7, 3, 5], "uv": [1, 89]},
						{"origin": [-3.5, 28.3, -20], "size": [7, 3, 3], "uv": [3, 91]},
						{"origin": [-4, 29.9, -16.2], "size": [8, 1, 1], "inflate": 0.4, "uv": [79, 49]},
						{"origin": [-4, 30.8, -16.2], "size": [8, 1, 1], "inflate": 0.41, "pivot": [0, 31.3, -15.7], "rotation": [-45, 0, 0], "uv": [80, 57]}
					],
					"locators": {
						"head": [0, 30.3, -18]
					}
				},
				{
					"name": "bone5",
					"parent": "bone4",
					"pivot": [0, 7, -8],
					"cubes": [
						{"origin": [-2, 28.5, -24], "size": [4, 2, 4], "inflate": 0.2, "uv": [21, 88]},
						{"origin": [-2, 28.5, -28.4], "size": [4, 2, 4], "inflate": 0.2, "uv": [21, 88]},
						{"origin": [-1.5, 28.5, -31.8], "size": [3, 2, 3], "inflate": 0.2, "uv": [23, 89]},
						{"origin": [-2, 30.1, -21.1], "size": [4, 0, 0], "inflate": 0.5, "uv": [84, 51]},
						{"origin": [-2, 30, -25], "size": [4, 0, 0], "inflate": 0.5, "uv": [84, 51]},
						{"origin": [-1.5, 30.1, -28.8], "size": [3, 0, 0], "inflate": 0.5, "uv": [85, 50]},
						{"origin": [-2, 30.7, -21.1], "size": [4, 0, 0], "inflate": 0.5, "pivot": [0, 30.7, -21.1], "rotation": [-42.5, 0, 0], "uv": [83, 58]},
						{"origin": [-2, 30.7, -25], "size": [4, 0, 0], "inflate": 0.5, "pivot": [0, 30.7, -25], "rotation": [-42.5, 0, 0], "uv": [86, 58]},
						{"origin": [-1.5, 30.5, -28.8], "size": [3, 0, 0], "inflate": 0.5, "pivot": [0, 30.5, -28.8], "rotation": [47.5, 0, 0], "uv": [87, 58]}
					]
				},
				{
					"name": "locator_head",
					"parent": "head_blade",
					"pivot": [0, 30.5, -18]
				},
				{
					"name": "head2",
					"parent": "head_angle",
					"pivot": [0, 25, -7],
					"cubes": [
						{"origin": [-3, 23, -11], "size": [6, 5, 5], "uv": [40, 0]},
						{"origin": [-1.5, 22.98, -10.4], "size": [3, 1, 3], "inflate": -0.01, "uv": [47, 26]},
						{"origin": [-2, 23, -14], "size": [4, 3, 3], "uv": [64, 2]},
						{"origin": [-1, 24.2, -15.8], "size": [2, 2, 2], "inflate": -0.2, "uv": [58, 0]},
						{"origin": [-3, 26.6, -10], "size": [6, 1, 4], "inflate": 0.025, "uv": [40, 53]},
						{"origin": [-3, 27.6, -10], "size": [6, 1, 4], "inflate": 0.025, "uv": [40, 53]},
						{"origin": [-3, 27.6, -11], "size": [6, 1, 4], "inflate": 0.025, "uv": [40, 53]},
						{"origin": [-3, 27.6, -10], "size": [6, 1, 4], "inflate": 0.025, "uv": [40, 53]},
						{"origin": [-3, 28.6, -11], "size": [6, 1, 5], "inflate": 0.155, "uv": [39, 52]}
					]
				},
				{
					"name": "locator_face",
					"parent": "head2",
					"pivot": [0, 25.2, -15.6],
					"locators": {
						"face": [0, 25.2, -15.6]
					}
				},
				{
					"name": "locator_item_face",
					"parent": "head2",
					"pivot": [0, 25.6, -11],
					"locators": {
						"item_face": [0, 25.6, -11]
					}
				},
				{
					"name": "locator_mouth",
					"parent": "head2",
					"pivot": [0, 23, -7.6],
					"locators": {
						"mouth": [0, 23, -7.6]
					}
				},
				{
					"name": "locator_jaw_upper",
					"parent": "head2",
					"pivot": [0, 23, -10.2],
					"locators": {
						"jaw1": [0, 23, -10.2]
					}
				},
				{
					"name": "eyes",
					"parent": "head2",
					"pivot": [-3.01, 26, -10]
				},
				{
					"name": "eye_right",
					"parent": "eyes",
					"pivot": [-3.01, 26, -10],
					"cubes": [
						{"origin": [-3.01, 25, -11], "size": [0, 1, 2], "uv": [1, 0]}
					]
				},
				{
					"name": "eye_emote_right",
					"parent": "eye_right",
					"pivot": [-3.01, 26, -9],
					"cubes": [
						{"origin": [-3.01, 26, -11], "size": [0, 1, 2], "uv": [1, -1]}
					]
				},
				{
					"name": "eye_emote_right2",
					"parent": "eye_right",
					"pivot": [-3.01, 26, -9],
					"cubes": [
						{"origin": [-3.01, 26, -9], "size": [0, 1, 1], "uv": [1, 2]}
					]
				},
				{
					"name": "pupil_right",
					"parent": "eye_right",
					"pivot": [-3.02, 26.1, -10.2],
					"cubes": [
						{"origin": [-3.02, 25.6, -10.7], "size": [0, 1, 1], "uv": [1, 4]}
					]
				},
				{
					"name": "locator_eye_right",
					"parent": "pupil_right",
					"pivot": [-3, 26.1, -10.2],
					"locators": {
						"eye1": [-3, 26.1, -10.2]
					}
				},
				{
					"name": "eye_left",
					"parent": "eyes",
					"pivot": [3.01, 26, -10],
					"cubes": [
						{"origin": [3.01, 25, -11], "size": [0, 1, 2], "uv": [6, 0], "mirror": true}
					]
				},
				{
					"name": "eye_emote_left",
					"parent": "eye_left",
					"pivot": [3.01, 26, -9],
					"cubes": [
						{"origin": [3.01, 26, -11], "size": [0, 1, 2], "uv": [6, -1], "mirror": true}
					]
				},
				{
					"name": "eye_emote_left2",
					"parent": "eye_left",
					"pivot": [3.01, 26, -9],
					"cubes": [
						{"origin": [3.01, 26, -9], "size": [0, 1, 1], "uv": [6, 2], "mirror": true}
					]
				},
				{
					"name": "pupil_left",
					"parent": "eye_left",
					"pivot": [3.02, 26.1, -10.2],
					"cubes": [
						{"origin": [3.02, 25.6, -10.7], "size": [0, 1, 1], "uv": [6, 4], "mirror": true}
					]
				},
				{
					"name": "locator_eye_left",
					"parent": "pupil_left",
					"pivot": [3, 26.1, -10.2],
					"locators": {
						"eye2": [3, 26.1, -10.2]
					}
				},
				{
					"name": "eyelid_right",
					"parent": "eyes",
					"pivot": [-2.91, 26, -9.4],
					"cubes": [
						{"origin": [-2.91, 25, -10.9], "size": [0, 2, 3], "uv": [53, 8]}
					]
				},
				{
					"name": "eyelid_left",
					"parent": "eyes",
					"pivot": [2.91, 26, -9.4],
					"cubes": [
						{"origin": [2.91, 25, -10.9], "size": [0, 2, 3], "uv": [60, 8], "mirror": true}
					]
				},
				{
					"name": "eyelid_hurt_right",
					"parent": "eyes",
					"pivot": [-2.91, 26, -9.4],
					"cubes": [
						{"origin": [-2.91, 25, -10.9], "size": [0, 2, 3], "uv": [53, 11]}
					]
				},
				{
					"name": "eyelid_hurt_left",
					"parent": "eyes",
					"pivot": [2.91, 26, -9.4],
					"cubes": [
						{"origin": [2.91, 25, -10.9], "size": [0, 2, 3], "uv": [60, 11], "mirror": true}
					]
				},
				{
					"name": "eyelid_happy_right",
					"parent": "eyes",
					"pivot": [-2.91, 26, -9.4],
					"cubes": [
						{"origin": [-2.91, 25, -10.9], "size": [0, 2, 3], "uv": [53, 14]}
					]
				},
				{
					"name": "eyelid_happy_left",
					"parent": "eyes",
					"pivot": [2.91, 26, -9.4],
					"cubes": [
						{"origin": [2.91, 25, -10.9], "size": [0, 2, 3], "uv": [60, 14], "mirror": true}
					]
				},
				{
					"name": "jaw",
					"parent": "head2",
					"pivot": [0.5, 23, -7.5],
					"cubes": [
						{"origin": [-1.5, 22.3, -10.5], "size": [3, 1, 4], "uv": [32, 25]}
					]
				},
				{
					"name": "locator_jaw_lower",
					"parent": "jaw",
					"pivot": [0, 23.3, -10.2],
					"locators": {
						"jaw2": [0, 23.3, -10.2]
					}
				},
				{
					"name": "arms",
					"parent": "torso2",
					"pivot": [0, 16.75, -1]
				},
				{
					"name": "arm_right",
					"parent": "arms",
					"pivot": [-11.5, 16.75, 2],
					"cubes": [
						{"origin": [-15.5, 15.75, -0.5], "size": [4, 2, 5], "uv": [21, 63]},
						{"origin": [-11.5, 15.75, -0.5], "size": [4, 2, 5], "uv": [21, 63]}
					]
				},
				{
					"name": "bone3",
					"parent": "arm_right",
					"pivot": [-7.98932, 17.9, 0.3],
					"rotation": [-109.4254, -58.52505, 16.73958],
					"cubes": [
						{"origin": [-9.4, 18, -0.2], "size": [5, 1, 1], "pivot": [-6.9, 18.5, 0.3], "rotation": [0, 0, 60], "uv": [80, 33], "mirror": true},
						{"origin": [-11.53397, 18, -0.2], "size": [5, 1, 1], "pivot": [-9.03397, 18.5, 0.3], "rotation": [0, 0, -60], "uv": [80, 33], "mirror": true},
						{"origin": [-10.53397, 16.2, -0.2], "size": [5, 1, 1], "uv": [80, 33], "mirror": true},
						{"origin": [-9.53397, 16.2, -0.2], "size": [3, 2, 1], "uv": [81, 33], "mirror": true},
						{"origin": [-8.83397, 17.2, -0.2], "size": [2, 2, 1], "uv": [81, 33], "mirror": true},
						{"origin": [-9.03397, 17.5, -0.2], "size": [2, 2, 1], "uv": [81, 33], "mirror": true}
					]
				},
				{
					"name": "hand_right",
					"parent": "arm_right",
					"pivot": [-14.5, 16.75, 2],
					"cubes": [
						{"origin": [-20.5, 15.5, -2.5], "size": [6, 3, 9], "inflate": 0.02, "uv": [0, 61]}
					]
				},
				{
					"name": "locator_hand_primary",
					"parent": "hand_right",
					"pivot": [-20.5, 17, 2],
					"rotation": [0, 90, 0],
					"locators": {
						"hand_primary": [-20.5, 17, 2]
					}
				},
				{
					"name": "locator_item",
					"parent": "hand_right",
					"pivot": [-20.5, 15.5, 2],
					"locators": {
						"item": [-20.5, 15.5, 2]
					}
				},
				{
					"name": "claws_right",
					"parent": "hand_right",
					"pivot": [-20.5, 18.5, 2]
				},
				{
					"name": "claws_combined_right",
					"parent": "claws_right",
					"pivot": [-20.5, 18.5, 2],
					"cubes": [
						{"origin": [-24.5, 15.5, -2.5], "size": [4, 3, 9], "inflate": 0.01, "uv": [5, 106]},
						{"origin": [-28.5, 15.5, -1.5], "size": [4, 2, 7], "inflate": 0.01, "uv": [0, 118]},
						{"origin": [-31.5, 15.5, -0.5], "size": [3, 0, 5], "uv": [72, 108], "mirror": true},
						{"origin": [-31.5, 15.5, 2], "size": [11, 7, 0], "uv": [105, 68]}
					]
				},
				{
					"name": "claws_separate_right",
					"parent": "claws_right",
					"pivot": [-20.5, 18.5, 2]
				},
				{
					"name": "claw_front_right",
					"parent": "claws_separate_right",
					"pivot": [-20.5, 18.5, -1],
					"cubes": [
						{"origin": [-24.5, 15.5, -2.5], "size": [4, 3, 3], "uv": [0, 97]},
						{"origin": [-30.5, 15.5, -0.75], "size": [2, 2, 0], "uv": [86, 113]},
						{"origin": [-28.5, 15.5, -1.75], "size": [4, 2, 2], "uv": [36, 94]}
					]
				},
				{
					"name": "claw_middle_right",
					"parent": "claws_separate_right",
					"pivot": [-20.5, 18.5, 2],
					"cubes": [
						{"origin": [-24.5, 15.5, 0.5], "size": [4, 3, 3], "inflate": 0.01, "uv": [0, 103]},
						{"origin": [-31.5, 15.5, 2], "size": [11, 7, 0], "uv": [105, 84]},
						{"origin": [-28.5, 15.5, 1], "size": [4, 2, 2], "inflate": 0.01, "uv": [36, 98]}
					]
				},
				{
					"name": "locator_physical",
					"parent": "claw_middle_right",
					"pivot": [-25.85, 16.5, 2],
					"locators": {
						"physical": [-25.85, 16.5, 2],
						"special": [-25.85, 16.5, 2],
						"blade": [-25.85, 16.5, 2]
					}
				},
				{
					"name": "claw_back_right",
					"parent": "claws_separate_right",
					"pivot": [-20.5, 18.5, 5],
					"cubes": [
						{"origin": [-24.5, 15.5, 3.5], "size": [4, 3, 3], "uv": [0, 109]},
						{"origin": [-28.5, 15.5, 3.75], "size": [4, 2, 2], "uv": [36, 102]},
						{"origin": [-30.5, 15.5, 4.75], "size": [2, 2, 0], "uv": [86, 117]}
					]
				},
				{
					"name": "head_blade4",
					"parent": "hand_right",
					"pivot": [-31, 19.5, 2],
					"rotation": [0, 90, 0],
					"cubes": [
						{"origin": [-35, 16.5, -1], "size": [8, 3, 3], "inflate": 0.2, "uv": [2, 91], "mirror": true},
						{"origin": [-34.5, 16.5, -6], "size": [7, 3, 5], "uv": [1, 89], "mirror": true},
						{"origin": [-34.5, 16.5, -9], "size": [7, 3, 3], "uv": [3, 91], "mirror": true},
						{"origin": [-35, 16.5, 2.4], "size": [8, 3, 5], "inflate": 0.2, "uv": [0, 89], "mirror": true},
						{"origin": [-35, 16.5, 7.8], "size": [8, 3, 5], "inflate": 0.2, "uv": [0, 89], "mirror": true},
						{"origin": [-35, 18.1, 7.8], "size": [8, 1, 1], "inflate": 0.6, "uv": [79, 49], "mirror": true},
						{"origin": [-35, 19.1, 8], "size": [8, 1, 1], "inflate": 0.6, "pivot": [-31, 19.6, 8.5], "rotation": [40, 0, 0], "uv": [80, 57], "mirror": true},
						{"origin": [-35, 19.1, 2.2], "size": [8, 1, 1], "inflate": 0.6, "pivot": [-31, 19.6, 2.7], "rotation": [40, 0, 0], "uv": [80, 57], "mirror": true},
						{"origin": [-35, 18.1, 2.1], "size": [8, 1, 1], "inflate": 0.6, "uv": [79, 49], "mirror": true},
						{"origin": [-35, 18.1, -5.2], "size": [8, 1, 1], "inflate": 0.4, "uv": [79, 49], "mirror": true},
						{"origin": [-35, 19, -5.2], "size": [8, 1, 1], "inflate": 0.41, "pivot": [-31, 19.5, -4.7], "rotation": [-45, 0, 0], "uv": [80, 57], "mirror": true},
						{"origin": [-31, 18.9, 8.8], "size": [0, 7, 5], "uv": [72, 66], "mirror": true},
						{"origin": [-33, 17, -13], "size": [4, 2, 4], "inflate": 0.2, "uv": [21, 88], "mirror": true},
						{"origin": [-33, 18.6, -10.1], "size": [4, 0, 0], "inflate": 0.5, "uv": [84, 51], "mirror": true},
						{"origin": [-33, 19.2, -10.1], "size": [4, 0, 0], "inflate": 0.5, "pivot": [-31, 19.2, -10.1], "rotation": [-42.5, 0, 0], "uv": [83, 58], "mirror": true},
						{"origin": [-33, 19.2, -14], "size": [4, 0, 0], "inflate": 0.5, "pivot": [-31, 19.2, -14], "rotation": [-42.5, 0, 0], "uv": [86, 58], "mirror": true},
						{"origin": [-33, 18.5, -14], "size": [4, 0, 0], "inflate": 0.5, "uv": [84, 51], "mirror": true},
						{"origin": [-33, 17, -17.4], "size": [4, 2, 4], "inflate": 0.2, "uv": [21, 88], "mirror": true},
						{"origin": [-32.5, 17, -20.8], "size": [3, 2, 3], "inflate": 0.2, "uv": [23, 89], "mirror": true},
						{"origin": [-32.5, 18.6, -17.8], "size": [3, 0, 0], "inflate": 0.5, "uv": [85, 50], "mirror": true},
						{"origin": [-32.5, 19, -17.8], "size": [3, 0, 0], "inflate": 0.5, "pivot": [-31, 19, -17.8], "rotation": [47.5, 0, 0], "uv": [87, 58], "mirror": true}
					]
				},
				{
					"name": "arm_left",
					"parent": "arms",
					"pivot": [11, 16.75, 2],
					"cubes": [
						{"origin": [11, 15.75, -0.5], "size": [4, 2, 5], "uv": [51, 63], "mirror": true},
						{"origin": [7, 15.75, -0.5], "size": [4, 2, 5], "uv": [51, 63], "mirror": true}
					]
				},
				{
					"name": "bone2",
					"parent": "arm_left",
					"pivot": [7.98932, 17.9, 0.3],
					"rotation": [-109.4254, 58.52505, -16.73958],
					"cubes": [
						{"origin": [4.4, 18, -0.2], "size": [5, 1, 1], "pivot": [6.9, 18.5, 0.3], "rotation": [0, 0, -60], "uv": [80, 33]},
						{"origin": [6.53397, 18, -0.2], "size": [5, 1, 1], "pivot": [9.03397, 18.5, 0.3], "rotation": [0, 0, 60], "uv": [80, 33]},
						{"origin": [5.53397, 16.2, -0.2], "size": [5, 1, 1], "uv": [80, 33]},
						{"origin": [6.53397, 16.2, -0.2], "size": [3, 2, 1], "uv": [81, 33]},
						{"origin": [6.83397, 17.2, -0.2], "size": [2, 2, 1], "uv": [81, 33]},
						{"origin": [7.03397, 17.5, -0.2], "size": [2, 2, 1], "uv": [81, 33]}
					]
				},
				{
					"name": "hand_left",
					"parent": "arm_left",
					"pivot": [14, 16.75, 2],
					"cubes": [
						{"origin": [14, 15.5, -2.5], "size": [6, 3, 9], "inflate": 0.02, "uv": [30, 61], "mirror": true}
					]
				},
				{
					"name": "head_blade2",
					"parent": "hand_left",
					"pivot": [31, 19.5, 2],
					"rotation": [0, -90, 0],
					"cubes": [
						{"origin": [27, 16.5, -1], "size": [8, 3, 3], "inflate": 0.2, "uv": [2, 91]},
						{"origin": [27.5, 16.5, -6], "size": [7, 3, 5], "uv": [1, 89]},
						{"origin": [27.5, 16.5, -9], "size": [7, 3, 3], "uv": [3, 91]},
						{"origin": [27, 16.5, 2.4], "size": [8, 3, 5], "inflate": 0.2, "uv": [0, 89]},
						{"origin": [27, 16.5, 7.8], "size": [8, 3, 5], "inflate": 0.2, "uv": [0, 89]},
						{"origin": [27, 18.1, 7.8], "size": [8, 1, 1], "inflate": 0.6, "uv": [79, 49]},
						{"origin": [27, 19.1, 8], "size": [8, 1, 1], "inflate": 0.6, "pivot": [31, 19.6, 8.5], "rotation": [40, 0, 0], "uv": [80, 57]},
						{"origin": [27, 19.1, 2.2], "size": [8, 1, 1], "inflate": 0.6, "pivot": [31, 19.6, 2.7], "rotation": [40, 0, 0], "uv": [80, 57]},
						{"origin": [27, 18.1, 2.1], "size": [8, 1, 1], "inflate": 0.6, "uv": [79, 49]},
						{"origin": [27, 18.1, -5.2], "size": [8, 1, 1], "inflate": 0.4, "uv": [79, 49]},
						{"origin": [27, 19, -5.2], "size": [8, 1, 1], "inflate": 0.41, "pivot": [31, 19.5, -4.7], "rotation": [-45, 0, 0], "uv": [80, 57]},
						{"origin": [31, 18.9, 8.8], "size": [0, 7, 5], "uv": [72, 66]},
						{"origin": [29, 17, -13], "size": [4, 2, 4], "inflate": 0.2, "uv": [21, 88]},
						{"origin": [29, 18.6, -10.1], "size": [4, 0, 0], "inflate": 0.5, "uv": [84, 51]},
						{"origin": [29, 19.2, -10.1], "size": [4, 0, 0], "inflate": 0.5, "pivot": [31, 19.2, -10.1], "rotation": [-42.5, 0, 0], "uv": [83, 58]},
						{"origin": [29, 19.2, -14], "size": [4, 0, 0], "inflate": 0.5, "pivot": [31, 19.2, -14], "rotation": [-42.5, 0, 0], "uv": [86, 58]},
						{"origin": [29, 18.5, -14], "size": [4, 0, 0], "inflate": 0.5, "uv": [84, 51]},
						{"origin": [29, 17, -17.4], "size": [4, 2, 4], "inflate": 0.2, "uv": [21, 88]},
						{"origin": [29.5, 17, -20.8], "size": [3, 2, 3], "inflate": 0.2, "uv": [23, 89]},
						{"origin": [29.5, 18.6, -17.8], "size": [3, 0, 0], "inflate": 0.5, "uv": [85, 50]},
						{"origin": [29.5, 19, -17.8], "size": [3, 0, 0], "inflate": 0.5, "pivot": [31, 19, -17.8], "rotation": [47.5, 0, 0], "uv": [87, 58]}
					]
				},
				{
					"name": "locator_head2",
					"parent": "head_blade2",
					"pivot": [31, 18.5, -7],
					"locators": {
						"head2": [31, 18.5, -7]
					}
				},
				{
					"name": "locator_hand_secondary",
					"parent": "hand_left",
					"pivot": [20, 17, 2],
					"rotation": [0, -90, 0],
					"locators": {
						"hand_secondary": [20, 17, 2]
					}
				},
				{
					"name": "claws_left",
					"parent": "hand_left",
					"pivot": [20, 18.5, 2]
				},
				{
					"name": "claws_combined_left",
					"parent": "claws_left",
					"pivot": [20, 18.5, 2],
					"cubes": [
						{"origin": [20, 15.5, -2.5], "size": [4, 3, 9], "inflate": 0.01, "uv": [31, 106], "mirror": true},
						{"origin": [24, 15.5, -1.5], "size": [4, 2, 7], "inflate": 0.01, "uv": [22, 118], "mirror": true},
						{"origin": [28, 15.5, -0.5], "size": [3, 0, 5], "uv": [72, 115], "mirror": true},
						{"origin": [20, 15.5, 2], "size": [11, 7, 0], "uv": [105, 76], "mirror": true}
					]
				},
				{
					"name": "claws_separate_left",
					"parent": "claws_left",
					"pivot": [20, 18.5, 2]
				},
				{
					"name": "claw_front_left",
					"parent": "claws_separate_left",
					"pivot": [20, 18.5, -1],
					"cubes": [
						{"origin": [20, 15.5, -2.5], "size": [4, 3, 3], "uv": [22, 97], "mirror": true},
						{"origin": [28, 15.5, -0.75], "size": [2, 2, 0], "uv": [86, 121], "mirror": true},
						{"origin": [24, 15.5, -1.75], "size": [4, 2, 2], "uv": [48, 94], "mirror": true}
					]
				},
				{
					"name": "claw_middle_left",
					"parent": "claws_separate_left",
					"pivot": [20, 18.5, 2],
					"cubes": [
						{"origin": [20, 15.5, 0.5], "size": [4, 3, 3], "inflate": 0.01, "uv": [22, 103], "mirror": true},
						{"origin": [20, 15.5, 2], "size": [11, 7, 0], "uv": [105, 92], "mirror": true},
						{"origin": [24, 15.5, 1], "size": [4, 2, 2], "inflate": 0.01, "uv": [48, 98], "mirror": true}
					]
				},
				{
					"name": "locator_blade2",
					"parent": "claw_middle_left",
					"pivot": [25.35, 16.5, 2],
					"locators": {
						"blade2": [25.35, 16.5, 2]
					}
				},
				{
					"name": "claw_back_left",
					"parent": "claws_separate_left",
					"pivot": [20, 18.5, 5],
					"cubes": [
						{"origin": [20, 15.5, 3.5], "size": [4, 3, 3], "uv": [22, 109], "mirror": true},
						{"origin": [24, 15.5, 3.75], "size": [4, 2, 2], "uv": [48, 102], "mirror": true},
						{"origin": [28, 15.5, 4.75], "size": [2, 2, 0], "uv": [86, 125], "mirror": true}
					]
				},
				{
					"name": "legs",
					"parent": "body2",
					"pivot": [0, 5.5, -1]
				},
				{
					"name": "leg_right",
					"parent": "legs",
					"pivot": [-9.5, 5.5, -1],
					"cubes": [
						{"origin": [-12, 1, -4.5], "size": [5, 7, 7], "uv": [0, 73]},
						{"origin": [-12, 8, -4.5], "size": [5, 2, 7], "uv": [0, 73]},
						{"origin": [-9.5, 2, -6.5], "size": [0, 3, 2], "uv": [62, 91]}
					]
				},
				{
					"name": "foot_right",
					"parent": "leg_right",
					"pivot": [-9.5, 1, -1.5],
					"cubes": [
						{"origin": [-11, 0, -3.5], "size": [3, 1, 4], "inflate": 0.01, "uv": [17, 73]}
					]
				},
				{
					"name": "locator_foot_primary",
					"parent": "foot_right",
					"pivot": [-9.5, 0.5, -2.5],
					"rotation": [90, 0, 0],
					"locators": {
						"foot_primary": [-9.5, 0.5, -2.5]
					}
				},
				{
					"name": "toes_right",
					"parent": "foot_right",
					"pivot": [-9.5, 0, -3.5],
					"cubes": [
						{"origin": [-11, 0, -5.5], "size": [3, 1, 2], "uv": [48, 78]}
					]
				},
				{
					"name": "leg_left",
					"parent": "legs",
					"pivot": [9.5, 5.5, -1],
					"cubes": [
						{"origin": [7, 1, -4.5], "size": [5, 7, 7], "uv": [24, 73], "mirror": true},
						{"origin": [7, 8, -4.5], "size": [5, 2, 7], "uv": [24, 73], "mirror": true},
						{"origin": [9.5, 2, -6.5], "size": [0, 3, 2], "uv": [67, 91], "mirror": true}
					]
				},
				{
					"name": "foot_left",
					"parent": "leg_left",
					"pivot": [9.5, 1, -1.5],
					"cubes": [
						{"origin": [8, 0, -3.5], "size": [3, 1, 4], "inflate": 0.01, "uv": [41, 73], "mirror": true}
					]
				},
				{
					"name": "locator_foot_secondary",
					"parent": "foot_left",
					"pivot": [9.5, 0.5, -2.5],
					"rotation": [90, 0, 0],
					"locators": {
						"foot_secondary": [9.5, 0.5, -2.5]
					}
				},
				{
					"name": "toes_left",
					"parent": "foot_left",
					"pivot": [9.5, 0, -3.5],
					"cubes": [
						{"origin": [8, 0, -5.5], "size": [3, 1, 2], "uv": [48, 81], "mirror": true}
					]
				}
			]
		}
	]
}