{
  "species": "cobblemon:gourgeist",
  "order": 3,
  "variations": [
    {
      "aspects": [
        "pumpkin-size-super"
      ],
      "poser": "cobblemon:gourgeist_super",
      "model": "cobblemon:gourgeist.geo",
      "texture": "cobblemon:textures/pokemon/0711_gourgeist/gourgeist_super.png",
      "layers": [
        {
          "name": "color",
          "texture": "cobblemon:textures/pokemon/0711_gourgeist/gourgeist_emissive.png",
          "emissive": true
        }
      ]
    },
    {
      "aspects": [
        "pumpkin-size-super",
        "shiny"
      ],
      "texture": "cobblemon:textures/pokemon/0711_gourgeist/gourgeist_super_shiny.png",
      "layers": [
        {
          "name": "color",
          "texture": "cobblemon:textures/pokemon/0711_gourgeist/gourgeist_shiny_emissive.png",
          "emissive": true
        }
      ]
    }
  ]
}