{
  "species": "cobblemon:wooper",
  "order": 0,
  "variations": [
    {
      "aspects": [],
      "poser": "cobblemon:wooper",
      "model": "cobblemon:wooper_male.geo",
      "texture": "cobblemon:textures/pokemon/0194_wooper/wooper.png",
      "layers": []
    },
    {
      "aspects": [
        "wooper_heart"
      ],
      "model": "cobblemon:wooper_heart_male.geo",
      "texture": "cobblemon:textures/pokemon/0194_wooper/wooper_heart.png"
    },
    {
      "aspects": [
        "shiny"
      ],
      "texture": "cobblemon:textures/pokemon/0194_wooper/wooper_shiny.png"
    },
    {
      "aspects": [
        "wooper_heart",
        "shiny"
      ],
      "model": "cobblemon:wooper_heart_male.geo",
      "texture": "cobblemon:textures/pokemon/0194_wooper/wooper_heart_shiny.png"
    }
  ]
}