{
  "species": "cobblemon:floette",
  "order": 2,
  "variations": [
    {
      "aspects": ["eternalflower"],
      "poser": "cobblemon:floette_eternalflower",
      "model": "cobblemon:floette_eternalflower.geo",
      "texture": "cobblemon:textures/pokemon/0670_floette/floette_eternal.png",
      "layers": []
    },
    {
      "aspects": ["shiny", "eternalflower"],
      "texture": "cobblemon:textures/pokemon/0670_floette/floette_eternal_shiny.png",
      "layers": []
    }
  ]
}