{
  "species": "cobblemon:floette",
  "order": 7,
  "variations": [
    {
      "aspects": ["eternalflower","mega"],
      "poser": "cobblemon:floette_eternal_mega",
      "model": "cobblemon:floette_eternal_mega.geo",
      "texture": "cobblemon:textures/pokemon/floette_eternal_mega/floette_eternal_mega.png",
      "layers": []
    },
    {
      "aspects": ["eternalflower","mega","shiny"],
      "texture": "cobblemon:textures/pokemon/floette_eternal_mega/floette_eternal_mega_shiny.png"
    }
  ]
}
