{
  "criteria": {
    "defeat_gym_leader_wake_2": {
      "conditions": {
        "count": 1,
        "entity": {
          "type": null
        },
        "trainer_ids": [
          "gym_leader_wake_058c"
        ],
        "trainer_type": null
      },
      "trigger": "rctmod:defeat_count"
    }
  },
  "display": {
    "announce_to_chat": true,
    "background": null,
    "description": {
      "translate": "advancements.rctmod.defeat_gym_leader_wake_2.description"
    },
    "frame": "challenge",
    "hidden": true,
    "icon": {
      "id": "pkgbadges:the_fen_badge"
    },
    "show_toast": true,
    "title": {
      "translate": "advancements.rctmod.defeat_gym_leader_wake_2.title"
    }
  },
  "parent": "rctmod:trainers/defeat_gym_leader_wake_1",
  "requirements": [
    [
      "defeat_gym_leader_wake_2"
    ]
  ]
}