{
  "criteria": {
    "defeat_gym_leader_volkner_1": {
      "conditions": {
        "count": 1,
        "entity": {
          "type": null
        },
        "trainer_ids": [
          "gym_leader_volkner_03db"
        ],
        "trainer_type": null
      },
      "trigger": "rctmod:defeat_count"
    }
  },
  "display": {
    "announce_to_chat": true,
    "background": null,
    "description": {
      "translate": "advancements.rctmod.defeat_gym_leader_volkner_1.description"
    },
    "frame": "goal",
    "hidden": false,
    "icon": {
      "id": "pkgbadges:the_beacon_badge"
    },
    "show_toast": true,
    "title": {
      "translate": "advancements.rctmod.defeat_gym_leader_volkner_1.title"
    }
  },
  "parent": "rctmod:trainers/defeat_team_galactic_boss_cyrus_2",
  "requirements": [
    [
      "defeat_gym_leader_volkner_1"
    ]
  ]
}