{
	"format_version": "1.8.0",
	"animations": {
		"animation.scolipede_mega.ground_idle": {
			"loop": true,
			"bones": {
				"body": {
					"position": [0, "-1.5+math.sin(q.anim_time*90*2)*0.2", "math.sin(q.anim_time*90*2)*0.1"]
				},
				"neck": {
					"rotation": ["-2.5+math.sin(q.anim_time*90*2-180)*1", 0, 0]
				},
				"neck2": {
					"rotation": ["5+math.sin(q.anim_time*90*2-90)*0.75", 0, 0]
				},
				"neck3": {
					"rotation": ["5+math.sin(q.anim_time*90*2-180)*1", 0, 0]
				},
				"head": {
					"rotation": ["2.5+math.sin(q.anim_time*90*2-180)*0.5", 0, 0]
				},
				"horn_left": {
					"rotation": [0, 0, "10-math.sin(q.anim_time*90*2-45)*1"]
				},
				"tail_horn_left": {
					"rotation": [0, 2.5, "10+math.sin(q.anim_time*90*2-45)*1"]
				},
				"leg_front_left": {
					"rotation": ["0.0272-math.sin(q.anim_time*90*2)*1", -1.68868, -1.84373]
				},
				"leg_front_left2": {
					"rotation": ["-10.0288+math.sin(q.anim_time*90*2)*1", -2.4195, -0.64749]
				},
				"leg_back_left": {
					"rotation": ["7.5-math.sin(q.anim_time*90*2-45)*1", 0, 0]
				},
				"leg_back_left2": {
					"rotation": ["-10+math.sin(q.anim_time*90*2-45)*1", 0, 0],
					"position": [0, "-math.sin(q.anim_time*90*2-135)*0.1", "math.sin(q.anim_time*90*2-100)*0.15"]
				},
				"torso2": {
					"rotation": ["math.sin(q.anim_time*90*2)*0.75", 0, 0]
				},
				"torso3": {
					"rotation": ["math.sin(q.anim_time*90*2-90)*0.5", 0, 0]
				},
				"shell_spike2_left": {
					"rotation": [0, 0, "17+math.sin(q.anim_time*90*4-180)*4"]
				},
				"shell_spike3_left": {
					"rotation": [0, 0, "7+math.sin(q.anim_time*90*4-135)*4"]
				},
				"shell_spike4_left": {
					"rotation": [0, 0, "17+math.sin(q.anim_time*90*4-90)*4"]
				},
				"shell_spike5_left": {
					"rotation": [0, 0, "9.5+math.sin(q.anim_time*90*4-45)*4"]
				},
				"tail": {
					"rotation": ["math.sin(q.anim_time*90*2-45)*0.75", 0, 0]
				},
				"shell_spike1_left": {
					"rotation": [0, 0, "10+math.sin(q.anim_time*90*4-180)*4"]
				},
				"tail2": {
					"rotation": ["math.sin(q.anim_time*90*2-90)*0.75", 0, 0]
				},
				"leg_front_left3": {
					"rotation": [0, 0, 0]
				},
				"foot_front_left": {
					"rotation": [9.97766, -1.15408, 2.21783]
				},
				"foot_back_left": {
					"rotation": [2.5, 0, 0]
				},
				"shell_spike2_right": {
					"rotation": [0, 0, "-17-math.sin(q.anim_time*90*4-180)*4"]
				},
				"shell_spike3_right": {
					"rotation": [0, 0, "-7-math.sin(q.anim_time*90*4-135)*4"]
				},
				"shell_spike4_right": {
					"rotation": [0, 0, "-17-math.sin(q.anim_time*90*4-90)*4"]
				},
				"shell_spike5_right": {
					"rotation": [0, 0, "-9.5-math.sin(q.anim_time*90*4-45)*4"]
				},
				"shell_spike1_right": {
					"rotation": [0, 0, "-10-math.sin(q.anim_time*90*4-180)*4"]
				},
				"leg_front_right": {
					"rotation": ["0.0272-math.sin(q.anim_time*90*2)*1", 1.68868, 1.84373]
				},
				"leg_front_right2": {
					"rotation": ["-10.0288+math.sin(q.anim_time*90*2)*1", 2.4195, 0.64749]
				},
				"leg_front_right3": {
					"rotation": [0, 0, 0]
				},
				"foot_front_right": {
					"rotation": [9.97766, 1.15408, -2.21783]
				},
				"leg_back_right": {
					"rotation": ["7.5-math.sin(q.anim_time*90*2-45)*1", 0, 0]
				},
				"leg_back_right2": {
					"rotation": ["-10+math.sin(q.anim_time*90*2-45)*1", 0, 0],
					"position": [0, "-math.sin(q.anim_time*90*2-135)*0.1", "math.sin(q.anim_time*90*2-100)*0.15"]
				},
				"foot_back_right": {
					"rotation": [2.5, 0, 0]
				},
				"horn_right": {
					"rotation": [0, 0, "-10+math.sin(q.anim_time*90*2-45)*1"]
				},
				"tail_horn_right": {
					"rotation": [0, -2.5, "-10-math.sin(q.anim_time*90*2-45)*1"]
				},
				"bone": {
					"rotation": [-5, 0, 0],
					"position": [0, 1, 2],
					"scale": [1.4, 1.2, 1.2]
				},
				"horn": {
					"position": [0, 0, 0],
					"scale": 1.5
				}
			}
		},
		"animation.scolipede_mega.ground_walk": {
			"loop": true,
			"animation_length": 2,
			"bones": {
				"body": {
					"rotation": [0, 0, 0],
					"position": [0, -1, "math.sin(q.anim_time*90*4)*0.1"]
				},
				"neck": {
					"rotation": ["-5+math.sin(q.anim_time*90*4-180)*2", "math.sin(q.anim_time*90*2)*2+math.sin(q.anim_time*90*2-90)*4", 0],
					"position": [0, -0.25, -0.5]
				},
				"neck2": {
					"rotation": ["12.5+math.sin(q.anim_time*90*4-90)*1.5", 0, 0]
				},
				"neck3": {
					"rotation": ["10+math.sin(q.anim_time*90*4-180)*1.5", 0, 0]
				},
				"head": {
					"rotation": ["-17.5+math.sin(q.anim_time*90*4-180)*-3", 0, 0]
				},
				"horn_left": {
					"rotation": [0, 0, "10-math.sin(q.anim_time*90*2-45)*1"]
				},
				"tail_horn_left": {
					"rotation": ["math.sin(q.anim_time*90*4-180)*3", 5, "10+math.sin(q.anim_time*90*4-45)*1"]
				},
				"torso2": {
					"rotation": ["15+math.sin(q.anim_time*90*4)*0.75", "-math.sin(q.anim_time*90*2)*2", 0],
					"position": [0, 0, 2]
				},
				"torso3": {
					"rotation": ["-2.5+math.sin(q.anim_time*90*4-90)*1.2", 0, 0]
				},
				"shell_spike2_left": {
					"rotation": [0, 5, "10+math.sin(q.anim_time*90*8-180)*8"]
				},
				"shell_spike3_left": {
					"rotation": [0, 2.5, "7.5+math.sin(q.anim_time*90*8-135)*6"]
				},
				"shell_spike4_left": {
					"rotation": [-5, -5, "15+math.sin(q.anim_time*90*8-90)*8"],
					"position": [0, 0, -0.4]
				},
				"shell_spike5_left": {
					"rotation": [0, 5, "10+math.sin(q.anim_time*90*8-45)*8"]
				},
				"tail": {
					"rotation": ["-2.5+math.sin(q.anim_time*90*4-45)*2", 0, 0],
					"position": [0, 0, -0.5]
				},
				"shell_spike1_left": {
					"rotation": [0, 0, "10+math.sin(q.anim_time*90*8-180)*8"]
				},
				"tail2": {
					"rotation": ["math.sin(q.anim_time*90*4-90)*1.5", 0, 0]
				},
				"head2": {
					"rotation": ["-10-math.sin(q.anim_time*90*4-90)*2", 0, 0]
				},
				"leg_front_left": {
					"rotation": {
						"0.0": [0, 0, 0],
						"0.3333": [12.5, 0, 0],
						"0.5": [15, 0, 0],
						"0.8333": {
							"pre": [25, 0, 0],
							"post": [25, 0, 0],
							"lerp_mode": "catmullrom"
						},
						"1.0": {
							"post": [32.5, 0, 0],
							"lerp_mode": "catmullrom"
						},
						"1.25": {
							"post": [16.52, 0, 0],
							"lerp_mode": "catmullrom"
						},
						"1.5": [-29.46, 0, 0],
						"2.0": [0, 0, 0]
					},
					"position": {
						"0.0": [0, 0.7, 0],
						"0.1667": [0, 1, 0],
						"0.3333": [0, 0.8, 0],
						"0.5": [0, 0.7, 0],
						"0.8333": {
							"pre": [0, 0.7, -1.5],
							"post": [0, 0.7, -1.5],
							"lerp_mode": "catmullrom"
						},
						"1.0": {
							"post": [0, 0.7, -2],
							"lerp_mode": "catmullrom"
						},
						"1.25": {
							"post": [0, 0.7, -2.5],
							"lerp_mode": "catmullrom"
						},
						"1.5": [0, 0.7, 0.35],
						"1.625": [0, 1.4, 0.26],
						"1.75": [0, 1.5, 0.16],
						"2.0": [0, 0.7, 0]
					}
				},
				"leg_front_left2": {
					"rotation": {
						"0.0": [0, 0, 0],
						"0.5": [15, 0, 0],
						"0.625": [8.75, 0, 0],
						"0.8333": {
							"pre": [-12.5, 0, 0],
							"post": [-12.5, 0, 0],
							"lerp_mode": "catmullrom"
						},
						"1.0": {
							"post": [-37.5, 0, 0],
							"lerp_mode": "catmullrom"
						},
						"1.25": {
							"post": [-40.96, 0, 0],
							"lerp_mode": "catmullrom"
						},
						"1.5": [0.57, 0, 0],
						"2.0": [0, 0, 0]
					},
					"position": {
						"0.0": [0, 0, 0],
						"0.5": [0, 0, 0],
						"0.8333": {
							"pre": [0, 0, -1],
							"post": [0, 0, -1],
							"lerp_mode": "catmullrom"
						},
						"1.0": {
							"post": [0, 0, -4],
							"lerp_mode": "catmullrom"
						},
						"2.0": [0, 0, 0]
					}
				},
				"leg_front_left3": {
					"rotation": {
						"0.0": [0, 0, 0],
						"0.5": [-2.5, 0, 0],
						"0.8333": {
							"pre": [5, 0, 0],
							"post": [5, 0, 0],
							"lerp_mode": "catmullrom"
						},
						"1.0": {
							"post": [5.54, 0, 0],
							"lerp_mode": "catmullrom"
						},
						"1.5": [4.54, 0, 0],
						"2.0": [0, 0, 0]
					}
				},
				"foot_front_left": {
					"rotation": {
						"0.0": [0, 0, 0],
						"0.5": [-26.5, 0, 0],
						"0.625": [-19, 0, 0],
						"0.8333": {
							"pre": [8.5, 0, 0],
							"post": [8.5, 0, 0],
							"lerp_mode": "catmullrom"
						},
						"1.0": {
							"post": [6.85, 0, 0],
							"lerp_mode": "catmullrom"
						},
						"1.25": {
							"post": [1.91, 0, 0],
							"lerp_mode": "catmullrom"
						},
						"1.5": [25.96, 0, 0],
						"2.0": [0, 0, 0]
					}
				},
				"torso": {
					"rotation": [0, 0, "0+math.sin(q.anim_time*90*2-90)*4"],
					"position": [0, "math.sin(q.anim_time*90*4)*0.8", 0]
				},
				"shell_spike2_right": {
					"rotation": [0, -5, "-10-math.sin(q.anim_time*90*8-180)*8"]
				},
				"shell_spike3_right": {
					"rotation": [0, -2.5, "-7.5-math.sin(q.anim_time*90*8-135)*6"]
				},
				"shell_spike4_right": {
					"rotation": [-5, 5, "-15-math.sin(q.anim_time*90*8-90)*8"],
					"position": [0, 0, -0.4]
				},
				"shell_spike5_right": {
					"rotation": [0, -5, "-10-math.sin(q.anim_time*90*8-45)*8"]
				},
				"horn_right": {
					"rotation": ["math.sin(q.anim_time*90*4-180)*3", 0, "-10-math.sin(q.anim_time*90*4-45)*1"]
				},
				"shell_spike1_right": {
					"rotation": [0, 0, "-10-math.sin(q.anim_time*90*8-180)*8"]
				},
				"tail_horn_right": {
					"rotation": ["math.sin(q.anim_time*90*4-180)*3", -5, "-10-math.sin(q.anim_time*90*4-45)*1"]
				},
				"leg_front_right": {
					"rotation": {
						"0.0": {
							"post": [32.5, 0, 0],
							"lerp_mode": "catmullrom"
						},
						"0.25": {
							"post": [16.52, 0, 0],
							"lerp_mode": "catmullrom"
						},
						"0.5": [-29.46, 0, 0],
						"1.0": [0, 0, 0],
						"1.3333": [12.5, 0, 0],
						"1.5": [15, 0, 0],
						"1.8333": {
							"pre": [25, 0, 0],
							"post": [25, 0, 0],
							"lerp_mode": "catmullrom"
						},
						"2.0": {
							"post": [32.5, 0, 0],
							"lerp_mode": "catmullrom"
						}
					},
					"position": {
						"0.0": {
							"post": [0, 0.7, -2],
							"lerp_mode": "catmullrom"
						},
						"0.25": {
							"post": [0, 0.7, -2.5],
							"lerp_mode": "catmullrom"
						},
						"0.5": [0, 0.7, 0.35],
						"0.625": [0, 1.4, 0.26],
						"0.75": [0, 1.5, 0.16],
						"1.0": [0, 0.7, 0],
						"1.1667": [0, 1, 0],
						"1.3333": [0, 0.8, 0],
						"1.5": [0, 0.7, 0],
						"1.8333": {
							"pre": [0, 0.7, -1.5],
							"post": [0, 0.7, -1.5],
							"lerp_mode": "catmullrom"
						},
						"2.0": {
							"post": [0, 0.7, -2],
							"lerp_mode": "catmullrom"
						}
					}
				},
				"leg_front_right2": {
					"rotation": {
						"0.0": {
							"post": [-37.5, 0, 0],
							"lerp_mode": "catmullrom"
						},
						"0.25": {
							"post": [-40.96, 0, 0],
							"lerp_mode": "catmullrom"
						},
						"0.5": [0.57, 0, 0],
						"1.0": [0, 0, 0],
						"1.5": [15, 0, 0],
						"1.625": [8.75, 0, 0],
						"1.8333": {
							"pre": [-12.5, 0, 0],
							"post": [-12.5, 0, 0],
							"lerp_mode": "catmullrom"
						},
						"2.0": {
							"post": [-37.5, 0, 0],
							"lerp_mode": "catmullrom"
						}
					},
					"position": {
						"0.0": {
							"post": [0, 0, -4],
							"lerp_mode": "catmullrom"
						},
						"1.0": [0, 0, 0],
						"1.5": [0, 0, 0],
						"1.8333": {
							"pre": [0, 0, -1],
							"post": [0, 0, -1],
							"lerp_mode": "catmullrom"
						},
						"2.0": {
							"post": [0, 0, -4],
							"lerp_mode": "catmullrom"
						}
					}
				},
				"leg_front_right3": {
					"rotation": {
						"0.0": {
							"post": [5.54, 0, 0],
							"lerp_mode": "catmullrom"
						},
						"0.5": [4.54, 0, 0],
						"1.0": [0, 0, 0],
						"1.5": [-2.5, 0, 0],
						"1.8333": {
							"pre": [5, 0, 0],
							"post": [5, 0, 0],
							"lerp_mode": "catmullrom"
						},
						"2.0": {
							"post": [5.54, 0, 0],
							"lerp_mode": "catmullrom"
						}
					}
				},
				"foot_front_right": {
					"rotation": {
						"0.0": {
							"post": [6.85, 0, 0],
							"lerp_mode": "catmullrom"
						},
						"0.25": {
							"post": [1.91, 0, 0],
							"lerp_mode": "catmullrom"
						},
						"0.5": [25.96, 0, 0],
						"1.0": [0, 0, 0],
						"1.5": [-26.5, 0, 0],
						"1.625": [-19, 0, 0],
						"1.8333": {
							"pre": [8.5, 0, 0],
							"post": [8.5, 0, 0],
							"lerp_mode": "catmullrom"
						},
						"2.0": {
							"post": [6.85, 0, 0],
							"lerp_mode": "catmullrom"
						}
					}
				},
				"leg_back_left": {
					"rotation": {
						"0.0": [0, 0, 0],
						"0.5": {
							"pre": [5.83, 0, 0],
							"post": [5.83, 0, 0],
							"lerp_mode": "catmullrom"
						},
						"0.75": {
							"post": [-12.78, 0, 0],
							"lerp_mode": "catmullrom"
						},
						"1.0": [-50, 0, 0],
						"2.0": [0, 0, 0]
					},
					"position": {
						"0.0": [0.25, 0.9, 0],
						"0.2917": {
							"pre": [0.25, 2.15, -2.28],
							"post": [0.25, 2.15, -2.28],
							"lerp_mode": "catmullrom"
						},
						"0.5": {
							"post": [0.25, 3, -3.9],
							"lerp_mode": "catmullrom"
						},
						"0.75": {
							"post": [0.25, 3.53, -3.85],
							"lerp_mode": "catmullrom"
						},
						"1.0": [0.25, 5, -3],
						"1.25": [0.25, 4.58, -2.25],
						"1.5": [0.25, 3.75, -1.5],
						"2.0": [0.25, 0.9, 0]
					}
				},
				"leg_back_left2": {
					"rotation": {
						"0.0": [0, 0, 0],
						"0.4583": {
							"pre": [-11.67, 0, 0],
							"post": [-11.67, 0, 0],
							"lerp_mode": "catmullrom"
						},
						"0.75": {
							"post": [-3.02, 0, 0],
							"lerp_mode": "catmullrom"
						},
						"1.0": [47.5, 0, 0],
						"2.0": [0, 0, 0]
					}
				},
				"leg_back_left3": {
					"rotation": {
						"0.0": [0, 0, 0],
						"0.0417": [6.25, 0, 0],
						"0.0833": [12.5, 0, 0],
						"0.25": [17.5, 0, 0],
						"0.5": [10, 0, 0],
						"0.75": [0, 0, 0],
						"1.0": [0, 0, 0],
						"2.0": [0, 0, 0]
					}
				},
				"foot_back_left": {
					"rotation": {
						"0.0": [0, 0, 0],
						"0.0417": [-2.92, 0, 0],
						"0.0833": [4.15, 0, 0],
						"0.4583": {
							"pre": [30, 0, 0],
							"post": [30, 0, 0],
							"lerp_mode": "catmullrom"
						},
						"0.75": {
							"post": [21.35, 0, 0],
							"lerp_mode": "catmullrom"
						},
						"0.875": {
							"post": [1.93, 0, 0],
							"lerp_mode": "catmullrom"
						},
						"1.0": [0, 0, 0],
						"2.0": [0, 0, 0]
					}
				},
				"leg_back_right": {
					"rotation": {
						"0.0": [-50, 0, 0],
						"1.0": [0, 0, 0],
						"1.5": {
							"pre": [5.83, 0, 0],
							"post": [5.83, 0, 0],
							"lerp_mode": "catmullrom"
						},
						"1.75": {
							"post": [-12.78, 0, 0],
							"lerp_mode": "catmullrom"
						},
						"2.0": [-50, 0, 0]
					},
					"position": {
						"0.0": [-0.25, 5, -3],
						"0.25": [-0.25, 4.58, -2.25],
						"0.5": [-0.25, 3.75, -1.5],
						"1.0": [-0.25, 0.9, 0],
						"1.2917": {
							"pre": [-0.25, 2.15, -2.28],
							"post": [-0.25, 2.15, -2.28],
							"lerp_mode": "catmullrom"
						},
						"1.5": {
							"post": [-0.25, 3, -3.9],
							"lerp_mode": "catmullrom"
						},
						"1.75": {
							"post": [-0.25, 3.53, -3.85],
							"lerp_mode": "catmullrom"
						},
						"2.0": [-0.25, 5, -3]
					}
				},
				"leg_back_right2": {
					"rotation": {
						"0.0": [47.5, 0, 0],
						"1.0": [0, 0, 0],
						"1.4583": {
							"pre": [-11.67, 0, 0],
							"post": [-11.67, 0, 0],
							"lerp_mode": "catmullrom"
						},
						"1.75": {
							"post": [-3.02, 0, 0],
							"lerp_mode": "catmullrom"
						},
						"2.0": [47.5, 0, 0]
					}
				},
				"leg_back_right3": {
					"rotation": {
						"0.0": [0, 0, 0],
						"1.0": [0, 0, 0],
						"1.0417": [6.25, 0, 0],
						"1.0833": [12.5, 0, 0],
						"1.25": [17.5, 0, 0],
						"1.5": [10, 0, 0],
						"1.75": [0, 0, 0],
						"2.0": [0, 0, 0]
					}
				},
				"foot_back_right": {
					"rotation": {
						"0.0": [0, 0, 0],
						"1.0": [0, 0, 0],
						"1.0417": [-2.92, 0, 0],
						"1.0833": [4.15, 0, 0],
						"1.4583": {
							"pre": [30, 0, 0],
							"post": [30, 0, 0],
							"lerp_mode": "catmullrom"
						},
						"1.75": {
							"post": [21.35, 0, 0],
							"lerp_mode": "catmullrom"
						},
						"1.875": {
							"post": [1.93, 0, 0],
							"lerp_mode": "catmullrom"
						},
						"2.0": [0, 0, 0]
					}
				},
				"locator_seat_1": {
					"rotation": ["-math.sin(q.anim_time*90*4-45)*2", 0, 0]
				},
				"bone": {
					"rotation": [-5, 0, 0],
					"position": [0, 1, 2],
					"scale": 1.2
				},
				"horn": {
					"position": [0, 0, 0],
					"scale": 1.5
				}
			}
		},
		"animation.scolipede_mega.battle_idle": {
			"loop": true,
			"bones": {
				"body": {
					"rotation": [0, -5, 0],
					"position": [-0.25, "-1.5+math.sin(q.anim_time*90*4)*0.2", "0.5+math.sin(q.anim_time*90*4)*0.1"]
				},
				"neck": {
					"rotation": ["-5.0048+math.sin(q.anim_time*90*4-180)*1", 0.21782, 2.4905],
					"position": [-0.5, -0.5, 0]
				},
				"neck2": {
					"rotation": ["9.9977+math.sin(q.anim_time*90*4-90)*0.75", -0.36834, 2.6138],
					"position": [0.3, -0.75, 0.25]
				},
				"neck3": {
					"rotation": ["5.0137+math.sin(q.anim_time*90*4-180)*1", 2.19152, 1.2027],
					"position": [0, -0.5, 0]
				},
				"head": {
					"rotation": ["-12.5+math.sin(q.anim_time*90*4-180)*0.5", 0, 0]
				},
				"horn_left": {
					"rotation": [0, 0, "10-math.sin(q.anim_time*90*2-45)*1"]
				},
				"tail_horn_left": {
					"rotation": [0, 5, "12.5+math.sin(q.anim_time*90*4-45)*1"]
				},
				"torso2": {
					"rotation": ["math.sin(q.anim_time*90*4)*0.75", 0, 0]
				},
				"torso3": {
					"rotation": ["20+math.sin(q.anim_time*90*4-90)*0.5", 0, 0]
				},
				"shell_spike2_left": {
					"rotation": [0, 5, "5+math.sin(q.anim_time*90*8-180)*8"]
				},
				"shell_spike3_left": {
					"rotation": [0, 5, "2+math.sin(q.anim_time*90*8-135)*8"]
				},
				"shell_spike4_left": {
					"rotation": [0, 5, "17+math.sin(q.anim_time*90*8-90)*8"]
				},
				"shell_spike5_left": {
					"rotation": [0, 5, "7+math.sin(q.anim_time*90*8-45)*8"]
				},
				"tail": {
					"rotation": ["5+math.sin(q.anim_time*90*4-45)*0.75", 0, 0]
				},
				"shell_spike1_left": {
					"rotation": [0, 0, "10+math.sin(q.anim_time*90*8-180)*8"]
				},
				"tail2": {
					"rotation": ["5+math.sin(q.anim_time*90*4-90)*0.75", 0, 0],
					"position": [0, 0.5, -0.5]
				},
				"head2": {
					"rotation": [-7.5, 0, 0]
				},
				"leg_front_left": {
					"rotation": ["-17.4054-math.sin(q.anim_time*90*4)*1", -4.32875, -2.50477],
					"position": [0, 2, 1]
				},
				"leg_front_left2": {
					"rotation": ["8.3782+math.sin(q.anim_time*90*4)*1.5", 1.45072, 2.9409],
					"position": [0, 0, 1]
				},
				"leg_back_left": {
					"rotation": ["-5.2285-math.sin(q.anim_time*90*4-45)*0.75", 12.73723, 0.40753],
					"position": [0, "1.7+math.sin(q.anim_time*90*4-135)*0.03", 1]
				},
				"leg_back_left2": {
					"rotation": ["-2.477+math.sin(q.anim_time*90*4-45)*0.7", -0.32703, -0.08137],
					"position": [0, "-math.sin(q.anim_time*90*4-135)*0.05", "math.sin(q.anim_time*90*4-135)*0.125"]
				},
				"leg_front_left3": {
					"rotation": [0, 0, 0]
				},
				"shell_spike2_right": {
					"rotation": [0, -5, "-5-math.sin(q.anim_time*90*8-180)*8"]
				},
				"shell_spike3_right": {
					"rotation": [0, -5, "-2-math.sin(q.anim_time*90*8-135)*8"]
				},
				"shell_spike4_right": {
					"rotation": [0, -5, "-17-math.sin(q.anim_time*90*8-90)*8"]
				},
				"shell_spike5_right": {
					"rotation": [0, -5, "-7-math.sin(q.anim_time*90*8-45)*8"]
				},
				"shell_spike1_right": {
					"rotation": [0, 0, "-10-math.sin(q.anim_time*90*8-180)*8"]
				},
				"foot_front_left": {
					"rotation": [9, 0, 0]
				},
				"foot_back_left": {
					"rotation": [7.5, 0, 0]
				},
				"leg_front_right": {
					"rotation": ["-17.4054-math.sin(q.anim_time*90*4)*1", 4.32875, 2.50477],
					"position": [0, 2, 1]
				},
				"leg_front_right2": {
					"rotation": ["8.3782+math.sin(q.anim_time*90*4)*1.5", -1.45072, -2.9409],
					"position": [0, 0, 1]
				},
				"foot_front_right": {
					"rotation": [9, 0, 0]
				},
				"leg_back_right": {
					"rotation": ["-5.2285-math.sin(q.anim_time*90*4-45)*0.75", -12.73723, -0.40753],
					"position": [0, "1.7+math.sin(q.anim_time*90*4-135)*0.03", 1]
				},
				"leg_back_right2": {
					"rotation": ["-2.477+math.sin(q.anim_time*90*4-45)*0.7", 0.32703, 0.08137],
					"position": [0, "-math.sin(q.anim_time*90*4-135)*0.05", "math.sin(q.anim_time*90*4-135)*0.125"]
				},
				"foot_back_right": {
					"rotation": [7.5, 0, 0]
				},
				"horn_right": {
					"rotation": [0, 0, "-15+math.sin(q.anim_time*90*4-45)*1"]
				},
				"tail_horn_right": {
					"rotation": [0, -5, "-12.5-math.sin(q.anim_time*90*4-45)*1"]
				},
				"eye_angry_left": {
					"position": [0.1, 0, 0]
				},
				"eye_angry_right": {
					"position": [-0.1, 0, 0]
				},
				"bone": {
					"rotation": [-5, 0, 0],
					"position": [0, 1, 2],
					"scale": 1.2
				},
				"horn": {
					"position": [0, 0, 0],
					"scale": 1.5
				}
			}
		}
	}
}