{
  "species": "cobblemon:raichu",
  "order": 0,
  "variations": [
    {
      "aspects": [],
      "poser": "cobblemon:raichu",
      "model": "cobblemon:raichu_male.geo",
      "texture": "cobblemon:textures/pokemon/0026_raichu/raichu.png",
      "layers": [
        {
          "name": "emissive",
          "texture": "cobblemon:textures/pokemon/0026_raichu/raichu_emissive.png",
          "emissive": true,
          "translucent": false
        }
      ]
    },
    {
      "aspects": [
        "shiny"
      ],
      "texture": "cobblemon:textures/pokemon/0026_raichu/raichu_shiny.png",
      "layers": [
        {
          "name": "emissive",
          "texture": "cobblemon:textures/pokemon/0026_raichu/raichu_emissive_shiny.png",
          "emissive": true,
          "translucent": false
        }
      ]
    },
    {
      "aspects": [
        "female"
      ],
      "poser": "cobblemon:raichu",
      "model": "cobblemon:raichu_female.geo",
      "texture": "cobblemon:textures/pokemon/0026_raichu/raichu_female.png",
      "layers": [
        {
          "name": "emissive",
          "texture": "cobblemon:textures/pokemon/0026_raichu/raichu_emissive.png",
          "emissive": true,
          "translucent": false
        }
      ]
    },
    {
      "aspects": [
        "female",
        "shiny"
      ],
      "texture": "cobblemon:textures/pokemon/0026_raichu/raichu_female_shiny.png",
      "layers": [
        {
          "name": "emissive",
          "texture": "cobblemon:textures/pokemon/0026_raichu/raichu_emissive_shiny.png",
          "emissive": true,
          "translucent": false
        }
      ]
    },
    {
      "aspects": [
        "cosmetic_item-rage_candy_bar"
      ],
      "model": "cobblemon:raichu_cap_male.geo",
      "texture": "cobblemon:textures/pokemon/0026_raichu/raichu_original.png",
      "layers": [
        {
          "name": "original",
          "texture": "cobblemon:textures/pokemon/0026_raichu/raichu_cap_original.png"
        }
      ]
    },
    {
      "aspects": [
        "cosmetic_item-pewter_crunchies"
      ],
      "model": "cobblemon:raichu_cap_male.geo",
      "texture": "cobblemon:textures/pokemon/0026_raichu/raichu_partner.png",
      "layers": [
        {
          "name": "partner",
          "texture": "cobblemon:textures/pokemon/0026_raichu/raichu_cap_partner.png"
        }
      ]
    },
    {
      "aspects": [
        "cosmetic_item-lava_cookie"
      ],
      "model": "cobblemon:raichu_cap_male.geo",
      "texture": "cobblemon:textures/pokemon/0026_raichu/raichu_hoenn.png",
      "layers": [
        {
          "name": "hoenn",
          "texture": "cobblemon:textures/pokemon/0026_raichu/raichu_cap_hoenn.png"
        }
      ]
    },
    {
      "aspects": [
        "cosmetic_item-old_gateau"
      ],
      "model": "cobblemon:raichu_cap_male.geo",
      "texture": "cobblemon:textures/pokemon/0026_raichu/raichu_sinnoh.png",
      "layers": [
        {
          "name": "sinnoh",
          "texture": "cobblemon:textures/pokemon/0026_raichu/raichu_cap_sinnoh.png"
        }
      ]
    },
    {
      "aspects": [
        "cosmetic_item-casteliacone"
      ],
      "model": "cobblemon:raichu_cap_male.geo",
      "texture": "cobblemon:textures/pokemon/0026_raichu/raichu_unova.png",
      "layers": [
        {
          "name": "unova",
          "texture": "cobblemon:textures/pokemon/0026_raichu/raichu_cap_unova.png"
        }
      ]
    },
    {
      "aspects": [
        "cosmetic_item-lumiose_galette"
      ],
      "model": "cobblemon:raichu_cap_male.geo",
      "texture": "cobblemon:textures/pokemon/0026_raichu/raichu_kalos.png",
      "layers": [
        {
          "name": "kalos",
          "texture": "cobblemon:textures/pokemon/0026_raichu/raichu_cap_kalos.png"
        }
      ]
    },
    {
      "aspects": [
        "cosmetic_item-big_malasada"
      ],
      "model": "cobblemon:raichu_cap_male.geo",
      "texture": "cobblemon:textures/pokemon/0026_raichu/raichu_alola.png",
      "layers": [
        {
          "name": "alola",
          "texture": "cobblemon:textures/pokemon/0026_raichu/raichu_cap_alola.png"
        }
      ]
    },
    {
      "aspects": [
        "cosmetic_item-smoked_tail_curry"
      ],
      "model": "cobblemon:raichu_cap_male.geo",
      "texture": "cobblemon:textures/pokemon/0026_raichu/raichu_world.png",
      "layers": [
        {
          "name": "world",
          "texture": "cobblemon:textures/pokemon/0026_raichu/raichu_cap_world.png"
        }
      ]
    },
    {
      "aspects": [
        "cosmetic_item-compass"
      ],
      "model": "cobblemon:raichu_captain_male.geo",
      "texture": "cobblemon:textures/pokemon/0026_raichu/raichu_cap.png",
      "layers": [
        {
          "name": "captain",
          "texture": "cobblemon:textures/pokemon/0026_raichu/raichu_captain.png"
        }
      ]
    },
    {
      "aspects": [
        "cosmetic_item-shears"
      ],
      "model": "cobblemon:raichu_fluff_male.geo",
      "texture": "cobblemon:textures/pokemon/0026_raichu/raichu_fluff.png"
    },
    {
      "aspects": [
        "cosmetic_item-leather_helmet"
      ],
      "model": "cobblemon:raichu_detective_male.geo",
      "texture": "cobblemon:textures/pokemon/0026_raichu/raichu_harry.png",
      "layers": [
        {
          "name": "detective",
          "texture": "cobblemon:textures/pokemon/0026_raichu/raichu_detective.png"
        }
      ]
    },
    {
      "aspects": [
        "cosmetic_item-sinister_tea"
      ],
      "model": "cobblemon:raichu_detective_male.geo",
      "texture": "cobblemon:textures/pokemon/0026_raichu/raichu_harry.png",
      "layers": [
        {
          "name": "detective",
          "texture": "cobblemon:textures/pokemon/0026_raichu/raichu_detective.png"
        }
      ]
    },
    {
      "aspects": [
        "cosmetic_item-cocoa_beans"
      ],
      "model": "cobblemon:raichu_detective_male.geo",
      "texture": "cobblemon:textures/pokemon/0026_raichu/raichu_harry.png",
      "layers": [
        {
          "name": "detective",
          "texture": "cobblemon:textures/pokemon/0026_raichu/raichu_detective.png"
        }
      ]
    },
    {
      "aspects": [
        "cosmetic_item-rage_candy_bar",
        "female"
      ],
      "model": "cobblemon:raichu_cap_female.geo",
      "texture": "cobblemon:textures/pokemon/0026_raichu/raichu_female_original.png",
      "layers": [
        {
          "name": "original",
          "texture": "cobblemon:textures/pokemon/0026_raichu/raichu_cap_original.png"
        }
      ]
    },
    {
      "aspects": [
        "cosmetic_item-pewter_crunchies",
        "female"
      ],
      "model": "cobblemon:raichu_cap_female.geo",
      "texture": "cobblemon:textures/pokemon/0026_raichu/raichu_female_partner.png",
      "layers": [
        {
          "name": "partner",
          "texture": "cobblemon:textures/pokemon/0026_raichu/raichu_cap_partner.png"
        }
      ]
    },
    {
      "aspects": [
        "cosmetic_item-lava_cookie",
        "female"
      ],
      "model": "cobblemon:raichu_cap_female.geo",
      "texture": "cobblemon:textures/pokemon/0026_raichu/raichu_female_hoenn.png",
      "layers": [
        {
          "name": "hoenn",
          "texture": "cobblemon:textures/pokemon/0026_raichu/raichu_cap_hoenn.png"
        }
      ]
    },
    {
      "aspects": [
        "cosmetic_item-old_gateau",
        "female"
      ],
      "model": "cobblemon:raichu_cap_female.geo",
      "texture": "cobblemon:textures/pokemon/0026_raichu/raichu_female_sinnoh.png",
      "layers": [
        {
          "name": "sinnoh",
          "texture": "cobblemon:textures/pokemon/0026_raichu/raichu_cap_sinnoh.png"
        }
      ]
    },
    {
      "aspects": [
        "cosmetic_item-casteliacone",
        "female"
      ],
      "model": "cobblemon:raichu_cap_female.geo",
      "texture": "cobblemon:textures/pokemon/0026_raichu/raichu_female_unova.png",
      "layers": [
        {
          "name": "unova",
          "texture": "cobblemon:textures/pokemon/0026_raichu/raichu_cap_unova.png"
        }
      ]
    },
    {
      "aspects": [
        "cosmetic_item-lumiose_galette",
        "female"
      ],
      "model": "cobblemon:raichu_cap_female.geo",
      "texture": "cobblemon:textures/pokemon/0026_raichu/raichu_female_kalos.png",
      "layers": [
        {
          "name": "kalos",
          "texture": "cobblemon:textures/pokemon/0026_raichu/raichu_cap_kalos.png"
        }
      ]
    },
    {
      "aspects": [
        "cosmetic_item-big_malasada",
        "female"
      ],
      "model": "cobblemon:raichu_cap_female.geo",
      "texture": "cobblemon:textures/pokemon/0026_raichu/raichu_female_alola.png",
      "layers": [
        {
          "name": "alola",
          "texture": "cobblemon:textures/pokemon/0026_raichu/raichu_cap_alola.png"
        }
      ]
    },
    {
      "aspects": [
        "cosmetic_item-smoked_tail_curry",
        "female"
      ],
      "model": "cobblemon:raichu_cap_female.geo",
      "texture": "cobblemon:textures/pokemon/0026_raichu/raichu_female_world.png",
      "layers": [
        {
          "name": "world",
          "texture": "cobblemon:textures/pokemon/0026_raichu/raichu_cap_world.png"
        }
      ]
    },
    {
      "aspects": [
        "cosmetic_item-compass",
        "female"
      ],
      "model": "cobblemon:raichu_captain_female.geo",
      "texture": "cobblemon:textures/pokemon/0026_raichu/raichu_female_cap.png",
      "layers": [
        {
          "name": "captain",
          "texture": "cobblemon:textures/pokemon/0026_raichu/raichu_captain.png"
        }
      ]
    },
    {
      "aspects": [
        "cosmetic_item-shears",
        "female"
      ],
      "model": "cobblemon:raichu_fluff_female.geo",
      "texture": "cobblemon:textures/pokemon/0026_raichu/raichu_female_fluff.png"
    },
    {
      "aspects": [
        "cosmetic_item-leather_helmet",
        "female"
      ],
      "model": "cobblemon:raichu_detective_female.geo",
      "texture": "cobblemon:textures/pokemon/0026_raichu/raichu_female_harry.png",
      "layers": [
        {
          "name": "detective",
          "texture": "cobblemon:textures/pokemon/0026_raichu/raichu_detective.png"
        }
      ]
    },
    {
      "aspects": [
        "cosmetic_item-sinister_tea",
        "female"
      ],
      "model": "cobblemon:raichu_detective_female.geo",
      "texture": "cobblemon:textures/pokemon/0026_raichu/raichu_female_harry.png",
      "layers": [
        {
          "name": "detective",
          "texture": "cobblemon:textures/pokemon/0026_raichu/raichu_detective.png"
        }
      ]
    },
    {
      "aspects": [
        "cosmetic_item-cocoa_beans",
        "female"
      ],
      "model": "cobblemon:raichu_detective_female.geo",
      "texture": "cobblemon:textures/pokemon/0026_raichu/raichu_female_harry.png",
      "layers": [
        {
          "name": "detective",
          "texture": "cobblemon:textures/pokemon/0026_raichu/raichu_detective.png"
        }
      ]
    },
    {
      "aspects": [
        "cosmetic_item-rage_candy_bar",
        "shiny"
      ],
      "model": "cobblemon:raichu_cap_male.geo",
      "texture": "cobblemon:textures/pokemon/0026_raichu/raichu_original_shiny.png",
      "layers": [
        {
          "name": "original",
          "texture": "cobblemon:textures/pokemon/0026_raichu/raichu_cap_original.png"
        }
      ]
    },
    {
      "aspects": [
        "cosmetic_item-pewter_crunchies",
        "shiny"
      ],
      "model": "cobblemon:raichu_cap_male.geo",
      "texture": "cobblemon:textures/pokemon/0026_raichu/raichu_partner_shiny.png",
      "layers": [
        {
          "name": "partner",
          "texture": "cobblemon:textures/pokemon/0026_raichu/raichu_cap_partner.png"
        }
      ]
    },
    {
      "aspects": [
        "cosmetic_item-lava_cookie",
        "shiny"
      ],
      "model": "cobblemon:raichu_cap_male.geo",
      "texture": "cobblemon:textures/pokemon/0026_raichu/raichu_hoenn_shiny.png",
      "layers": [
        {
          "name": "hoenn",
          "texture": "cobblemon:textures/pokemon/0026_raichu/raichu_cap_hoenn.png"
        }
      ]
    },
    {
      "aspects": [
        "cosmetic_item-old_gateau",
        "shiny"
      ],
      "model": "cobblemon:raichu_cap_male.geo",
      "texture": "cobblemon:textures/pokemon/0026_raichu/raichu_sinnoh_shiny.png",
      "layers": [
        {
          "name": "sinnoh",
          "texture": "cobblemon:textures/pokemon/0026_raichu/raichu_cap_sinnoh.png"
        }
      ]
    },
    {
      "aspects": [
        "cosmetic_item-casteliacone",
        "shiny"
      ],
      "model": "cobblemon:raichu_cap_male.geo",
      "texture": "cobblemon:textures/pokemon/0026_raichu/raichu_unova_shiny.png",
      "layers": [
        {
          "name": "unova",
          "texture": "cobblemon:textures/pokemon/0026_raichu/raichu_cap_unova.png"
        }
      ]
    },
    {
      "aspects": [
        "cosmetic_item-lumiose_galette",
        "shiny"
      ],
      "model": "cobblemon:raichu_cap_male.geo",
      "texture": "cobblemon:textures/pokemon/0026_raichu/raichu_kalos_shiny.png",
      "layers": [
        {
          "name": "kalos",
          "texture": "cobblemon:textures/pokemon/0026_raichu/raichu_cap_kalos.png"
        }
      ]
    },
    {
      "aspects": [
        "cosmetic_item-big_malasada",
        "shiny"
      ],
      "model": "cobblemon:raichu_cap_male.geo",
      "texture": "cobblemon:textures/pokemon/0026_raichu/raichu_alola_shiny.png",
      "layers": [
        {
          "name": "alola",
          "texture": "cobblemon:textures/pokemon/0026_raichu/raichu_cap_alola.png"
        }
      ]
    },
    {
      "aspects": [
        "cosmetic_item-smoked_tail_curry",
        "shiny"
      ],
      "model": "cobblemon:raichu_cap_male.geo",
      "texture": "cobblemon:textures/pokemon/0026_raichu/raichu_world_shiny.png",
      "layers": [
        {
          "name": "world",
          "texture": "cobblemon:textures/pokemon/0026_raichu/raichu_cap_world.png"
        }
      ]
    },
    {
      "aspects": [
        "cosmetic_item-compass",
        "shiny"
      ],
      "model": "cobblemon:raichu_captain_male.geo",
      "texture": "cobblemon:textures/pokemon/0026_raichu/raichu_cap_shiny.png",
      "layers": [
        {
          "name": "captain",
          "texture": "cobblemon:textures/pokemon/0026_raichu/raichu_captain.png"
        }
      ]
    },
    {
      "aspects": [
        "cosmetic_item-shears",
        "shiny"
      ],
      "model": "cobblemon:raichu_fluff_male.geo",
      "texture": "cobblemon:textures/pokemon/0026_raichu/raichu_fluff_shiny.png"
    },
    {
      "aspects": [
        "cosmetic_item-leather_helmet",
        "shiny"
      ],
      "model": "cobblemon:raichu_detective_male.geo",
      "texture": "cobblemon:textures/pokemon/0026_raichu/raichu_harry_shiny.png",
      "layers": [
        {
          "name": "detective",
          "texture": "cobblemon:textures/pokemon/0026_raichu/raichu_detective.png"
        }
      ]
    },
    {
      "aspects": [
        "cosmetic_item-sinister_tea",
        "shiny"
      ],
      "model": "cobblemon:raichu_detective_male.geo",
      "texture": "cobblemon:textures/pokemon/0026_raichu/raichu_harry_shiny.png",
      "layers": [
        {
          "name": "detective",
          "texture": "cobblemon:textures/pokemon/0026_raichu/raichu_detective.png"
        }
      ]
    },
    {
      "aspects": [
        "cosmetic_item-cocoa_beans",
        "shiny"
      ],
      "model": "cobblemon:raichu_detective_male.geo",
      "texture": "cobblemon:textures/pokemon/0026_raichu/raichu_harry_shiny.png",
      "layers": [
        {
          "name": "detective",
          "texture": "cobblemon:textures/pokemon/0026_raichu/raichu_detective.png"
        }
      ]
    },
    {
      "aspects": [
        "cosmetic_item-rage_candy_bar",
        "female",
        "shiny"
      ],
      "model": "cobblemon:raichu_cap_female.geo",
      "texture": "cobblemon:textures/pokemon/0026_raichu/raichu_female_original_shiny.png",
      "layers": [
        {
          "name": "original",
          "texture": "cobblemon:textures/pokemon/0026_raichu/raichu_cap_original.png"
        }
      ]
    },
    {
      "aspects": [
        "cosmetic_item-pewter_crunchies",
        "female",
        "shiny"
      ],
      "model": "cobblemon:raichu_cap_female.geo",
      "texture": "cobblemon:textures/pokemon/0026_raichu/raichu_female_partner_shiny.png",
      "layers": [
        {
          "name": "partner",
          "texture": "cobblemon:textures/pokemon/0026_raichu/raichu_cap_partner.png"
        }
      ]
    },
    {
      "aspects": [
        "cosmetic_item-lava_cookie",
        "female",
        "shiny"
      ],
      "model": "cobblemon:raichu_cap_female.geo",
      "texture": "cobblemon:textures/pokemon/0026_raichu/raichu_female_hoenn_shiny.png",
      "layers": [
        {
          "name": "hoenn",
          "texture": "cobblemon:textures/pokemon/0026_raichu/raichu_cap_hoenn.png"
        }
      ]
    },
    {
      "aspects": [
        "cosmetic_item-old_gateau",
        "female",
        "shiny"
      ],
      "model": "cobblemon:raichu_cap_female.geo",
      "texture": "cobblemon:textures/pokemon/0026_raichu/raichu_female_sinnoh_shiny.png",
      "layers": [
        {
          "name": "sinnoh",
          "texture": "cobblemon:textures/pokemon/0026_raichu/raichu_cap_sinnoh.png"
        }
      ]
    },
    {
      "aspects": [
        "cosmetic_item-casteliacone",
        "female",
        "shiny"
      ],
      "model": "cobblemon:raichu_cap_female.geo",
      "texture": "cobblemon:textures/pokemon/0026_raichu/raichu_female_unova_shiny.png",
      "layers": [
        {
          "name": "unova",
          "texture": "cobblemon:textures/pokemon/0026_raichu/raichu_cap_unova.png"
        }
      ]
    },
    {
      "aspects": [
        "cosmetic_item-lumiose_galette",
        "female",
        "shiny"
      ],
      "model": "cobblemon:raichu_cap_female.geo",
      "texture": "cobblemon:textures/pokemon/0026_raichu/raichu_female_kalos_shiny.png",
      "layers": [
        {
          "name": "kalos",
          "texture": "cobblemon:textures/pokemon/0026_raichu/raichu_cap_kalos.png"
        }
      ]
    },
    {
      "aspects": [
        "cosmetic_item-big_malasada",
        "female",
        "shiny"
      ],
      "model": "cobblemon:raichu_cap_female.geo",
      "texture": "cobblemon:textures/pokemon/0026_raichu/raichu_female_alola_shiny.png",
      "layers": [
        {
          "name": "alola",
          "texture": "cobblemon:textures/pokemon/0026_raichu/raichu_cap_alola.png"
        }
      ]
    },
    {
      "aspects": [
        "cosmetic_item-smoked_tail_curry",
        "female",
        "shiny"
      ],
      "model": "cobblemon:raichu_cap_female.geo",
      "texture": "cobblemon:textures/pokemon/0026_raichu/raichu_female_world_shiny.png",
      "layers": [
        {
          "name": "world",
          "texture": "cobblemon:textures/pokemon/0026_raichu/raichu_cap_world.png"
        }
      ]
    },
    {
      "aspects": [
        "cosmetic_item-compass",
        "female",
        "shiny"
      ],
      "model": "cobblemon:raichu_captain_female.geo",
      "texture": "cobblemon:textures/pokemon/0026_raichu/raichu_female_cap_shiny.png",
      "layers": [
        {
          "name": "captain",
          "texture": "cobblemon:textures/pokemon/0026_raichu/raichu_captain.png"
        }
      ]
    },
    {
      "aspects": [
        "cosmetic_item-shears",
        "female",
        "shiny"
      ],
      "model": "cobblemon:raichu_fluff_female.geo",
      "texture": "cobblemon:textures/pokemon/0026_raichu/raichu_female_fluff_shiny.png"
    },
    {
      "aspects": [
        "cosmetic_item-leather_helmet",
        "female",
        "shiny"
      ],
      "model": "cobblemon:raichu_detective_female.geo",
      "texture": "cobblemon:textures/pokemon/0026_raichu/raichu_female_harry_shiny.png",
      "layers": [
        {
          "name": "detective",
          "texture": "cobblemon:textures/pokemon/0026_raichu/raichu_detective.png"
        }
      ]
    },
    {
      "aspects": [
        "cosmetic_item-sinister_tea",
        "female",
        "shiny"
      ],
      "model": "cobblemon:raichu_detective_female.geo",
      "texture": "cobblemon:textures/pokemon/0026_raichu/raichu_female_harry_shiny.png",
      "layers": [
        {
          "name": "detective",
          "texture": "cobblemon:textures/pokemon/0026_raichu/raichu_detective.png"
        }
      ]
    },
    {
      "aspects": [
        "cosmetic_item-cocoa_beans",
        "female",
        "shiny"
      ],
      "model": "cobblemon:raichu_detective_female.geo",
      "texture": "cobblemon:textures/pokemon/0026_raichu/raichu_female_harry_shiny.png",
      "layers": [
        {
          "name": "detective",
          "texture": "cobblemon:textures/pokemon/0026_raichu/raichu_detective.png"
        }
      ]
    }
  ]
}