{
  "species": "cobblemon:raichu",
  "order": 1,
  "variations": [
    {
      "aspects": [
        "alolan"
      ],
      "poser": "cobblemon:raichu_alolan",
      "model": "cobblemon:raichu_alolan.geo",
      "texture": "cobblemon:textures/pokemon/0026_raichu/raichu_alolan.png",
      "layers": [
        {
          "name": "emissive",
          "texture": "cobblemon:textures/pokemon/0026_raichu/raichu_alolan_emissive.png",
          "emissive": true,
          "translucent": false
        }
      ]
    },
    {
      "aspects": [
        "shiny",
        "alolan"
      ],
      "texture": "cobblemon:textures/pokemon/0026_raichu/raichu_alolan_shiny.png",
      "layers": [
        {
          "name": "emissive",
          "texture": "cobblemon:textures/pokemon/0026_raichu/raichu_alolan_emissive_shiny.png",
          "emissive": true,
          "translucent": false
        }
      ]
    },
    {
      "aspects": [
        "cosmetic_item-rage_candy_bar",
        "alolan"
      ],
      "model": "cobblemon:raichu_alolan_cap.geo",
      "texture": "cobblemon:textures/pokemon/0026_raichu/raichu_alolan_original.png",
      "layers": [
        {
          "name": "original",
          "texture": "cobblemon:textures/pokemon/0026_raichu/raichu_cap_original.png"
        }
      ]
    },
    {
      "aspects": [
        "cosmetic_item-pewter_crunchies",
        "alolan"
      ],
      "model": "cobblemon:raichu_alolan_cap.geo",
      "texture": "cobblemon:textures/pokemon/0026_raichu/raichu_alolan_partner.png",
      "layers": [
        {
          "name": "partner",
          "texture": "cobblemon:textures/pokemon/0026_raichu/raichu_cap_partner.png"
        }
      ]
    },
    {
      "aspects": [
        "cosmetic_item-lava_cookie",
        "alolan"
      ],
      "model": "cobblemon:raichu_alolan_cap.geo",
      "texture": "cobblemon:textures/pokemon/0026_raichu/raichu_alolan_hoenn.png",
      "layers": [
        {
          "name": "hoenn",
          "texture": "cobblemon:textures/pokemon/0026_raichu/raichu_cap_hoenn.png"
        }
      ]
    },
    {
      "aspects": [
        "cosmetic_item-old_gateau",
        "alolan"
      ],
      "model": "cobblemon:raichu_alolan_cap.geo",
      "texture": "cobblemon:textures/pokemon/0026_raichu/raichu_alolan_sinnoh.png",
      "layers": [
        {
          "name": "sinnoh",
          "texture": "cobblemon:textures/pokemon/0026_raichu/raichu_cap_sinnoh.png"
        }
      ]
    },
    {
      "aspects": [
        "cosmetic_item-casteliacone",
        "alolan"
      ],
      "model": "cobblemon:raichu_alolan_cap.geo",
      "texture": "cobblemon:textures/pokemon/0026_raichu/raichu_alolan_unova.png",
      "layers": [
        {
          "name": "unova",
          "texture": "cobblemon:textures/pokemon/0026_raichu/raichu_cap_unova.png"
        }
      ]
    },
    {
      "aspects": [
        "cosmetic_item-lumiose_galette",
        "alolan"
      ],
      "model": "cobblemon:raichu_alolan_cap.geo",
      "texture": "cobblemon:textures/pokemon/0026_raichu/raichu_alolan_kalos.png",
      "layers": [
        {
          "name": "kalos",
          "texture": "cobblemon:textures/pokemon/0026_raichu/raichu_cap_kalos.png"
        }
      ]
    },
    {
      "aspects": [
        "cosmetic_item-big_malasada",
        "alolan"
      ],
      "model": "cobblemon:raichu_alolan_cap.geo",
      "texture": "cobblemon:textures/pokemon/0026_raichu/raichu_alolan_alola.png",
      "layers": [
        {
          "name": "alola",
          "texture": "cobblemon:textures/pokemon/0026_raichu/raichu_cap_alola.png"
        }
      ]
    },
    {
      "aspects": [
        "cosmetic_item-smoked_tail_curry",
        "alolan"
      ],
      "model": "cobblemon:raichu_alolan_cap.geo",
      "texture": "cobblemon:textures/pokemon/0026_raichu/raichu_alolan_world.png",
      "layers": [
        {
          "name": "world",
          "texture": "cobblemon:textures/pokemon/0026_raichu/raichu_cap_world.png"
        }
      ]
    },
    {
      "aspects": [
        "cosmetic_item-compass",
        "alolan"
      ],
      "model": "cobblemon:raichu_alolan_captain.geo",
      "texture": "cobblemon:textures/pokemon/0026_raichu/raichu_alolan_cap.png",
      "layers": [
        {
          "name": "captain",
          "texture": "cobblemon:textures/pokemon/0026_raichu/raichu_captain.png"
        }
      ]
    },
    {
      "aspects": [
        "cosmetic_item-shears",
        "alolan"
      ],
      "model": "cobblemon:raichu_alolan_fluff.geo",
      "texture": "cobblemon:textures/pokemon/0026_raichu/raichu_alolan_fluff.png"
    },
    {
      "aspects": [
        "cosmetic_item-leather_helmet",
        "alolan"
      ],
      "model": "cobblemon:raichu_alolan_detective.geo",
      "texture": "cobblemon:textures/pokemon/0026_raichu/raichu_alolan_harry.png",
      "layers": [
        {
          "name": "detective",
          "texture": "cobblemon:textures/pokemon/0026_raichu/raichu_detective.png"
        }
      ]
    },
    {
      "aspects": [
        "cosmetic_item-sinister_tea",
        "alolan"
      ],
      "model": "cobblemon:raichu_alolan_detective.geo",
      "texture": "cobblemon:textures/pokemon/0026_raichu/raichu_alolan_harry.png",
      "layers": [
        {
          "name": "detective",
          "texture": "cobblemon:textures/pokemon/0026_raichu/raichu_detective.png"
        }
      ]
    },
    {
      "aspects": [
        "cosmetic_item-cocoa_beans",
        "alolan"
      ],
      "model": "cobblemon:raichu_alolan_detective.geo",
      "texture": "cobblemon:textures/pokemon/0026_raichu/raichu_alolan_harry.png",
      "layers": [
        {
          "name": "detective",
          "texture": "cobblemon:textures/pokemon/0026_raichu/raichu_detective.png"
        }
      ]
    },
    {
      "aspects": [
        "cosmetic_item-rage_candy_bar",
        "alolan",
        "shiny"
      ],
      "model": "cobblemon:raichu_alolan_cap.geo",
      "texture": "cobblemon:textures/pokemon/0026_raichu/raichu_alolan_original_shiny.png",
      "layers": [
        {
          "name": "original",
          "texture": "cobblemon:textures/pokemon/0026_raichu/raichu_cap_original.png"
        }
      ]
    },
    {
      "aspects": [
        "cosmetic_item-pewter_crunchies",
        "alolan",
        "shiny"
      ],
      "model": "cobblemon:raichu_alolan_cap.geo",
      "texture": "cobblemon:textures/pokemon/0026_raichu/raichu_alolan_partner_shiny.png",
      "layers": [
        {
          "name": "partner",
          "texture": "cobblemon:textures/pokemon/0026_raichu/raichu_cap_partner.png"
        }
      ]
    },
    {
      "aspects": [
        "cosmetic_item-lava_cookie",
        "alolan",
        "shiny"
      ],
      "model": "cobblemon:raichu_alolan_cap.geo",
      "texture": "cobblemon:textures/pokemon/0026_raichu/raichu_alolan_hoenn_shiny.png",
      "layers": [
        {
          "name": "hoenn",
          "texture": "cobblemon:textures/pokemon/0026_raichu/raichu_cap_hoenn.png"
        }
      ]
    },
    {
      "aspects": [
        "cosmetic_item-old_gateau",
        "alolan",
        "shiny"
      ],
      "model": "cobblemon:raichu_alolan_cap.geo",
      "texture": "cobblemon:textures/pokemon/0026_raichu/raichu_alolan_sinnoh_shiny.png",
      "layers": [
        {
          "name": "sinnoh",
          "texture": "cobblemon:textures/pokemon/0026_raichu/raichu_cap_sinnoh.png"
        }
      ]
    },
    {
      "aspects": [
        "cosmetic_item-casteliacone",
        "alolan",
        "shiny"
      ],
      "model": "cobblemon:raichu_alolan_cap.geo",
      "texture": "cobblemon:textures/pokemon/0026_raichu/raichu_alolan_unova_shiny.png",
      "layers": [
        {
          "name": "unova",
          "texture": "cobblemon:textures/pokemon/0026_raichu/raichu_cap_unova.png"
        }
      ]
    },
    {
      "aspects": [
        "cosmetic_item-lumiose_galette",
        "alolan",
        "shiny"
      ],
      "model": "cobblemon:raichu_alolan_cap.geo",
      "texture": "cobblemon:textures/pokemon/0026_raichu/raichu_alolan_kalos_shiny.png",
      "layers": [
        {
          "name": "kalos",
          "texture": "cobblemon:textures/pokemon/0026_raichu/raichu_cap_kalos.png"
        }
      ]
    },
    {
      "aspects": [
        "cosmetic_item-big_malasada",
        "alolan",
        "shiny"
      ],
      "model": "cobblemon:raichu_alolan_cap.geo",
      "texture": "cobblemon:textures/pokemon/0026_raichu/raichu_alolan_alola_shiny.png",
      "layers": [
        {
          "name": "alola",
          "texture": "cobblemon:textures/pokemon/0026_raichu/raichu_cap_alola.png"
        }
      ]
    },
    {
      "aspects": [
        "cosmetic_item-smoked_tail_curry",
        "alolan",
        "shiny"
      ],
      "model": "cobblemon:raichu_alolan_cap.geo",
      "texture": "cobblemon:textures/pokemon/0026_raichu/raichu_alolan_world_shiny.png",
      "layers": [
        {
          "name": "world",
          "texture": "cobblemon:textures/pokemon/0026_raichu/raichu_cap_world.png"
        }
      ]
    },
    {
      "aspects": [
        "cosmetic_item-compass",
        "alolan",
        "shiny"
      ],
      "model": "cobblemon:raichu_alolan_captain.geo",
      "texture": "cobblemon:textures/pokemon/0026_raichu/raichu_alolan_cap_shiny.png",
      "layers": [
        {
          "name": "captain",
          "texture": "cobblemon:textures/pokemon/0026_raichu/raichu_captain.png"
        }
      ]
    },
    {
      "aspects": [
        "cosmetic_item-shears",
        "alolan",
        "shiny"
      ],
      "model": "cobblemon:raichu_alolan_fluff.geo",
      "texture": "cobblemon:textures/pokemon/0026_raichu/raichu_alolan_fluff_shiny.png"
    },
    {
      "aspects": [
        "cosmetic_item-leather_helmet",
        "alolan",
        "shiny"
      ],
      "model": "cobblemon:raichu_alolan_detective.geo",
      "texture": "cobblemon:textures/pokemon/0026_raichu/raichu_alolan_harry_shiny.png",
      "layers": [
        {
          "name": "detective",
          "texture": "cobblemon:textures/pokemon/0026_raichu/raichu_detective.png"
        }
      ]
    },
    {
      "aspects": [
        "cosmetic_item-sinister_tea",
        "alolan",
        "shiny"
      ],
      "model": "cobblemon:raichu_alolan_detective.geo",
      "texture": "cobblemon:textures/pokemon/0026_raichu/raichu_alolan_harry_shiny.png",
      "layers": [
        {
          "name": "detective",
          "texture": "cobblemon:textures/pokemon/0026_raichu/raichu_detective.png"
        }
      ]
    },
    {
      "aspects": [
        "cosmetic_item-cocoa_beans",
        "alolan",
        "shiny"
      ],
      "model": "cobblemon:raichu_alolan_detective.geo",
      "texture": "cobblemon:textures/pokemon/0026_raichu/raichu_alolan_harry_shiny.png",
      "layers": [
        {
          "name": "detective",
          "texture": "cobblemon:textures/pokemon/0026_raichu/raichu_detective.png"
        }
      ]
    }
  ]
}