{
  "species": "cobblemon:oddish",
  "order": 0,
  "variations": [
    {
      "aspects": [],
      "poser": "cobblemon:oddish",
      "model": "cobblemon:oddish.geo",
      "texture": "cobblemon:textures/pokemon/0043_oddish/oddish.png",
      "layers": []
    },
    {
      "aspects": [
        "shiny"
      ],
      "texture": "cobblemon:textures/pokemon/0043_oddish/oddish_shiny.png"
    },
    {
      "aspects": [
        "valencian"
      ],
      "texture": "cobblemon:textures/pokemon/0043_oddish/oddish_valencian.png"
    },
    {
      "aspects": [
        "valencian",
        "shiny"
      ],
      "texture": "cobblemon:textures/pokemon/0043_oddish/oddish_valencian_shiny.png"
    }
  ]
}