{
    "portraitScale": 0.8,
    "portraitTranslation": [-0.8, 3.4, 0],
    "profileScale": 0.3,
    "profileTranslation": [0, 1.4, 0],
    "rootBone": "drampa_mega",
    "poses": {
      "standing": {
        "poseTypes": ["STAND", "NONE", "PORTRAIT", "PROFILE"],
        "animations": [
          "q.bedrock('drampa_mega', 'ground_idle')"
        ]
      },
    "walking": {
      "poseTypes": ["WALK", "SWIM"],
      "isTouchingWater": false,
      "animations": ["q.bedrock('drampa_mega', 'ground_walk')"]
    }
    }
   }