{
    "portraitScale": 0.8,
    "portraitTranslation": [-0.2, 2, 0],
    "profileScale": 0.35,
    "profileTranslation": [0, 1.5, 0],
    "rootBone": "chandelure_mega",
  "animations": {
    "physical": "q.bedrock_primary('chandelure_mega', 'special', q.curve('symmetrical_wide'))",
    "special": "q.bedrock_primary('chandelure_mega', 'special', q.curve('symmetrical_wide'))"
  },
    "poses": {
      "standing": {
        "poseTypes": ["STAND", "NONE", "PORTRAIT", "PROFILE"],
        "animations": [
          "q.bedrock('chandelure_mega', 'ground_idle')"
        ]
      },
    "walking": {
      "poseTypes": ["WALK", "SWIM"],
      "isTouchingWater": false,
      "animations": ["q.bedrock('chandelure_mega', 'ground_walk')"]    }
   }
  }