{
    "portraitScale": 1.5,
    "portraitTranslation": [-0.5, 2, 0],
    "profileScale": 0.5,
    "profileTranslation": [-0.1, 1.1, 0],
    "rootBone": "skarmory_mega",
    "animations": {
    "physical": "q.bedrock_primary('skarmory_mega', 'physical')",
    "special": "q.bedrock_primary('skarmory_megaharizard', 'special')",
    "faint": "q.bedrock_primary('skarmory_mega', 'faint')",
    "cry": "q.bedrock_stateful('skarmory_mega', 'cry')",
    "recoil": "q.bedrock_primary('skarmory_mega', 'recoil')"
    },
    "poses": {
       "battle-standing": {
      "poseTypes": ["STAND"],
      "isBattle": true,
      "animations": [
        "q.look('head')",
        "q.bedrock('skarmory_mega', 'battle_idle')"
      ],
      "namedAnimations": {
        "cry": "q.bedrock_primary('skarmory_mega', 'cry', q.curve('symmetrical_wide'))"
      }
    },
      "standing": {
        "poseTypes": ["STAND", "NONE", "PORTRAIT", "PROFILE"],
      "isBattle": false,
        "animations": [
          "q.look('head')",
          "q.bedrock('skarmory_mega', 'ground_idle')"
        ]
      },
      "walking": {
        "poseTypes": ["WALK"],
        "animations": [
          "q.look('head')",
          "q.bedrock('skarmory_mega', 'ground_idle')"
        ]
      },
    "hover": {
      "poseTypes": ["HOVER"],
      "isBattle": false,
      "animations": ["q.look('head_ai')", "q.bedrock('skarmory_mega', 'ground_idle')"],
      "quirks": ["q.bedrock_quirk('skarmory_mega', 'blink')"]
    },
    "fly": {
      "poseTypes": ["FLY"],
      "isBattle": false,
      "animations": ["q.look('head_ai')", "q.bedrock('skarmory_mega', 'ground_idle')"]
    },
      "sleep": {
        "poseTypes": ["SLEEP"],
        "animations": ["q.bedrock('skarmory_mega', 'sleep')"]
      
    }
   }
  }