{
    "portraitScale": 1.7,
    "portraitTranslation": [0, 0.8, 0],
    "profileScale": 0.7,
    "profileTranslation": [0, 0.75, 0],
    "rootBone": "scrafty_mega",
    "poses": {
       "battle-standing": {
      "poseTypes": ["STAND"],
      "isBattle": true,
      "animations": [
        "q.look('head')",
        "q.bedrock('scrafty_mega', 'battle_idle')"
      ],
      "quirks": ["q.bedrock_quirk('scrafty_mega', 'blink')"]
    },
      "standing": {
        "poseTypes": ["STAND", "NONE", "PORTRAIT", "PROFILE"],
        "animations": [
          "q.look('head')",
          "q.bedrock('scrafty_mega', 'ground_idle')"
        ],
      "quirks": ["q.bedrock_quirk('scrafty_mega', 'blink')"]
      },
    "walking": {
      "poseTypes": ["WALK", "SWIM"],
      "isTouchingWater": false,
      "animations": ["q.look('head')", "q.bedrock('scrafty_mega', 'ground_walk')"],
      "quirks": ["q.bedrock_quirk('scrafty_mega', 'blink')"]
    }
    }
   }