{
    "portraitScale": 1.5,
    "portraitTranslation": [-1, 3, 0],
    "profileScale": 0.45,
    "profileTranslation": [0, 1.1, 0],
    "rootBone": "meganium_mega",
    "poses": {
       "battle-standing": {
      "poseTypes": ["STAND"],
      "isBattle": true,
      "animations": [
        "q.look('head_ai')",
        "q.bedrock('meganium_mega', 'battle_idle')"
      ],
      "quirks": ["q.bedrock_quirk('meganium_mega', 'blink')"]
    },
      "standing": {
        "poseTypes": ["STAND", "NONE", "PORTRAIT", "PROFILE"],
        "animations": [
          "q.look('head')",
          "q.bedrock('meganium_mega', 'ground_idle')"
        ],
      "quirks": ["q.bedrock_quirk('meganium_mega', 'blink')"]
      },
    "sleep": {
      "poseTypes": ["SLEEP"],
      "animations": ["q.bedrock('meganium_mega', 'sleep')"]
    },
      "walking": {
        "poseTypes": ["WALK"],
        "animations": [
          "q.look('head')",
          "q.bedrock('meganium_mega', 'ground_walk')"
        ],
      "quirks": ["q.bedrock_quirk('meganium_mega', 'blink')"]
      }
    }
   }