{
  "pools": [
    {
      "rolls": {
        "min": 1,
        "max": 1
      },
      "entries": [
        {
          "type": "minecraft:item",
          "name": "pkgbadges:the_bolt_badge",
          "functions": [
            {
              "function": "minecraft:set_name",
              "name": {
                "translate": "item.rctbadges.battery_badge",
                "fallback": "The Battery Badge",
                "bold": false,
                "italic": false
              }
            }
          ],
          "conditions": [
            {
              "condition": "rctmod:defeat_count",
              "comparator": "==",
              "count": 1
            }
          ]
        }
      ]
    }
  ],
  "random_sequence": "rctmod:generic/epic/borrius_badge_5"
}