{
  "fallback": "minecraft:empty",
  "elements": [
    {
      "weight": 70,
      "element": {
        "element_type": "minecraft:single_pool_element",
        "projection": "rigid",
        "location": "lam:glacier",
        "processors": "minecraft:empty"
      }
    },
    {
      "weight": 30,
      "element": {
        "element_type": "minecraft:single_pool_element",
        "projection": "rigid",
        "location": "lam:glacier_shiny",
        "processors": "minecraft:empty"
      }
    }
  ]
}
