{
  "fallback": "minecraft:empty",
  "elements": [
    {
      "weight": 80,
      "element": {
        "element_type": "minecraft:single_pool_element",
        "projection": "rigid",
        "location": "lam:lapis_peak",
        "processors": "minecraft:empty"
      }
    },
    {
      "weight": 20,
      "element": {
        "element_type": "minecraft:single_pool_element",
        "projection": "rigid",
        "location": "lam:lapis_peak_shiny",
        "processors": "minecraft:empty"
      }
    }
  ]
}
