{
  "fallback": "minecraft:empty",
  "elements": [
    {
      "weight": 90,
      "element": {
        "element_type": "minecraft:single_pool_element",
        "projection": "rigid",
        "location": "lam:regi_mountain",
        "processors": "minecraft:empty"
      }
    },
    {
      "weight": 10,
      "element": {
        "element_type": "minecraft:single_pool_element",
        "projection": "rigid",
        "location": "lam:regi_mountain_shiny",
        "processors": "minecraft:empty"
      }
    }
  ]
}
