{
	"format_version": "1.12.0",
	"minecraft:geometry": [
		{
			"description": {
				"identifier": "geometry.drampa",
				"texture_width": 256,
				"texture_height": 256,
				"visible_bounds_width": 9,
				"visible_bounds_height": 8.5,
				"visible_bounds_offset": [0, 3.75, 0]
			},
			"bones": [
				{
					"name": "drampa",
					"pivot": [0, 0, 0]
				},
				{
					"name": "body",
					"parent": "drampa",
					"pivot": [0, 11, 0],
					"cubes": [
						{"origin": [-6, 0, -1.5], "size": [12, 20, 14], "inflate": 0.02, "uv": [0, 0]}
					]
				},
				{
					"name": "locator_seat_1",
					"parent": "body",
					"pivot": [0, 0, 0],
					"locators": {
						"seat_1": [0, 20, 6]
					}
				},
				{
					"name": "bone47",
					"parent": "body",
					"pivot": [-6.1, 13.5, 7],
					"cubes": [
						{"origin": [6.1, 8, 1.5], "size": [0, 11, 11], "pivot": [6.1, 13.5, 7], "rotation": [-45, 0, 0], "uv": [213, 16]}
					]
				},
				{
					"name": "bone46",
					"parent": "body",
					"pivot": [6.1, 13.5, 7],
					"cubes": [
						{"origin": [6.1, 8, 1.5], "size": [0, 11, 11], "pivot": [6.1, 13.5, 7], "rotation": [-45, 0, 0], "uv": [213, 16]}
					]
				},
				{
					"name": "bone7",
					"parent": "body",
					"pivot": [5, 3, 5],
					"rotation": [-9.18089, -26.12396, 22.10697],
					"cubes": [
						{"origin": [4, 1, 5.5], "size": [4, 7, 7], "inflate": 0.02, "pivot": [2, 1, 7], "rotation": [-6.15491, 16.41371, -13.38852], "uv": [106, 167]},
						{"origin": [5, 3, 3.5], "size": [4, 7, 7], "inflate": 0.02, "pivot": [3, 3, 5], "rotation": [0, 0, 7.5], "uv": [106, 167]},
						{"origin": [8, 2, 2.5], "size": [7, 9, 9], "inflate": 0.01, "pivot": [9, 2, 4], "rotation": [0, 0, -5], "uv": [0, 115]},
						{"origin": [12, 3, 3], "size": [7, 8, 8], "inflate": 0.01, "pivot": [13, 3, 5], "rotation": [0, 0, -15], "uv": [0, 133]},
						{"origin": [14, 4, 3.5], "size": [7, 7, 7], "inflate": 0.01, "pivot": [15, 4, 5], "rotation": [0, 0, -27.5], "uv": [146, 106]},
						{"origin": [16, 6, 3.5], "size": [7, 7, 7], "pivot": [17, 6, 5], "rotation": [0, 0, -40], "uv": [146, 106]},
						{"origin": [19, 9.1, 4], "size": [7, 7, 6], "pivot": [20, 9, 6], "rotation": [0, 0, -67.5], "uv": [56, 157]},
						{"origin": [21, 14.1, 4.5], "size": [6, 5, 5], "pivot": [21, 14, 6], "rotation": [0, 0, -112.5], "uv": [168, 120]},
						{"origin": [19, 18.1, 4.5], "size": [6, 5, 5], "inflate": -0.01, "pivot": [19, 18, 6], "rotation": [0, 0, -157.5], "uv": [168, 120]},
						{"origin": [17, 20.1, 4.5], "size": [4, 4, 5], "inflate": -0.02, "pivot": [15, 20, 6], "rotation": [0, 0, 155], "uv": [96, 72]}
					]
				},
				{
					"name": "bone8",
					"parent": "bone7",
					"pivot": [17, 7, 7],
					"rotation": [39.70765, 20.70481, -40.89339],
					"cubes": [
						{"origin": [20.3, 8, 5], "size": [3, 2, 2], "inflate": 0.1, "pivot": [17.3, 8, 7], "rotation": [0, 62.5, -15], "uv": [96, 136]},
						{"origin": [22.2, 7, 4], "size": [2, 2, 2], "inflate": 0.01, "pivot": [18.2, 7, 6], "rotation": [-33.3055, 56.46179, -53.24671], "uv": [70, 124]},
						{"origin": [24, 7, 2], "size": [2, 1, 1], "inflate": 0.01, "pivot": [20, 7, 4], "rotation": [-54.77535, 36.81662, -82.06607], "uv": [40, 79]}
					]
				},
				{
					"name": "bone9",
					"parent": "body",
					"pivot": [-5, 3, 5],
					"rotation": [-9.18089, 26.12396, -22.10697],
					"cubes": [
						{"origin": [-8, 1, 5.5], "size": [4, 7, 7], "inflate": 0.02, "pivot": [-2, 1, 7], "rotation": [-6.15491, -16.41371, 13.38852], "uv": [106, 167], "mirror": true},
						{"origin": [-9, 3, 3.5], "size": [4, 7, 7], "inflate": 0.02, "pivot": [-3, 3, 5], "rotation": [0, 0, -7.5], "uv": [106, 167], "mirror": true},
						{"origin": [-15, 2, 2.5], "size": [7, 9, 9], "inflate": 0.01, "pivot": [-9, 2, 4], "rotation": [0, 0, 5], "uv": [0, 115], "mirror": true},
						{"origin": [-19, 3, 3], "size": [7, 8, 8], "inflate": 0.01, "pivot": [-13, 3, 5], "rotation": [0, 0, 15], "uv": [0, 133], "mirror": true},
						{"origin": [-21, 4, 3.5], "size": [7, 7, 7], "inflate": 0.01, "pivot": [-15, 4, 5], "rotation": [0, 0, 27.5], "uv": [146, 106], "mirror": true},
						{"origin": [-23, 6, 3.5], "size": [7, 7, 7], "pivot": [-17, 6, 5], "rotation": [0, 0, 40], "uv": [146, 106], "mirror": true},
						{"origin": [-26, 9.1, 4], "size": [7, 7, 6], "pivot": [-20, 9, 6], "rotation": [0, 0, 67.5], "uv": [56, 157], "mirror": true},
						{"origin": [-27, 14.1, 4.5], "size": [6, 5, 5], "pivot": [-21, 14, 6], "rotation": [0, 0, 112.5], "uv": [168, 120], "mirror": true},
						{"origin": [-25, 18.1, 4.5], "size": [6, 5, 5], "inflate": -0.01, "pivot": [-19, 18, 6], "rotation": [0, 0, 157.5], "uv": [168, 120], "mirror": true},
						{"origin": [-21, 20.1, 4.5], "size": [4, 4, 5], "inflate": -0.02, "pivot": [-15, 20, 6], "rotation": [0, 0, -155], "uv": [96, 72], "mirror": true}
					]
				},
				{
					"name": "bone10",
					"parent": "bone9",
					"pivot": [-17, 7, 7],
					"rotation": [39.70765, -20.70481, 40.89339],
					"cubes": [
						{"origin": [-23.3, 8, 5], "size": [3, 2, 2], "inflate": 0.1, "pivot": [-17.3, 8, 7], "rotation": [0, -62.5, 15], "uv": [96, 136], "mirror": true},
						{"origin": [-24.2, 7, 4], "size": [2, 2, 2], "inflate": 0.01, "pivot": [-18.2, 7, 6], "rotation": [-33.3055, -56.46179, 53.24671], "uv": [70, 124], "mirror": true},
						{"origin": [-26, 7, 2], "size": [2, 1, 1], "inflate": 0.01, "pivot": [-20, 7, 4], "rotation": [-54.77535, -36.81662, 82.06607], "uv": [40, 79], "mirror": true}
					]
				},
				{
					"name": "body2",
					"parent": "body",
					"pivot": [0, 0, -0.5],
					"rotation": [-12.5, 0, 0],
					"cubes": [
						{"origin": [-7.5, 0, -11.5], "size": [15, 20, 11], "uv": [0, 34]}
					]
				},
				{
					"name": "bone5",
					"parent": "body2",
					"pivot": [4, 1, -5],
					"rotation": [14.50307, -14.8687, -7.7614],
					"cubes": [
						{"origin": [4, 0, -6.5], "size": [6, 7, 6], "inflate": 0.02, "pivot": [4, 0, -5], "rotation": [0, 0, 10], "uv": [24, 165]},
						{"origin": [9, -0.9, -6.5], "size": [6, 7, 6], "inflate": -0.05, "pivot": [9, -0.9, -5], "rotation": [0, 0, -5], "uv": [24, 165]},
						{"origin": [14, 0, -6], "size": [6, 6, 5], "inflate": -0.05, "pivot": [14, 0, -5], "rotation": [0, 0, -27.5], "uv": [168, 32]},
						{"origin": [18, 1, -5.5], "size": [5, 5, 4], "inflate": -0.05, "pivot": [17, 1, -4], "rotation": [0, 0, -50], "uv": [44, 180]},
						{"origin": [21.5, 4.2, -5], "size": [5, 4, 3], "inflate": -0.05, "pivot": [20.5, 4.2, -4], "rotation": [0, 0, -90], "uv": [176, 163]},
						{"origin": [23.5, 8, -5], "size": [4, 3, 3], "inflate": -0.06, "pivot": [21.5, 8, -4], "rotation": [0, 0, -132.5], "uv": [182, 136]},
						{"origin": [23.5, 12.5, -5], "size": [3, 3, 3], "inflate": -0.07, "pivot": [20.5, 12.5, -4], "rotation": [0, 0, 177.5], "uv": [40, 73]},
						{"origin": [20, 14, -5], "size": [3, 3, 3], "inflate": -0.08, "pivot": [17, 14, -4], "rotation": [0, 0, 140], "uv": [40, 73]}
					]
				},
				{
					"name": "bone6",
					"parent": "bone5",
					"pivot": [14, 4, -2],
					"rotation": [66.21389, 20.01555, -7.3826],
					"cubes": [
						{"origin": [18, 4, -5], "size": [3, 2, 2], "inflate": -0.05, "pivot": [15, 4, -4], "rotation": [-67.35287, 63.19404, -97.07519], "uv": [174, 116]},
						{"origin": [17.5, 4, -3], "size": [3, 2, 2], "inflate": 0.1, "pivot": [14.5, 4, -2], "rotation": [-55.73437, 72.03614, -84.55419], "uv": [174, 116]},
						{"origin": [18, 9, -4], "size": [1, 3, 1], "inflate": -0.05, "pivot": [13, 9, -3], "rotation": [69.09975, 60.87208, 44.05259], "uv": [36, 91]}
					]
				},
				{
					"name": "bone11",
					"parent": "body2",
					"pivot": [-4, 1, -5],
					"rotation": [14.50307, 14.8687, 7.7614],
					"cubes": [
						{"origin": [-10, 0, -6.5], "size": [6, 7, 6], "inflate": 0.02, "pivot": [-4, 0, -5], "rotation": [0, 0, -10], "uv": [24, 165], "mirror": true},
						{"origin": [-15, -0.9, -6.5], "size": [6, 7, 6], "inflate": -0.05, "pivot": [-9, -0.9, -5], "rotation": [0, 0, 5], "uv": [24, 165], "mirror": true},
						{"origin": [-20, 0, -6], "size": [6, 6, 5], "inflate": -0.05, "pivot": [-14, 0, -5], "rotation": [0, 0, 27.5], "uv": [168, 32], "mirror": true},
						{"origin": [-23, 1, -5.5], "size": [5, 5, 4], "inflate": -0.05, "pivot": [-17, 1, -4], "rotation": [0, 0, 50], "uv": [44, 180], "mirror": true},
						{"origin": [-26.5, 4.2, -5], "size": [5, 4, 3], "inflate": -0.05, "pivot": [-20.5, 4.2, -4], "rotation": [0, 0, 90], "uv": [176, 163], "mirror": true},
						{"origin": [-27.5, 8, -5], "size": [4, 3, 3], "inflate": -0.06, "pivot": [-21.5, 8, -4], "rotation": [0, 0, 132.5], "uv": [182, 136], "mirror": true},
						{"origin": [-26.5, 12.5, -5], "size": [3, 3, 3], "inflate": -0.07, "pivot": [-20.5, 12.5, -4], "rotation": [0, 0, -177.5], "uv": [40, 73], "mirror": true},
						{"origin": [-23, 14, -5], "size": [3, 3, 3], "inflate": -0.08, "pivot": [-17, 14, -4], "rotation": [0, 0, -140], "uv": [40, 73], "mirror": true}
					]
				},
				{
					"name": "bone12",
					"parent": "bone11",
					"pivot": [-14, 4, -2],
					"rotation": [66.21389, -20.01555, 7.3826],
					"cubes": [
						{"origin": [-21, 4, -5], "size": [3, 2, 2], "inflate": -0.05, "pivot": [-15, 4, -4], "rotation": [-67.35287, -63.19404, 97.07519], "uv": [174, 116], "mirror": true},
						{"origin": [-20.5, 4, -3], "size": [3, 2, 2], "inflate": 0.1, "pivot": [-14.5, 4, -2], "rotation": [-55.73437, -72.03614, 84.55419], "uv": [174, 116], "mirror": true},
						{"origin": [-19, 9, -4], "size": [1, 3, 1], "inflate": -0.05, "pivot": [-13, 9, -3], "rotation": [69.09975, -60.87208, -44.05259], "uv": [36, 91], "mirror": true}
					]
				},
				{
					"name": "chest",
					"parent": "body2",
					"pivot": [0, 3.5, -11.5],
					"rotation": [44, 0, 0],
					"cubes": [
						{"origin": [-6, 3.5, -11.5], "size": [12, 15, 13], "uv": [52, 0]}
					]
				},
				{
					"name": "chest_fluff_right2",
					"parent": "chest",
					"pivot": [-4, 10, -11.5],
					"rotation": [0.32652, -2.4786, 37.49294],
					"cubes": [
						{"origin": [-10, 9, -11.5], "size": [7, 5, 0], "uv": [238, 2], "mirror": true}
					]
				},
				{
					"name": "chest_fluff_right1_rotation2",
					"parent": "chest_fluff_right2",
					"pivot": [-4, 10, -11.5],
					"cubes": [
						{"origin": [-16, 9, -11.5], "size": [7, 5, 0], "pivot": [-10, 11.5, -11.5], "rotation": [0, 30, 0], "uv": [237, 8], "mirror": true}
					]
				},
				{
					"name": "chest_fluff_right1",
					"parent": "chest",
					"pivot": [-3, 13, -11.5],
					"rotation": [0, -2.5, 45],
					"cubes": [
						{"origin": [-9, 12, -11.5], "size": [7, 5, 0], "uv": [238, 2], "mirror": true}
					]
				},
				{
					"name": "chest_fluff_right1_rotation",
					"parent": "chest_fluff_right1",
					"pivot": [-3, 13, -11.5],
					"cubes": [
						{"origin": [-15, 12, -11.5], "size": [7, 5, 0], "pivot": [-9, 14.5, -11.5], "rotation": [0, 30, 0], "uv": [237, 8], "mirror": true}
					]
				},
				{
					"name": "chest_fluff_left1",
					"parent": "chest",
					"pivot": [3, 13, -11.5],
					"rotation": [0, 2.5, -45],
					"cubes": [
						{"origin": [2, 12, -11.5], "size": [7, 5, 0], "uv": [238, 2]}
					]
				},
				{
					"name": "chest_fluff_left1_rotation",
					"parent": "chest_fluff_left1",
					"pivot": [3, 13, -11.5],
					"cubes": [
						{"origin": [8, 12, -11.5], "size": [7, 5, 0], "pivot": [9, 14.5, -11.5], "rotation": [0, -30, 0], "uv": [237, 8]}
					]
				},
				{
					"name": "chest_fluff_left2",
					"parent": "chest",
					"pivot": [4, 10, -11.5],
					"rotation": [0.32652, 2.4786, -37.49294],
					"cubes": [
						{"origin": [3, 9, -11.5], "size": [7, 5, 0], "uv": [238, 2]}
					]
				},
				{
					"name": "chest_fluff_left1_rotation2",
					"parent": "chest_fluff_left2",
					"pivot": [4, 10, -11.5],
					"cubes": [
						{"origin": [9, 9, -11.5], "size": [7, 5, 0], "pivot": [10, 11.5, -11.5], "rotation": [0, -30, 0], "uv": [237, 8]}
					]
				},
				{
					"name": "neck",
					"parent": "chest",
					"pivot": [0, 18.5, -4.75],
					"rotation": [-2, 0, 0],
					"cubes": [
						{"origin": [-5, 16.5, -10.25], "size": [10, 9, 11], "uv": [96, 28]}
					]
				},
				{
					"name": "neck2",
					"parent": "neck",
					"pivot": [0, 22.5, -4.5],
					"cubes": [
						{"origin": [-4, 23.5, -9], "size": [8, 9, 9], "uv": [36, 107]}
					]
				},
				{
					"name": "neck3",
					"parent": "neck2",
					"pivot": [0, 29.5, -3.5],
					"cubes": [
						{"origin": [-3.5, 32.5, -8.5], "size": [7, 9, 8], "inflate": 0.01, "uv": [66, 128]}
					]
				},
				{
					"name": "neck4",
					"parent": "neck3",
					"pivot": [0, 39.5, -4],
					"cubes": [
						{"origin": [-3.5, 41.5, -8], "size": [7, 9, 7], "uv": [140, 122]}
					]
				},
				{
					"name": "neck5",
					"parent": "neck4",
					"pivot": [0, 49.5, -5],
					"cubes": [
						{"origin": [-3, 50.5, -8], "size": [6, 9, 7], "inflate": 0.01, "uv": [0, 149]}
					]
				},
				{
					"name": "neck6",
					"parent": "neck5",
					"pivot": [0, 56.5, -3.5],
					"cubes": [
						{"origin": [-3, 59.5, -7.5], "size": [6, 8, 6], "uv": [0, 165]}
					]
				},
				{
					"name": "back_fur22",
					"parent": "neck6",
					"pivot": [0, 69.5, -2.5],
					"rotation": [-149.9482, -38.86642, 34.35502]
				},
				{
					"name": "back_fur23",
					"parent": "back_fur22",
					"pivot": [0, 73.5, 1],
					"rotation": [-10, 0, 0],
					"cubes": [
						{"origin": [-1, 70.5, -3.5], "size": [2, 3, 5], "uv": [96, 128], "mirror": true}
					]
				},
				{
					"name": "back_fur24",
					"parent": "back_fur23",
					"pivot": [0, 73.5, -3.5],
					"rotation": [-50, 0, 0],
					"cubes": [
						{"origin": [0, 69.5, -3.5], "size": [0, 4, 3], "uv": [70, 117], "mirror": true}
					]
				},
				{
					"name": "back_fur19",
					"parent": "neck6",
					"pivot": [0, 70.5, -1.5],
					"rotation": [-142.5, 0, 0],
					"cubes": [
						{"origin": [-2, 70.5, -1.5], "size": [4, 4, 4], "uv": [130, 63]}
					]
				},
				{
					"name": "back_fur20",
					"parent": "back_fur19",
					"pivot": [0, 74.5, 2],
					"rotation": [-42.5, 0, 0],
					"cubes": [
						{"origin": [-1, 71.5, -2.5], "size": [2, 3, 5], "uv": [96, 128]}
					]
				},
				{
					"name": "back_fur21",
					"parent": "back_fur20",
					"pivot": [0, 74.5, -2.5],
					"rotation": [-50, 0, 0],
					"cubes": [
						{"origin": [0, 70.5, -2.5], "size": [0, 4, 3], "uv": [70, 117]}
					]
				},
				{
					"name": "back_fur16",
					"parent": "neck6",
					"pivot": [0, 69.5, -2.5],
					"rotation": [-149.9482, 38.86642, -34.35502]
				},
				{
					"name": "back_fur17",
					"parent": "back_fur16",
					"pivot": [0, 73.5, 1],
					"rotation": [-10, 0, 0],
					"cubes": [
						{"origin": [-1, 70.5, -3.5], "size": [2, 3, 5], "uv": [96, 128]}
					]
				},
				{
					"name": "back_fur18",
					"parent": "back_fur17",
					"pivot": [0, 73.5, -3.5],
					"rotation": [-50, 0, 0],
					"cubes": [
						{"origin": [0, 69.5, -3.5], "size": [0, 4, 3], "uv": [70, 117]}
					]
				},
				{
					"name": "neck7",
					"parent": "neck6",
					"pivot": [0, 64.5, -4.5],
					"cubes": [
						{"origin": [-3, 66.5, -7.5], "size": [6, 7, 6], "inflate": 0.01, "uv": [82, 165]}
					]
				},
				{
					"name": "neck8",
					"parent": "neck7",
					"pivot": [0, 71.5, -4.25],
					"cubes": [
						{"origin": [-3.5, 71.5, -7.75], "size": [7, 7, 7], "uv": [150, 85]}
					]
				},
				{
					"name": "head",
					"parent": "neck8",
					"pivot": [0, 77.5, -4],
					"rotation": [-90, 0, 0]
				},
				{
					"name": "head_ai",
					"parent": "head",
					"pivot": [0, 76, -4]
				},
				{
					"name": "head_rotation",
					"parent": "head_ai",
					"pivot": [0, 76, -4],
					"cubes": [
						{"origin": [-6, 72, -13], "size": [12, 12, 10], "inflate": 0.01, "uv": [52, 59]},
						{"origin": [-5.5, 76, -17.5], "size": [11, 9, 5], "uv": [138, 18]}
					]
				},
				{
					"name": "eyes",
					"parent": "head_rotation",
					"pivot": [0, 83.5, -17.5]
				},
				{
					"name": "eye_left",
					"parent": "eyes",
					"pivot": [3.5, 82.25, -17.51],
					"cubes": [
						{"origin": [2, 80.75, -17.51], "size": [3, 3, 0], "uv": [140, 15]}
					]
				},
				{
					"name": "eye_right",
					"parent": "eyes",
					"pivot": [-3.5, 82.25, -17.51],
					"cubes": [
						{"origin": [-5, 80.75, -17.51], "size": [3, 3, 0], "uv": [146, 15]}
					]
				},
				{
					"name": "eyebrow_left",
					"parent": "eyes",
					"pivot": [0.5, 83.5, -17.5],
					"cubes": [
						{"origin": [0.5, 82.5, -18.5], "size": [3, 2, 2], "uv": [178, 43]}
					]
				},
				{
					"name": "eyebrow_left2",
					"parent": "eyebrow_left",
					"pivot": [3, 83.5, -17.5],
					"cubes": [
						{"origin": [3, 82.5, -18.5], "size": [3, 2, 2], "inflate": 0.05, "uv": [182, 148]}
					]
				},
				{
					"name": "eyebrow_left3",
					"parent": "eyebrow_left2",
					"pivot": [5.5, 83.5, -17.5],
					"cubes": [
						{"origin": [5.5, 82.5, -18.5], "size": [3, 2, 2], "inflate": -0.2, "uv": [184, 116]}
					]
				},
				{
					"name": "eyebrow_right",
					"parent": "eyes",
					"pivot": [-0.5, 83.5, -17.5],
					"cubes": [
						{"origin": [-3.5, 82.5, -18.5], "size": [3, 2, 2], "uv": [186, 101]}
					]
				},
				{
					"name": "eyebrow_right2",
					"parent": "eyebrow_right",
					"pivot": [-3, 83.5, -17.5],
					"cubes": [
						{"origin": [-6, 82.5, -18.5], "size": [3, 2, 2], "inflate": 0.05, "uv": [30, 188]}
					]
				},
				{
					"name": "eyebrow_right3",
					"parent": "eyebrow_right2",
					"pivot": [-5.5, 83.5, -17.5],
					"cubes": [
						{"origin": [-8.5, 82.5, -18.5], "size": [3, 2, 2], "inflate": -0.2, "uv": [188, 43]}
					]
				},
				{
					"name": "eyebrow_closed_left",
					"parent": "eyes",
					"pivot": [-0.5, 83.5, -16.5],
					"rotation": [0, -5, 34],
					"cubes": [
						{"origin": [-0.5, 82.75, -17.5], "size": [2, 2, 2], "uv": [48, 165]}
					]
				},
				{
					"name": "eyebrow_closed_left2",
					"parent": "eyebrow_closed_left",
					"pivot": [1, 83.5, -16.5],
					"rotation": [0, 0, -17.5],
					"cubes": [
						{"origin": [1, 82, -17.5], "size": [2, 3, 2], "inflate": 0.05, "uv": [70, 107]}
					]
				},
				{
					"name": "eyebrow_closed_left3",
					"parent": "eyebrow_closed_left2",
					"pivot": [3, 81.5, -16.5],
					"rotation": [0, 0, -17.5],
					"cubes": [
						{"origin": [3, 82, -17.5], "size": [3, 3, 2], "inflate": 0.1, "uv": [168, 43]}
					]
				},
				{
					"name": "eyebrow_closed_right",
					"parent": "eyes",
					"pivot": [0.5, 83.5, -16.5],
					"rotation": [0, 5, -34],
					"cubes": [
						{"origin": [-1.5, 82.75, -17.5], "size": [2, 2, 2], "uv": [62, 180]}
					]
				},
				{
					"name": "eyebrow_closed_right2",
					"parent": "eyebrow_closed_right",
					"pivot": [-1, 83.5, -16.5],
					"rotation": [0, 0, 17.5],
					"cubes": [
						{"origin": [-3, 82, -17.5], "size": [2, 3, 2], "inflate": 0.05, "uv": [70, 112]}
					]
				},
				{
					"name": "eyebrow_closed_right3",
					"parent": "eyebrow_closed_right2",
					"pivot": [-3, 81.5, -16.5],
					"rotation": [0, 0, 17.5],
					"cubes": [
						{"origin": [-6, 82, -17.5], "size": [3, 3, 2], "inflate": 0.1, "uv": [176, 101]}
					]
				},
				{
					"name": "ear_left",
					"parent": "head_rotation",
					"pivot": [6, 79.25, -11.25],
					"cubes": [
						{"origin": [5.5, 76.25, -12.75], "size": [4, 3, 3], "uv": [182, 142], "mirror": true}
					]
				},
				{
					"name": "ear_left2",
					"parent": "ear_left",
					"pivot": [9.5, 79.25, -11.25],
					"cubes": [
						{"origin": [8.5, 76.25, -12.75], "size": [4, 3, 3], "inflate": -0.1, "uv": [90, 184], "mirror": true}
					]
				},
				{
					"name": "ear_left3",
					"parent": "ear_left2",
					"pivot": [13.5, 79.25, -11.25],
					"cubes": [
						{"origin": [11.5, 76.25, -12.75], "size": [3, 3, 3], "inflate": -0.3, "uv": [82, 157], "mirror": true}
					]
				},
				{
					"name": "ear_right",
					"parent": "head_rotation",
					"pivot": [-6, 79.25, -11.25],
					"cubes": [
						{"origin": [-9.5, 76.25, -12.75], "size": [4, 3, 3], "uv": [182, 142]}
					]
				},
				{
					"name": "ear_right2",
					"parent": "ear_right",
					"pivot": [-9.5, 79.25, -11.25],
					"cubes": [
						{"origin": [-12.5, 76.25, -12.75], "size": [4, 3, 3], "inflate": -0.1, "uv": [90, 184]}
					]
				},
				{
					"name": "ear_right3",
					"parent": "ear_right2",
					"pivot": [-13.5, 79.25, -11.25],
					"cubes": [
						{"origin": [-14.5, 76.25, -12.75], "size": [3, 3, 3], "inflate": -0.3, "uv": [82, 157]}
					]
				},
				{
					"name": "hair",
					"parent": "head_rotation",
					"pivot": [0, 83, -5],
					"rotation": [2.5, 0, 0],
					"cubes": [
						{"origin": [-2.5, 82.5, -15.5], "size": [5, 4, 10], "uv": [128, 140]}
					]
				},
				{
					"name": "hair_front_left",
					"parent": "hair",
					"pivot": [1, 84, -12],
					"rotation": [0, -25, -50],
					"cubes": [
						{"origin": [1, 81.5, -14.5], "size": [6, 5, 5], "inflate": 0.01, "uv": [48, 170]}
					]
				},
				{
					"name": "hair_front_left2",
					"parent": "hair_front_left",
					"pivot": [5, 86.5, -12],
					"rotation": [-1.943, -4.8746, -22.58762],
					"cubes": [
						{"origin": [5, 81.5, -14.5], "size": [6, 5, 5], "inflate": 0.02, "uv": [150, 170]}
					]
				},
				{
					"name": "hair_front_left3",
					"parent": "hair_front_left2",
					"pivot": [10, 86.5, -12],
					"rotation": [-9.50639, 14.81032, -12.84664],
					"cubes": [
						{"origin": [10, 81.5, -14.5], "size": [6, 5, 5], "inflate": 0.1, "uv": [172, 170]}
					]
				},
				{
					"name": "hair_front_left4",
					"parent": "hair_front_left3",
					"pivot": [15, 86.5, -12],
					"rotation": [0, 17.5, 0],
					"cubes": [
						{"origin": [15, 81.5, -14.5], "size": [5, 5, 5], "inflate": 0.11, "uv": [70, 178]}
					]
				},
				{
					"name": "bone19",
					"parent": "hair_front_left4",
					"pivot": [22.5, 84, -12],
					"cubes": [
						{"origin": [20, 82.5, -13.5], "size": [5, 3, 3], "inflate": 0.11, "uv": [178, 180]}
					]
				},
				{
					"name": "hair_front_right",
					"parent": "hair",
					"pivot": [-1, 84, -12],
					"rotation": [0, 25, 50],
					"cubes": [
						{"origin": [-7, 81.5, -14.5], "size": [6, 5, 5], "inflate": 0.01, "uv": [48, 170], "mirror": true}
					]
				},
				{
					"name": "hair_front_right2",
					"parent": "hair_front_right",
					"pivot": [-5, 86.5, -12],
					"rotation": [-1.943, 4.8746, 22.58762],
					"cubes": [
						{"origin": [-11, 81.5, -14.5], "size": [6, 5, 5], "inflate": 0.02, "uv": [150, 170], "mirror": true}
					]
				},
				{
					"name": "hair_front_right3",
					"parent": "hair_front_right2",
					"pivot": [-10, 86.5, -12],
					"rotation": [-9.50639, -14.81032, 12.84664],
					"cubes": [
						{"origin": [-16, 81.5, -14.5], "size": [6, 5, 5], "inflate": 0.1, "uv": [172, 170], "mirror": true}
					]
				},
				{
					"name": "hair_front_right4",
					"parent": "hair_front_right3",
					"pivot": [-15, 86.5, -12],
					"rotation": [0, -17.5, 0],
					"cubes": [
						{"origin": [-20, 81.5, -14.5], "size": [5, 5, 5], "inflate": 0.11, "uv": [70, 178], "mirror": true}
					]
				},
				{
					"name": "bone20",
					"parent": "hair_front_right4",
					"pivot": [-22.5, 84, -12],
					"cubes": [
						{"origin": [-25, 82.5, -13.5], "size": [5, 3, 3], "inflate": 0.11, "uv": [178, 180], "mirror": true}
					]
				},
				{
					"name": "hair_back_left",
					"parent": "hair",
					"pivot": [1, 84, -16.5],
					"rotation": [-1.91699, -37.45817, -1.85],
					"cubes": [
						{"origin": [1, 81.5, -16.5], "size": [5, 5, 5], "uv": [174, 106]}
					]
				},
				{
					"name": "hair_back_left2",
					"parent": "hair_back_left",
					"pivot": [6, 86.5, -16.5],
					"rotation": [0, -7.5, -12.5],
					"cubes": [
						{"origin": [6, 81.5, -16.5], "size": [6, 5, 5], "inflate": 0.01, "uv": [170, 0]}
					]
				},
				{
					"name": "hair_back_left3",
					"parent": "hair_back_left2",
					"pivot": [10, 86.5, -14],
					"rotation": [-0.2231, -12.49041, -22.45648],
					"cubes": [
						{"origin": [9, 81.5, -16.5], "size": [5, 5, 5], "inflate": -0.2, "uv": [176, 153]}
					]
				},
				{
					"name": "hair_back_left4",
					"parent": "hair_back_left3",
					"pivot": [14, 86.5, -14],
					"rotation": [0, 7.5, -12.5],
					"cubes": [
						{"origin": [12, 81.5, -16.5], "size": [5, 5, 5], "inflate": -0.5, "uv": [24, 178]}
					]
				},
				{
					"name": "bone21",
					"parent": "hair_back_left4",
					"pivot": [18, 85, -14],
					"rotation": [0, 2.5, 0],
					"cubes": [
						{"origin": [15, 82.5, -16.5], "size": [6, 5, 5], "inflate": -1, "pivot": [18, 85, -14], "rotation": [1.50179, 0.06253, -17.26804], "uv": [192, 0]}
					]
				},
				{
					"name": "hair_back_right",
					"parent": "hair",
					"pivot": [-1, 84, -16.5],
					"rotation": [-1.91699, 37.45817, 1.85],
					"cubes": [
						{"origin": [-6, 81.5, -16.5], "size": [5, 5, 5], "uv": [174, 106], "mirror": true}
					]
				},
				{
					"name": "hair_back_right2",
					"parent": "hair_back_right",
					"pivot": [-6, 86.5, -16.5],
					"rotation": [0, 7.5, 12.5],
					"cubes": [
						{"origin": [-12, 81.5, -16.5], "size": [6, 5, 5], "inflate": 0.01, "uv": [170, 0], "mirror": true}
					]
				},
				{
					"name": "hair_back_right3",
					"parent": "hair_back_right2",
					"pivot": [-10, 86.5, -14],
					"rotation": [-0.2231, 12.49041, 22.45648],
					"cubes": [
						{"origin": [-14, 81.5, -16.5], "size": [5, 5, 5], "inflate": -0.2, "uv": [176, 153], "mirror": true}
					]
				},
				{
					"name": "hair_back_right4",
					"parent": "hair_back_right3",
					"pivot": [-14, 86.5, -14],
					"rotation": [0, -7.5, 12.5],
					"cubes": [
						{"origin": [-17, 81.5, -16.5], "size": [5, 5, 5], "inflate": -0.5, "uv": [24, 178], "mirror": true}
					]
				},
				{
					"name": "bone22",
					"parent": "hair_back_right4",
					"pivot": [-18, 85, -14],
					"rotation": [0, -2.5, 0],
					"cubes": [
						{"origin": [-21, 82.5, -16.5], "size": [6, 5, 5], "inflate": -1, "pivot": [-18, 85, -14], "rotation": [1.50179, -0.06253, 17.26804], "uv": [192, 0], "mirror": true}
					]
				},
				{
					"name": "muzzle",
					"parent": "head_rotation",
					"pivot": [0, 76, -17.5],
					"rotation": [-2.5, 0, 0],
					"cubes": [
						{"origin": [-4.5, 76, -22.5], "size": [9, 5, 5], "inflate": 0.01, "uv": [102, 18]}
					]
				},
				{
					"name": "muzzle2",
					"parent": "muzzle",
					"pivot": [0, 76, -22.5],
					"rotation": [-8.5, 0, 0],
					"cubes": [
						{"origin": [-3.5, 76, -30.5], "size": [7, 7, 8], "inflate": 0.02, "uv": [140, 0]},
						{"origin": [1, 80, -30.51], "size": [1, 2, 0], "inflate": 0.02, "uv": [50, 79]},
						{"origin": [-2, 80, -30.51], "size": [1, 2, 0], "inflate": 0.02, "uv": [36, 97]}
					]
				},
				{
					"name": "nose_left",
					"parent": "muzzle2",
					"pivot": [2, 77.5, -27.5],
					"rotation": [0, 0, 17.5],
					"cubes": [
						{"origin": [-0.5, 76, -29], "size": [5, 3, 3], "inflate": -0.1, "uv": [146, 180], "mirror": true}
					]
				},
				{
					"name": "nose_left2",
					"parent": "nose_left",
					"pivot": [4.5, 76, -29],
					"rotation": [0, 0, -5],
					"cubes": [
						{"origin": [3.5, 76, -29], "size": [3, 3, 3], "inflate": -0.11, "uv": [170, 186], "mirror": true}
					]
				},
				{
					"name": "nose_left3",
					"parent": "nose_left2",
					"pivot": [7.5, 76, -27.5],
					"rotation": [0, 0, -5],
					"cubes": [
						{"origin": [5.5, 76, -29], "size": [3, 3, 3], "inflate": -0.12, "uv": [182, 186], "mirror": true}
					]
				},
				{
					"name": "nose_left4",
					"parent": "nose_left3",
					"pivot": [10.5, 77, -27.5],
					"rotation": [0, 0, -25],
					"cubes": [
						{"origin": [7.5, 77, -29], "size": [3, 3, 3], "inflate": -0.13, "uv": [18, 188], "mirror": true}
					]
				},
				{
					"name": "bone33",
					"parent": "nose_left4",
					"pivot": [11.62654, 79.81522, -27.5],
					"cubes": [
						{"origin": [9.5, 77.6, -29], "size": [3, 3, 3], "inflate": -0.15, "pivot": [11, 79.5, -27.5], "rotation": [0, 0, -22.5], "uv": [18, 188], "mirror": true}
					]
				},
				{
					"name": "bone34",
					"parent": "bone33",
					"pivot": [12.1, 80.5, -27.5],
					"rotation": [0, 0, -32.5],
					"cubes": [
						{"origin": [10.6, 78.6, -29], "size": [3, 3, 3], "inflate": -0.2, "pivot": [12, 80.5, -27.5], "rotation": [0, 0, -22.5], "uv": [18, 188], "mirror": true}
					]
				},
				{
					"name": "bone35",
					"parent": "bone34",
					"pivot": [14.1, 81.5, -27.5],
					"rotation": [0, 0, -22.5],
					"cubes": [
						{"origin": [12.4, 79.8, -29], "size": [3, 3, 3], "inflate": -0.3, "pivot": [14, 81.5, -27.5], "rotation": [0, 0, -22.5], "uv": [18, 188], "mirror": true}
					]
				},
				{
					"name": "bone36",
					"parent": "bone35",
					"pivot": [15.1, 82.5, -27.5],
					"rotation": [0, 0, -22.5],
					"cubes": [
						{"origin": [13.4, 80.8, -29], "size": [3, 3, 3], "inflate": -0.4, "pivot": [15, 82.5, -27.5], "rotation": [0, 0, -22.5], "uv": [18, 188], "mirror": true}
					]
				},
				{
					"name": "bone37",
					"parent": "bone36",
					"pivot": [16.1, 83.5, -27.5],
					"rotation": [0, 0, -22.5],
					"cubes": [
						{"origin": [14.4, 81.8, -29], "size": [3, 3, 3], "inflate": -0.5, "pivot": [16, 83.5, -27.5], "rotation": [0, 0, -22.5], "uv": [18, 188], "mirror": true}
					]
				},
				{
					"name": "bone38",
					"parent": "bone37",
					"pivot": [17.1, 83.5, -27.5],
					"rotation": [0, 0, 17.5],
					"cubes": [
						{"origin": [15.7, 82, -29], "size": [3, 3, 3], "inflate": -0.6, "pivot": [17, 83.5, -27.5], "rotation": [0, 0, -22.5], "uv": [18, 188], "mirror": true}
					]
				},
				{
					"name": "bone39",
					"parent": "bone38",
					"pivot": [18.1, 83.5, -27.5],
					"rotation": [0, 0, 42.5],
					"cubes": [
						{"origin": [16.7, 82.2, -29], "size": [3, 3, 3], "inflate": -0.7, "pivot": [18, 83.5, -27.5], "rotation": [0, 0, -22.5], "uv": [18, 188], "mirror": true}
					]
				},
				{
					"name": "bone40",
					"parent": "bone39",
					"pivot": [19.1, 83.5, -27.5],
					"rotation": [0, 0, 35],
					"cubes": [
						{"origin": [17.7, 82.2, -29], "size": [3, 3, 3], "inflate": -0.8, "pivot": [19, 83.5, -27.5], "rotation": [0, 0, -22.5], "uv": [18, 188], "mirror": true}
					]
				},
				{
					"name": "bone41",
					"parent": "bone40",
					"pivot": [20.1, 83.5, -27.5],
					"rotation": [0, 0, 30],
					"cubes": [
						{"origin": [18.4, 82.4, -29], "size": [3, 3, 3], "inflate": -0.9, "pivot": [20, 83.5, -27.5], "rotation": [0, 0, -22.5], "uv": [18, 188], "mirror": true}
					]
				},
				{
					"name": "bone42",
					"parent": "bone41",
					"pivot": [21.1, 83.5, -27.5],
					"rotation": [0, 0, 2.5],
					"cubes": [
						{"origin": [19.4, 82.7, -29], "size": [3, 3, 3], "inflate": -1, "pivot": [21, 83.5, -27.5], "rotation": [0, 0, -22.5], "uv": [18, 188], "mirror": true}
					]
				},
				{
					"name": "nose_right",
					"parent": "muzzle2",
					"pivot": [-2, 77.5, -27.5],
					"rotation": [0, 0, -17.5],
					"cubes": [
						{"origin": [-4.5, 76, -29], "size": [5, 3, 3], "inflate": -0.1, "uv": [146, 180]}
					]
				},
				{
					"name": "nose_right2",
					"parent": "nose_right",
					"pivot": [-4.5, 76, -29],
					"rotation": [0, 0, 5],
					"cubes": [
						{"origin": [-6.5, 76, -29], "size": [3, 3, 3], "inflate": -0.11, "uv": [170, 186]}
					]
				},
				{
					"name": "nose_right3",
					"parent": "nose_right2",
					"pivot": [-7.5, 76, -27.5],
					"rotation": [0, 0, 5],
					"cubes": [
						{"origin": [-8.5, 76, -29], "size": [3, 3, 3], "inflate": -0.12, "uv": [182, 186]}
					]
				},
				{
					"name": "nose_right4",
					"parent": "nose_right3",
					"pivot": [-10.5, 77, -27.5],
					"rotation": [0, 0, 25],
					"cubes": [
						{"origin": [-10.5, 77, -29], "size": [3, 3, 3], "inflate": -0.13, "uv": [18, 188]}
					]
				},
				{
					"name": "bone23",
					"parent": "nose_right4",
					"pivot": [2, 2, 0],
					"cubes": [
						{"origin": [-12.5, 77.6, -29], "size": [3, 3, 3], "inflate": -0.15, "pivot": [-11, 79.5, -27.5], "rotation": [0, 0, 22.5], "uv": [18, 188]}
					]
				},
				{
					"name": "bone24",
					"parent": "bone23",
					"pivot": [-12.1, 80.5, -27.5],
					"rotation": [0, 0, 32.5],
					"cubes": [
						{"origin": [-13.6, 78.6, -29], "size": [3, 3, 3], "inflate": -0.2, "pivot": [-12, 80.5, -27.5], "rotation": [0, 0, 22.5], "uv": [18, 188]}
					]
				},
				{
					"name": "bone25",
					"parent": "bone24",
					"pivot": [-14.1, 81.5, -27.5],
					"rotation": [0, 0, 22.5],
					"cubes": [
						{"origin": [-15.4, 79.8, -29], "size": [3, 3, 3], "inflate": -0.3, "pivot": [-14, 81.5, -27.5], "rotation": [0, 0, 22.5], "uv": [18, 188]}
					]
				},
				{
					"name": "bone26",
					"parent": "bone25",
					"pivot": [-15.1, 82.5, -27.5],
					"rotation": [0, 0, 22.5],
					"cubes": [
						{"origin": [-16.4, 80.8, -29], "size": [3, 3, 3], "inflate": -0.4, "pivot": [-15, 82.5, -27.5], "rotation": [0, 0, 22.5], "uv": [18, 188]}
					]
				},
				{
					"name": "bone27",
					"parent": "bone26",
					"pivot": [-16.1, 83.5, -27.5],
					"rotation": [0, 0, 22.5],
					"cubes": [
						{"origin": [-17.4, 81.8, -29], "size": [3, 3, 3], "inflate": -0.5, "pivot": [-16, 83.5, -27.5], "rotation": [0, 0, 22.5], "uv": [18, 188]}
					]
				},
				{
					"name": "bone28",
					"parent": "bone27",
					"pivot": [-17.1, 83.5, -27.5],
					"rotation": [0, 0, -17.5],
					"cubes": [
						{"origin": [-18.7, 82, -29], "size": [3, 3, 3], "inflate": -0.6, "pivot": [-17, 83.5, -27.5], "rotation": [0, 0, 22.5], "uv": [18, 188]}
					]
				},
				{
					"name": "bone29",
					"parent": "bone28",
					"pivot": [-18.1, 83.5, -27.5],
					"rotation": [0, 0, -42.5],
					"cubes": [
						{"origin": [-19.7, 82.2, -29], "size": [3, 3, 3], "inflate": -0.7, "pivot": [-18, 83.5, -27.5], "rotation": [0, 0, 22.5], "uv": [18, 188]}
					]
				},
				{
					"name": "bone30",
					"parent": "bone29",
					"pivot": [-19.1, 83.5, -27.5],
					"rotation": [0, 0, -35],
					"cubes": [
						{"origin": [-20.7, 82.2, -29], "size": [3, 3, 3], "inflate": -0.8, "pivot": [-19, 83.5, -27.5], "rotation": [0, 0, 22.5], "uv": [18, 188]}
					]
				},
				{
					"name": "bone31",
					"parent": "bone30",
					"pivot": [-20.1, 83.5, -27.5],
					"rotation": [0, 0, -30],
					"cubes": [
						{"origin": [-21.4, 82.4, -29], "size": [3, 3, 3], "inflate": -0.9, "pivot": [-20, 83.5, -27.5], "rotation": [0, 0, 22.5], "uv": [18, 188]}
					]
				},
				{
					"name": "bone32",
					"parent": "bone31",
					"pivot": [-21.1, 83.5, -27.5],
					"rotation": [0, 0, -2.5],
					"cubes": [
						{"origin": [-22.4, 82.7, -29], "size": [3, 3, 3], "inflate": -1, "pivot": [-21, 83.5, -27.5], "rotation": [0, 0, 22.5], "uv": [18, 188]}
					]
				},
				{
					"name": "jaw",
					"parent": "head_rotation",
					"pivot": [0, 72, -13],
					"rotation": [-5, 0, 0]
				},
				{
					"name": "jaw_rotation",
					"parent": "jaw",
					"pivot": [0, 76, -13],
					"cubes": [
						{"origin": [-4.5, 72, -20], "size": [9, 4, 7], "uv": [146, 63]}
					]
				},
				{
					"name": "tongue",
					"parent": "jaw_rotation",
					"pivot": [0, 76.1, -13.5],
					"rotation": [-5, 0, 0],
					"cubes": [
						{"origin": [-3, 76.1, -20.5], "size": [6, 0, 7], "uv": [150, 99]}
					]
				},
				{
					"name": "tongue2",
					"parent": "tongue",
					"pivot": [0, 76.1, -21.5],
					"cubes": [
						{"origin": [-2, 76.1, -26.5], "size": [4, 0, 6], "uv": [168, 130]}
					]
				},
				{
					"name": "jaw2",
					"parent": "jaw_rotation",
					"pivot": [0, 72, -20],
					"rotation": [-2.5, 0, 0],
					"cubes": [
						{"origin": [-3.5, 72, -28], "size": [7, 4, 8], "uv": [26, 153]}
					]
				},
				{
					"name": "jaw_hair",
					"parent": "jaw2",
					"pivot": [0, 72, -23.5],
					"rotation": [-5, 0, 0],
					"cubes": [
						{"origin": [-2.5, 68.1, -26], "size": [5, 5, 5], "inflate": -0.6, "uv": [178, 61]},
						{"origin": [-2.5, 66.1, -26], "size": [5, 5, 5], "inflate": -0.3, "uv": [178, 61]}
					]
				},
				{
					"name": "bone43",
					"parent": "jaw_hair",
					"pivot": [0, 68.45, -25.5],
					"rotation": [-17.5, 0, 0],
					"cubes": [
						{"origin": [-1.5, 67.1, -28], "size": [3, 3, 3], "inflate": -0.1, "uv": [182, 63]}
					]
				},
				{
					"name": "bone44",
					"parent": "bone43",
					"pivot": [0, 68.3, -28.5],
					"rotation": [22.5, 0, 0],
					"cubes": [
						{"origin": [-1.5, 66.8, -30], "size": [3, 3, 3], "inflate": -0.5, "uv": [182, 63]}
					]
				},
				{
					"name": "bone45",
					"parent": "bone44",
					"pivot": [0, 68.3, -29.5],
					"rotation": [-5, 0, 0],
					"cubes": [
						{"origin": [-1.5, 66.8, -31.5], "size": [3, 3, 3], "inflate": -0.8, "uv": [182, 63]}
					]
				},
				{
					"name": "arms",
					"parent": "body2",
					"pivot": [0, 6, -9],
					"rotation": [27.5, 0, 0]
				},
				{
					"name": "arm_left",
					"parent": "arms",
					"pivot": [7.5, 5.5, -7],
					"rotation": [0, -40, 0],
					"cubes": [
						{"origin": [3.5, 3, -14], "size": [4, 5, 7], "uv": [128, 167]}
					]
				},
				{
					"name": "arm_left2",
					"parent": "arm_left",
					"pivot": [7.5, 3, -14],
					"rotation": [-25, 0, 0]
				},
				{
					"name": "arm_left2_rotation",
					"parent": "arm_left2",
					"pivot": [7.5, 3, -14],
					"cubes": [
						{"origin": [3.5, 2.5, -20], "size": [4, 6, 6], "inflate": 0.01, "uv": [170, 10]}
					]
				},
				{
					"name": "arm_left3",
					"parent": "arm_left2_rotation",
					"pivot": [7.5, 2.5, -20],
					"rotation": [-42.5, 0, 0]
				},
				{
					"name": "arm_left3_rotation",
					"parent": "arm_left3",
					"pivot": [7.5, 2.5, -20],
					"cubes": [
						{"origin": [3, 1.5, -27], "size": [5, 9, 7], "uv": [152, 154]}
					]
				},
				{
					"name": "bone14",
					"parent": "arm_left3_rotation",
					"pivot": [8.36667, -1.50833, -26],
					"rotation": [12.45392, 1.08089, 15.11794],
					"cubes": [
						{"origin": [2.5, -2.25, -28.5], "size": [4, 5, 5], "inflate": 0.01, "uv": [178, 71]},
						{"origin": [3.5, -5.25, -28.5], "size": [4, 5, 5], "inflate": -0.1, "pivot": [5.5, -2.75, -26], "rotation": [0, 0, -42.5], "uv": [178, 71]},
						{"origin": [5.7, -6.25, -28.5], "size": [4, 5, 5], "inflate": -0.3, "pivot": [7.7, -3.75, -26], "rotation": [0, 0, -95], "uv": [178, 81]},
						{"origin": [8.5, -5.1, -28.5], "size": [4, 5, 5], "inflate": -0.4, "pivot": [10.5, -2.6, -26], "rotation": [0, 0, -135], "uv": [178, 91]},
						{"origin": [9.5, -3.1, -28.5], "size": [4, 5, 5], "inflate": -0.7, "pivot": [11.5, -0.6, -26], "rotation": [0, 0, 165], "uv": [0, 179]},
						{"origin": [8.5, -2.1, -28.5], "size": [4, 5, 5], "inflate": -0.8, "pivot": [10.5, 0.4, -26], "rotation": [0, 0, 100], "uv": [128, 179]}
					]
				},
				{
					"name": "bone15",
					"parent": "arm_left3_rotation",
					"pivot": [8.36667, -0.50833, -22],
					"rotation": [22.69185, -8.1565, 11.27619],
					"cubes": [
						{"origin": [2.5, -1.25, -24.5], "size": [4, 5, 5], "inflate": 0.01, "uv": [178, 71]},
						{"origin": [3.5, -4.25, -24.5], "size": [4, 5, 5], "inflate": -0.1, "pivot": [5.5, -1.75, -22], "rotation": [0, 0, -42.5], "uv": [178, 71]},
						{"origin": [5.7, -5.25, -24.5], "size": [4, 5, 5], "inflate": -0.3, "pivot": [7.7, -2.75, -22], "rotation": [0, 0, -95], "uv": [178, 81]},
						{"origin": [8.5, -4.1, -24.5], "size": [4, 5, 5], "inflate": -0.4, "pivot": [10.5, -1.6, -22], "rotation": [0, 0, -135], "uv": [178, 91]},
						{"origin": [9.5, -2.1, -24.5], "size": [4, 5, 5], "inflate": -0.7, "pivot": [11.5, 0.4, -22], "rotation": [0, 0, 165], "uv": [0, 179]},
						{"origin": [8.5, -1.1, -24.5], "size": [4, 5, 5], "inflate": -0.8, "pivot": [10.5, 1.4, -22], "rotation": [0, 0, 100], "uv": [128, 179]}
					]
				},
				{
					"name": "arm_fur3_left",
					"parent": "arm_left3_rotation",
					"pivot": [5.5, 1.5, -24],
					"rotation": [-42.5, 0, 0]
				},
				{
					"name": "arm_left4",
					"parent": "arm_left3_rotation",
					"pivot": [8, 1.75, -27],
					"cubes": [
						{"origin": [3, 1.75, -34], "size": [5, 8, 7], "inflate": 0.01, "uv": [158, 138]}
					]
				},
				{
					"name": "bone13",
					"parent": "arm_left4",
					"pivot": [8.36667, -1.50833, -31],
					"rotation": [0, 0, 15],
					"cubes": [
						{"origin": [2.5, -2.25, -33.5], "size": [4, 5, 5], "inflate": 0.01, "uv": [178, 71]},
						{"origin": [3.5, -5.25, -33.5], "size": [4, 5, 5], "inflate": -0.1, "pivot": [5.5, -2.75, -31], "rotation": [0, 0, -42.5], "uv": [178, 71]},
						{"origin": [5.7, -6.25, -33.5], "size": [4, 5, 5], "inflate": -0.3, "pivot": [7.7, -3.75, -31], "rotation": [0, 0, -95], "uv": [178, 81]},
						{"origin": [8.5, -5.1, -33.5], "size": [4, 5, 5], "inflate": -0.4, "pivot": [10.5, -2.6, -31], "rotation": [0, 0, -135], "uv": [178, 91]},
						{"origin": [9.5, -3.1, -33.5], "size": [4, 5, 5], "inflate": -0.7, "pivot": [11.5, -0.6, -31], "rotation": [0, 0, 165], "uv": [0, 179]},
						{"origin": [8.5, -2.1, -33.5], "size": [4, 5, 5], "inflate": -0.8, "pivot": [10.5, 0.4, -31], "rotation": [0, 0, 100], "uv": [128, 179]}
					]
				},
				{
					"name": "claw_inner_left",
					"parent": "arm_left4",
					"pivot": [3, 7, -32.5],
					"cubes": [
						{"origin": [1.75, 6, -32.5], "size": [2, 2, 2], "uv": [120, 181]},
						{"origin": [0.75, 6.5, -32], "size": [1, 1, 1], "uv": [46, 79]}
					]
				},
				{
					"name": "claw_outer_left",
					"parent": "arm_left4",
					"pivot": [3, 4.75, -32.5],
					"cubes": [
						{"origin": [1.75, 3.75, -32.5], "size": [2, 2, 2], "uv": [62, 184]},
						{"origin": [0.75, 4.25, -32], "size": [1, 1, 1], "uv": [36, 95]}
					]
				},
				{
					"name": "arm_right",
					"parent": "arms",
					"pivot": [-7.5, 5.5, -7],
					"rotation": [0, 40, 0],
					"cubes": [
						{"origin": [-7.5, 3, -14], "size": [4, 5, 7], "uv": [128, 167], "mirror": true}
					]
				},
				{
					"name": "arm_right2",
					"parent": "arm_right",
					"pivot": [-7.5, 3, -14],
					"rotation": [-25, 0, 0]
				},
				{
					"name": "arm_right2_rotation",
					"parent": "arm_right2",
					"pivot": [-7.5, 3, -14],
					"cubes": [
						{"origin": [-7.5, 2.5, -20], "size": [4, 6, 6], "inflate": 0.01, "uv": [170, 10], "mirror": true}
					]
				},
				{
					"name": "arm_right3",
					"parent": "arm_right2_rotation",
					"pivot": [-7.5, 2.5, -20],
					"rotation": [-42.5, 0, 0]
				},
				{
					"name": "arm_right3_rotation",
					"parent": "arm_right3",
					"pivot": [-7.5, 2.5, -20],
					"cubes": [
						{"origin": [-8, 1.5, -27], "size": [5, 9, 7], "uv": [152, 154], "mirror": true}
					]
				},
				{
					"name": "bone16",
					"parent": "arm_right3_rotation",
					"pivot": [-8.36667, -1.50833, -26],
					"rotation": [12.45392, -1.08089, -15.11794],
					"cubes": [
						{"origin": [-6.5, -2.25, -28.5], "size": [4, 5, 5], "inflate": 0.01, "uv": [178, 71], "mirror": true},
						{"origin": [-7.5, -5.25, -28.5], "size": [4, 5, 5], "inflate": -0.1, "pivot": [-5.5, -2.75, -26], "rotation": [0, 0, 42.5], "uv": [178, 71], "mirror": true},
						{"origin": [-9.7, -6.25, -28.5], "size": [4, 5, 5], "inflate": -0.3, "pivot": [-7.7, -3.75, -26], "rotation": [0, 0, 95], "uv": [178, 81], "mirror": true},
						{"origin": [-12.5, -5.1, -28.5], "size": [4, 5, 5], "inflate": -0.4, "pivot": [-10.5, -2.6, -26], "rotation": [0, 0, 135], "uv": [178, 91], "mirror": true},
						{"origin": [-13.5, -3.1, -28.5], "size": [4, 5, 5], "inflate": -0.7, "pivot": [-11.5, -0.6, -26], "rotation": [0, 0, -165], "uv": [0, 179], "mirror": true},
						{"origin": [-12.5, -2.1, -28.5], "size": [4, 5, 5], "inflate": -0.8, "pivot": [-10.5, 0.4, -26], "rotation": [0, 0, -100], "uv": [128, 179], "mirror": true}
					]
				},
				{
					"name": "bone17",
					"parent": "arm_right3_rotation",
					"pivot": [-8.36667, -0.50833, -22],
					"rotation": [22.69185, 8.1565, -11.27619],
					"cubes": [
						{"origin": [-6.5, -1.25, -24.5], "size": [4, 5, 5], "inflate": 0.01, "uv": [178, 71], "mirror": true},
						{"origin": [-7.5, -4.25, -24.5], "size": [4, 5, 5], "inflate": -0.1, "pivot": [-5.5, -1.75, -22], "rotation": [0, 0, 42.5], "uv": [178, 71], "mirror": true},
						{"origin": [-9.7, -5.25, -24.5], "size": [4, 5, 5], "inflate": -0.3, "pivot": [-7.7, -2.75, -22], "rotation": [0, 0, 95], "uv": [178, 81], "mirror": true},
						{"origin": [-12.5, -4.1, -24.5], "size": [4, 5, 5], "inflate": -0.4, "pivot": [-10.5, -1.6, -22], "rotation": [0, 0, 135], "uv": [178, 91], "mirror": true},
						{"origin": [-13.5, -2.1, -24.5], "size": [4, 5, 5], "inflate": -0.7, "pivot": [-11.5, 0.4, -22], "rotation": [0, 0, -165], "uv": [0, 179], "mirror": true},
						{"origin": [-12.5, -1.1, -24.5], "size": [4, 5, 5], "inflate": -0.8, "pivot": [-10.5, 1.4, -22], "rotation": [0, 0, -100], "uv": [128, 179], "mirror": true}
					]
				},
				{
					"name": "arm_fur3_right",
					"parent": "arm_right3_rotation",
					"pivot": [-5.5, 1.5, -24],
					"rotation": [-42.5, 0, 0]
				},
				{
					"name": "arm_right4",
					"parent": "arm_right3_rotation",
					"pivot": [-8, 1.75, -27],
					"cubes": [
						{"origin": [-8, 1.75, -34], "size": [5, 8, 7], "inflate": 0.01, "uv": [158, 138], "mirror": true}
					]
				},
				{
					"name": "bone18",
					"parent": "arm_right4",
					"pivot": [-8.36667, -1.50833, -31],
					"rotation": [0, 0, -15],
					"cubes": [
						{"origin": [-6.5, -2.25, -33.5], "size": [4, 5, 5], "inflate": 0.01, "uv": [178, 71], "mirror": true},
						{"origin": [-7.5, -5.25, -33.5], "size": [4, 5, 5], "inflate": -0.1, "pivot": [-5.5, -2.75, -31], "rotation": [0, 0, 42.5], "uv": [178, 71], "mirror": true},
						{"origin": [-9.7, -6.25, -33.5], "size": [4, 5, 5], "inflate": -0.3, "pivot": [-7.7, -3.75, -31], "rotation": [0, 0, 95], "uv": [178, 81], "mirror": true},
						{"origin": [-12.5, -5.1, -33.5], "size": [4, 5, 5], "inflate": -0.4, "pivot": [-10.5, -2.6, -31], "rotation": [0, 0, 135], "uv": [178, 91], "mirror": true},
						{"origin": [-13.5, -3.1, -33.5], "size": [4, 5, 5], "inflate": -0.7, "pivot": [-11.5, -0.6, -31], "rotation": [0, 0, -165], "uv": [0, 179], "mirror": true},
						{"origin": [-12.5, -2.1, -33.5], "size": [4, 5, 5], "inflate": -0.8, "pivot": [-10.5, 0.4, -31], "rotation": [0, 0, -100], "uv": [128, 179], "mirror": true}
					]
				},
				{
					"name": "claw_inner_right",
					"parent": "arm_right4",
					"pivot": [-3, 7, -32.5],
					"cubes": [
						{"origin": [-3.75, 6, -32.5], "size": [2, 2, 2], "uv": [120, 181], "mirror": true},
						{"origin": [-1.75, 6.5, -32], "size": [1, 1, 1], "uv": [46, 79], "mirror": true}
					]
				},
				{
					"name": "claw_outer_right",
					"parent": "arm_right4",
					"pivot": [-3, 4.75, -32.5],
					"cubes": [
						{"origin": [-3.75, 3.75, -32.5], "size": [2, 2, 2], "uv": [62, 184], "mirror": true},
						{"origin": [-1.75, 4.25, -32], "size": [1, 1, 1], "uv": [36, 95], "mirror": true}
					]
				},
				{
					"name": "torso_back",
					"parent": "body",
					"pivot": [0, 1, 12.5],
					"rotation": [-20, 0, 0]
				},
				{
					"name": "back_fur13",
					"parent": "torso_back",
					"pivot": [6, 14.5, 4.5],
					"rotation": [-43.86285, -10.62424, 70.07866],
					"cubes": [
						{"origin": [4, 14.5, 4.5], "size": [4, 4, 4], "uv": [130, 63], "mirror": true}
					]
				},
				{
					"name": "back_fur14",
					"parent": "back_fur13",
					"pivot": [6, 18.5, 8],
					"rotation": [-42.5, 0, 0],
					"cubes": [
						{"origin": [5, 15.5, 3.5], "size": [2, 3, 5], "uv": [96, 128], "mirror": true}
					]
				},
				{
					"name": "back_fur15",
					"parent": "back_fur14",
					"pivot": [6, 18.5, 3.5],
					"rotation": [-50, 0, 0],
					"cubes": [
						{"origin": [6, 14.5, 3.5], "size": [0, 4, 3], "uv": [70, 117], "mirror": true}
					]
				},
				{
					"name": "back_fur7",
					"parent": "torso_back",
					"pivot": [-6, 14.5, 4.5],
					"rotation": [-41.36285, 10.62424, -70.07866],
					"cubes": [
						{"origin": [-8, 14.5, 4.5], "size": [4, 4, 4], "uv": [130, 63]}
					]
				},
				{
					"name": "back_fur8",
					"parent": "back_fur7",
					"pivot": [-6, 18.5, 8],
					"rotation": [-42.5, 0, 0],
					"cubes": [
						{"origin": [-7, 15.5, 3.5], "size": [2, 3, 5], "uv": [96, 128]}
					]
				},
				{
					"name": "back_fur9",
					"parent": "back_fur8",
					"pivot": [-6, 18.5, 3.5],
					"rotation": [-50, 0, 0],
					"cubes": [
						{"origin": [-6, 14.5, 3.5], "size": [0, 4, 3], "uv": [70, 117]}
					]
				},
				{
					"name": "back_fur10",
					"parent": "torso_back",
					"pivot": [4, 17.5, 3.5],
					"rotation": [-42.68179, -6.34341, 33.82931],
					"cubes": [
						{"origin": [2, 17.5, 3.5], "size": [4, 4, 4], "uv": [130, 63], "mirror": true}
					]
				},
				{
					"name": "back_fur11",
					"parent": "back_fur10",
					"pivot": [4, 21.5, 7],
					"rotation": [-42.5, 0, 0],
					"cubes": [
						{"origin": [3, 18.5, 2.5], "size": [2, 3, 5], "uv": [96, 128], "mirror": true}
					]
				},
				{
					"name": "back_fur12",
					"parent": "back_fur11",
					"pivot": [4, 21.5, 2.5],
					"rotation": [-50, 0, 0],
					"cubes": [
						{"origin": [4, 17.5, 2.5], "size": [0, 4, 3], "uv": [70, 117], "mirror": true}
					]
				},
				{
					"name": "back_fur4",
					"parent": "torso_back",
					"pivot": [-4, 17.5, 3.5],
					"rotation": [-42.68179, 6.34341, -33.82931],
					"cubes": [
						{"origin": [-6, 17.5, 3.5], "size": [4, 4, 4], "uv": [130, 63]}
					]
				},
				{
					"name": "back_fur5",
					"parent": "back_fur4",
					"pivot": [-4, 21.5, 7],
					"rotation": [-42.5, 0, 0],
					"cubes": [
						{"origin": [-5, 18.5, 2.5], "size": [2, 3, 5], "uv": [96, 128]}
					]
				},
				{
					"name": "back_fur6",
					"parent": "back_fur5",
					"pivot": [-4, 21.5, 2.5],
					"rotation": [-50, 0, 0],
					"cubes": [
						{"origin": [-4, 17.5, 2.5], "size": [0, 4, 3], "uv": [70, 117]}
					]
				},
				{
					"name": "back_fur",
					"parent": "torso_back",
					"pivot": [0, 18.5, 4.5],
					"rotation": [-25, 0, 0],
					"cubes": [
						{"origin": [-2, 18.5, 4.5], "size": [4, 4, 4], "uv": [130, 63]}
					]
				},
				{
					"name": "back_fur2",
					"parent": "back_fur",
					"pivot": [0, 22.5, 8],
					"rotation": [-42.5, 0, 0],
					"cubes": [
						{"origin": [-1, 19.5, 3.5], "size": [2, 3, 5], "uv": [96, 128]}
					]
				},
				{
					"name": "back_fur3",
					"parent": "back_fur2",
					"pivot": [0, 22.5, 3.5],
					"rotation": [-50, 0, 0],
					"cubes": [
						{"origin": [0, 18.5, 3.5], "size": [0, 4, 3], "uv": [70, 117]}
					]
				},
				{
					"name": "tail",
					"parent": "torso_back",
					"pivot": [-1, 9, 9.5],
					"rotation": [27.5, 0, 0],
					"cubes": [
						{"origin": [-5, 0, 5.5], "size": [10, 19, 12], "pivot": [-1, 1, 7], "rotation": [5, 0, 0], "uv": [52, 28]},
						{"origin": [-6, 2, 17.5], "size": [12, 19, 5], "inflate": 0.03, "pivot": [0, 2, 19], "rotation": [15, 0, 0], "uv": [96, 48]},
						{"origin": [-6.5, 3, 17.5], "size": [13, 19, 5], "inflate": 0.1, "pivot": [0, 3, 19], "rotation": [2.5, 0, 0], "uv": [0, 91]},
						{"origin": [-6.5, 4, 18.5], "size": [13, 19, 6], "inflate": 0.3, "pivot": [0, 4, 20], "rotation": [-5, 0, 0], "uv": [78, 81]},
						{"origin": [-6.5, 4, 19.5], "size": [13, 20, 6], "inflate": 0.2, "pivot": [0, 4, 21], "rotation": [-12.5, 0, 0], "uv": [40, 81]},
						{"origin": [-6.5, 4, 20.5], "size": [13, 19, 7], "inflate": 0.19, "pivot": [0, 4, 22], "rotation": [-17.5, 0, 0], "uv": [0, 65]},
						{"origin": [-6, 5, 21.5], "size": [12, 18, 4], "inflate": 0.18, "pivot": [0, 5, 23], "rotation": [-37.5, 0, 0], "uv": [78, 106]},
						{"origin": [-6, 4, 27.5], "size": [12, 11, 4], "inflate": 0.179, "pivot": [0, 4, 29], "rotation": [-30, 0, 0], "uv": [130, 48]},
						{"origin": [-5.5, 5, 23.5], "size": [11, 16, 4], "inflate": 0.17, "pivot": [-1, 5, 25], "rotation": [-45, 0, 0], "uv": [116, 72]},
						{"origin": [-5.5, 6, 23.5], "size": [11, 14, 4], "pivot": [-1, 6, 25], "rotation": [-60, 0, 0], "uv": [110, 122]},
						{"origin": [-5.5, 5, 25.5], "size": [11, 12, 4], "inflate": -0.1, "pivot": [-1, 5, 27], "rotation": [-65, 0, 0], "uv": [138, 32]},
						{"origin": [-5.5, 2, 27.5], "size": [11, 10, 8], "inflate": -0.11, "pivot": [-1, 2, 29], "rotation": [-30, 0, 0], "uv": [102, 0]},
						{"origin": [-6, 1, 30.5], "size": [12, 8, 4], "pivot": [0, 1, 32], "rotation": [-30, 0, 0], "uv": [62, 145]},
						{"origin": [-5.5, -1, 33.5], "size": [11, 9, 7], "inflate": -0.12, "pivot": [-1, -1, 35], "rotation": [-12.5, 0, 0], "uv": [110, 106]},
						{"origin": [-6, 0, 34.5], "size": [12, 7, 4], "inflate": -0.3, "pivot": [0, 0, 36], "rotation": [-15, 0, 0], "uv": [146, 74]},
						{"origin": [-5.5, -2, 38.9], "size": [11, 9, 7], "inflate": -0.13, "pivot": [-1, -2, 40], "rotation": [-2.5, 0, 0], "uv": [110, 106]},
						{"origin": [-5.5, -1, 44.9], "size": [11, 8, 6], "inflate": 0.12, "pivot": [-1, -1, 46], "rotation": [22.5, 0, 0], "uv": [116, 92]},
						{"origin": [-5, 2, 49.9], "size": [10, 8, 6], "inflate": 0.115, "pivot": [-1, 2, 51], "rotation": [52.5, 0, 0], "uv": [30, 139]},
						{"origin": [-5, 7, 52.9], "size": [10, 7, 7], "inflate": 0.113, "pivot": [-1, 7, 54], "rotation": [72.5, 0, 0], "uv": [32, 125]},
						{"origin": [-5, 12, 53.9], "size": [10, 7, 6], "inflate": 0.111, "pivot": [-1, 12, 55], "rotation": [100, 0, 0], "uv": [96, 140]},
						{"origin": [-4.5, 17, 51.9], "size": [9, 6, 6], "inflate": 0.111, "pivot": [-2, 17, 53], "rotation": [132.5, 0, 0], "uv": [94, 153]},
						{"origin": [-2.5, 14, 51.9], "size": [5, 4, 6], "inflate": 0.111, "pivot": [-4, 14, 53], "rotation": [42.5, 0, 0], "uv": [170, 22]},
						{"origin": [-1.5, 17, 54.9], "size": [3, 3, 4], "inflate": 0.111, "pivot": [-5, 17, 56], "rotation": [10, 0, 0], "uv": [106, 181]},
						{"origin": [-4, 16, 48.9], "size": [8, 7, 6], "inflate": 0.111, "pivot": [-2, 16, 50], "rotation": [100, 0, 0], "uv": [124, 154]},
						{"origin": [-3.5, 17, 45.9], "size": [7, 7, 6], "inflate": 0.1, "pivot": [-3, 17, 47], "rotation": [155, 0, 0], "uv": [162, 48]}
					]
				},
				{
					"name": "bone2",
					"parent": "tail",
					"pivot": [7.0094, -2.24529, 42.61391],
					"rotation": [-173.84149, 17.2248, 136.5442],
					"cubes": [
						{"origin": [5.0094, 0, 39.10792], "size": [4, 2, 4], "inflate": 0.12, "pivot": [2.5094, 0, 40.20792], "rotation": [-2.5, 0, 0], "uv": [162, 180]},
						{"origin": [5.5094, -3, 41.10792], "size": [3, 5, 3], "inflate": 0.12, "pivot": [2.0094, -3, 42.20792], "rotation": [22.5, 0, 0], "uv": [40, 65]},
						{"origin": [6.0094, -4.8, 43.50792], "size": [2, 3, 2], "inflate": 0.12, "pivot": [2.0094, -4.8, 44.20792], "rotation": [42.5, 0, 0], "uv": [130, 18]}
					]
				},
				{
					"name": "bone",
					"parent": "tail",
					"pivot": [-7.0094, -2.24529, 42.61391],
					"rotation": [-173.84149, -17.2248, -136.5442],
					"cubes": [
						{"origin": [-9.0094, 0, 39.10792], "size": [4, 2, 4], "inflate": 0.12, "pivot": [-2.5094, 0, 40.20792], "rotation": [-2.5, 0, 0], "uv": [162, 180], "mirror": true},
						{"origin": [-8.5094, -3, 41.10792], "size": [3, 5, 3], "inflate": 0.12, "pivot": [-2.0094, -3, 42.20792], "rotation": [22.5, 0, 0], "uv": [40, 65], "mirror": true},
						{"origin": [-8.0094, -4.8, 43.50792], "size": [2, 3, 2], "inflate": 0.12, "pivot": [-2.0094, -4.8, 44.20792], "rotation": [42.5, 0, 0], "uv": [130, 18], "mirror": true}
					]
				},
				{
					"name": "tail2",
					"parent": "torso_back",
					"pivot": [3.3365, 12.27255, 17.63983],
					"rotation": [39.32187, 40.28608, 13.2444],
					"cubes": [
						{"origin": [-3.48243, 3.95557, 11.00483], "size": [13, 20, 6], "inflate": 0.2, "pivot": [3.01757, 3.95557, 12.50483], "rotation": [-12.5, 0, 0], "uv": [40, 81]},
						{"origin": [-3.48243, 3.95557, 12.00483], "size": [13, 19, 7], "inflate": 0.19, "pivot": [3.01757, 3.95557, 13.50483], "rotation": [-17.5, 0, 0], "uv": [0, 65]},
						{"origin": [-2.98243, 4.95557, 13.00483], "size": [12, 18, 4], "inflate": 0.18, "pivot": [3.01757, 4.95557, 14.50483], "rotation": [-37.5, 0, 0], "uv": [78, 106]},
						{"origin": [-2.98243, 3.95557, 19.00483], "size": [12, 11, 4], "inflate": 0.179, "pivot": [3.01757, 3.95557, 20.50483], "rotation": [-30, 0, 0], "uv": [130, 48]},
						{"origin": [-2.48243, 4.95557, 15.00483], "size": [11, 16, 4], "inflate": 0.17, "pivot": [2.01757, 4.95557, 16.50483], "rotation": [-45, 0, 0], "uv": [116, 72]},
						{"origin": [-2.48243, 5.95557, 15.00483], "size": [11, 14, 4], "pivot": [2.01757, 5.95557, 16.50483], "rotation": [-60, 0, 0], "uv": [110, 122]},
						{"origin": [-2.48243, 4.95557, 17.00483], "size": [11, 12, 4], "inflate": -0.1, "pivot": [2.01757, 4.95557, 18.50483], "rotation": [-65, 0, 0], "uv": [138, 32]},
						{"origin": [-2.48243, 1.95557, 19.00483], "size": [11, 10, 8], "inflate": -0.11, "pivot": [2.01757, 1.95557, 20.50483], "rotation": [-30, 0, 0], "uv": [102, 0]},
						{"origin": [-2.98243, 0.95557, 22.00483], "size": [12, 8, 4], "pivot": [3.01757, 0.95557, 23.50483], "rotation": [-30, 0, 0], "uv": [62, 145]},
						{"origin": [-2.48243, -1.04443, 25.00483], "size": [11, 9, 7], "inflate": -0.12, "pivot": [2.01757, -1.04443, 26.50483], "rotation": [-12.5, 0, 0], "uv": [110, 106]},
						{"origin": [-2.98243, -0.04443, 26.00483], "size": [12, 7, 4], "inflate": -0.3, "pivot": [3.01757, -0.04443, 27.50483], "rotation": [-15, 0, 0], "uv": [146, 74]},
						{"origin": [-2.48243, -2.04443, 30.40483], "size": [11, 9, 7], "inflate": -0.13, "pivot": [2.01757, -2.04443, 31.50483], "rotation": [-2.5, 0, 0], "uv": [110, 106]},
						{"origin": [-2.48243, -1.04443, 36.40483], "size": [11, 8, 6], "inflate": 0.12, "pivot": [2.01757, -1.04443, 37.50483], "rotation": [22.5, 0, 0], "uv": [116, 92]},
						{"origin": [-1.98243, 1.95557, 41.40483], "size": [10, 8, 6], "inflate": 0.115, "pivot": [2.01757, 1.95557, 42.50483], "rotation": [52.5, 0, 0], "uv": [30, 139]},
						{"origin": [-1.98243, 6.95557, 44.40483], "size": [10, 7, 7], "inflate": 0.113, "pivot": [2.01757, 6.95557, 45.50483], "rotation": [72.5, 0, 0], "uv": [32, 125]},
						{"origin": [-1.98243, 11.95557, 45.40483], "size": [10, 7, 6], "inflate": 0.111, "pivot": [2.01757, 11.95557, 46.50483], "rotation": [100, 0, 0], "uv": [96, 140]},
						{"origin": [-1.48243, 16.95557, 43.40483], "size": [9, 6, 6], "inflate": 0.111, "pivot": [1.01757, 16.95557, 44.50483], "rotation": [132.5, 0, 0], "uv": [94, 153]},
						{"origin": [0.51757, 13.95557, 43.40483], "size": [5, 4, 6], "inflate": 0.111, "pivot": [-0.98243, 13.95557, 44.50483], "rotation": [42.5, 0, 0], "uv": [170, 22]},
						{"origin": [1.51757, 16.95557, 46.40483], "size": [3, 3, 4], "inflate": 0.111, "pivot": [-1.98243, 16.95557, 47.50483], "rotation": [10, 0, 0], "uv": [106, 181]},
						{"origin": [-0.98243, 15.95557, 40.40483], "size": [8, 7, 6], "inflate": 0.111, "pivot": [1.01757, 15.95557, 41.50483], "rotation": [100, 0, 0], "uv": [124, 154]},
						{"origin": [-0.48243, 16.95557, 37.40483], "size": [7, 7, 6], "inflate": 0.1, "pivot": [0.01757, 16.95557, 38.50483], "rotation": [155, 0, 0], "uv": [162, 48]}
					]
				},
				{
					"name": "bone3",
					"parent": "tail2",
					"pivot": [10.02697, -2.28972, 34.11874],
					"rotation": [-173.84149, 17.2248, 136.5442],
					"cubes": [
						{"origin": [8.02697, -0.04443, 30.61275], "size": [4, 2, 4], "inflate": 0.12, "pivot": [5.52697, -0.04443, 31.71275], "rotation": [-2.5, 0, 0], "uv": [162, 180]},
						{"origin": [8.52697, -3.04443, 32.61275], "size": [3, 5, 3], "inflate": 0.12, "pivot": [5.02697, -3.04443, 33.71275], "rotation": [22.5, 0, 0], "uv": [40, 65]},
						{"origin": [9.02697, -4.84443, 35.01275], "size": [2, 3, 2], "inflate": 0.12, "pivot": [5.02697, -4.84443, 35.71275], "rotation": [42.5, 0, 0], "uv": [130, 18]}
					]
				},
				{
					"name": "tail3",
					"parent": "torso_back",
					"pivot": [-3.3365, 12.27255, 17.63983],
					"rotation": [39.32187, -40.28608, -13.2444],
					"cubes": [
						{"origin": [-9.51757, 3.95557, 11.00483], "size": [13, 20, 6], "inflate": 0.2, "pivot": [-3.01757, 3.95557, 12.50483], "rotation": [-12.5, 0, 0], "uv": [40, 81], "mirror": true},
						{"origin": [-9.51757, 3.95557, 12.00483], "size": [13, 19, 7], "inflate": 0.19, "pivot": [-3.01757, 3.95557, 13.50483], "rotation": [-17.5, 0, 0], "uv": [0, 65], "mirror": true},
						{"origin": [-9.01757, 4.95557, 13.00483], "size": [12, 18, 4], "inflate": 0.18, "pivot": [-3.01757, 4.95557, 14.50483], "rotation": [-37.5, 0, 0], "uv": [78, 106], "mirror": true},
						{"origin": [-9.01757, 3.95557, 19.00483], "size": [12, 11, 4], "inflate": 0.179, "pivot": [-3.01757, 3.95557, 20.50483], "rotation": [-30, 0, 0], "uv": [130, 48], "mirror": true},
						{"origin": [-8.51757, 4.95557, 15.00483], "size": [11, 16, 4], "inflate": 0.17, "pivot": [-2.01757, 4.95557, 16.50483], "rotation": [-45, 0, 0], "uv": [116, 72], "mirror": true},
						{"origin": [-8.51757, 5.95557, 15.00483], "size": [11, 14, 4], "pivot": [-2.01757, 5.95557, 16.50483], "rotation": [-60, 0, 0], "uv": [110, 122], "mirror": true},
						{"origin": [-8.51757, 4.95557, 17.00483], "size": [11, 12, 4], "inflate": -0.1, "pivot": [-2.01757, 4.95557, 18.50483], "rotation": [-65, 0, 0], "uv": [138, 32], "mirror": true},
						{"origin": [-8.51757, 1.95557, 19.00483], "size": [11, 10, 8], "inflate": -0.11, "pivot": [-2.01757, 1.95557, 20.50483], "rotation": [-30, 0, 0], "uv": [102, 0], "mirror": true},
						{"origin": [-9.01757, 0.95557, 22.00483], "size": [12, 8, 4], "pivot": [-3.01757, 0.95557, 23.50483], "rotation": [-30, 0, 0], "uv": [62, 145], "mirror": true},
						{"origin": [-8.51757, -1.04443, 25.00483], "size": [11, 9, 7], "inflate": -0.12, "pivot": [-2.01757, -1.04443, 26.50483], "rotation": [-12.5, 0, 0], "uv": [110, 106], "mirror": true},
						{"origin": [-9.01757, -0.04443, 26.00483], "size": [12, 7, 4], "inflate": -0.3, "pivot": [-3.01757, -0.04443, 27.50483], "rotation": [-15, 0, 0], "uv": [146, 74], "mirror": true},
						{"origin": [-8.51757, -2.04443, 30.40483], "size": [11, 9, 7], "inflate": -0.13, "pivot": [-2.01757, -2.04443, 31.50483], "rotation": [-2.5, 0, 0], "uv": [110, 106], "mirror": true},
						{"origin": [-8.51757, -1.04443, 36.40483], "size": [11, 8, 6], "inflate": 0.12, "pivot": [-2.01757, -1.04443, 37.50483], "rotation": [22.5, 0, 0], "uv": [116, 92], "mirror": true},
						{"origin": [-8.01757, 1.95557, 41.40483], "size": [10, 8, 6], "inflate": 0.115, "pivot": [-2.01757, 1.95557, 42.50483], "rotation": [52.5, 0, 0], "uv": [30, 139], "mirror": true},
						{"origin": [-8.01757, 6.95557, 44.40483], "size": [10, 7, 7], "inflate": 0.113, "pivot": [-2.01757, 6.95557, 45.50483], "rotation": [72.5, 0, 0], "uv": [32, 125], "mirror": true},
						{"origin": [-8.01757, 11.95557, 45.40483], "size": [10, 7, 6], "inflate": 0.111, "pivot": [-2.01757, 11.95557, 46.50483], "rotation": [100, 0, 0], "uv": [96, 140], "mirror": true},
						{"origin": [-7.51757, 16.95557, 43.40483], "size": [9, 6, 6], "inflate": 0.111, "pivot": [-1.01757, 16.95557, 44.50483], "rotation": [132.5, 0, 0], "uv": [94, 153], "mirror": true},
						{"origin": [-5.51757, 13.95557, 43.40483], "size": [5, 4, 6], "inflate": 0.111, "pivot": [0.98243, 13.95557, 44.50483], "rotation": [42.5, 0, 0], "uv": [170, 22], "mirror": true},
						{"origin": [-4.51757, 16.95557, 46.40483], "size": [3, 3, 4], "inflate": 0.111, "pivot": [1.98243, 16.95557, 47.50483], "rotation": [10, 0, 0], "uv": [106, 181], "mirror": true},
						{"origin": [-7.01757, 15.95557, 40.40483], "size": [8, 7, 6], "inflate": 0.111, "pivot": [-1.01757, 15.95557, 41.50483], "rotation": [100, 0, 0], "uv": [124, 154], "mirror": true},
						{"origin": [-6.51757, 16.95557, 37.40483], "size": [7, 7, 6], "inflate": 0.1, "pivot": [-0.01757, 16.95557, 38.50483], "rotation": [155, 0, 0], "uv": [162, 48], "mirror": true}
					]
				},
				{
					"name": "bone4",
					"parent": "tail3",
					"pivot": [-10.02697, -2.28972, 34.11874],
					"rotation": [-173.84149, -17.2248, -136.5442],
					"cubes": [
						{"origin": [-12.02697, -0.04443, 30.61275], "size": [4, 2, 4], "inflate": 0.12, "pivot": [-5.52697, -0.04443, 31.71275], "rotation": [-2.5, 0, 0], "uv": [162, 180], "mirror": true},
						{"origin": [-11.52697, -3.04443, 32.61275], "size": [3, 5, 3], "inflate": 0.12, "pivot": [-5.02697, -3.04443, 33.71275], "rotation": [22.5, 0, 0], "uv": [40, 65], "mirror": true},
						{"origin": [-11.02697, -4.84443, 35.01275], "size": [2, 3, 2], "inflate": 0.12, "pivot": [-5.02697, -4.84443, 35.71275], "rotation": [42.5, 0, 0], "uv": [130, 18], "mirror": true}
					]
				}
			]
		}
	]
}