{
	"format_version": "1.8.0",
	"animations": {
		"animation.drampa_mega.ground_idle": {
			"loop": true,
			"bones": {
				"neck": {
					"rotation": ["-12.5+Math.sin((query.anim_time) * 20 * 8/3 * 2 - 70) * -1", 0, 0]
				},
				"neck2": {
					"rotation": ["-24.96207+Math.sin((query.anim_time) * 20 * 8/3 * 2 - 70) * -1", -0.27077, 0.34484]
				},
				"neck3": {
					"rotation": ["-2.5+Math.sin((query.anim_time) * 20 * 8/3 * 2 - 70) * -1", 0, 0]
				},
				"neck4": {
					"rotation": ["-10+Math.sin((query.anim_time) * 20 * 8/3 * 2 - 70) * -1", 0, 0],
					"position": [0, -1, 0]
				},
				"neck5": {
					"rotation": ["22.5+Math.sin((query.anim_time) * 20 * 8/3 * 2 - 70) * 3", 0, 0],
					"position": [0, -2, 1]
				},
				"neck6": {
					"rotation": ["32.5+Math.sin((query.anim_time) * 20 * 8/3 * 2 - 70) * 3", 0, 0],
					"position": [0, -1, 2]
				},
				"neck7": {
					"rotation": ["32.5+Math.sin((query.anim_time) * 20 * 8/3 * 2 - 70) * 3", 0, 0],
					"position": [0, 0, 1]
				},
				"neck8": {
					"rotation": ["32.5+Math.sin((query.anim_time) * 20 * 8/3 * 2 - 70) * 1", 0, 0]
				},
				"head_rotation": {
					"rotation": [-47.5, 0, 0]
				},
				"nose_right2": {
					"rotation": [0, 0, "0-Math.sin((query.anim_time) * 20 * 8/3 * 2 - 70) * 2"]
				},
				"nose_right3": {
					"rotation": [0, 0, "0-Math.sin((query.anim_time) * 10 * 8/3 * 2 - 70) * 2"]
				},
				"nose_right4": {
					"rotation": [0, 0, "0-Math.sin((query.anim_time) * 20 * 8/3 * 2 - 70) * 2"]
				},
				"hair_back_left": {
					"scale": "1-Math.sin((query.anim_time) * 30 * 8/3 * 2 - 70) * 0.02"
				},
				"hair_back_left2": {
					"rotation": [0, "-0+Math.sin((query.anim_time) * 30 * 8/3 * 2 - 70) * 1", "0-Math.sin((query.anim_time) * 30 * 8/3 * 2 - 70) * 2"]
				},
				"hair_back_left3": {
					"rotation": [0, "-0+Math.sin((query.anim_time) * 30 * 8/3 * 2 - 70) * 1", "0-Math.sin((query.anim_time) * 30 * 8/3 * 2 - 70) * 2"]
				},
				"hair_back_left4": {
					"rotation": [0, "-0+Math.sin((query.anim_time) * 30 * 8/3 * 2 - 70) * 1", "0-Math.sin((query.anim_time) * 30 * 8/3 * 2 - 70) * 2"]
				},
				"jaw_hair": {
					"rotation": [-7.5, 0, 0]
				},
				"ear_right": {
					"rotation": [0, 0, 10]
				},
				"ear_right2": {
					"rotation": [0, 0, 40],
					"position": [1, 0, 0]
				},
				"ear_right3": {
					"rotation": [0, 0, 32.5],
					"position": [1, 1, 0]
				},
				"eyebrow_left": {
					"rotation": [8.17764, -12.01865, -41.03864],
					"position": [0, -1, 0]
				},
				"eyebrow_left2": {
					"rotation": [0, 0, -10]
				},
				"eyebrow_left3": {
					"rotation": [0, 0, -10]
				},
				"eyebrow_right": {
					"rotation": [8.17764, 12.01865, 41.03864],
					"position": [0, -1, 0]
				},
				"eyebrow_right2": {
					"rotation": [0, 0, 10]
				},
				"eyebrow_right3": {
					"rotation": [0, 0, 10]
				},
				"head": {
					"rotation": [50, 0, 0]
				},
				"body": {
					"position": [0, "2-Math.sin((query.anim_time) * 25 * 8/3 * 2 - 70) * -2", 0]
				},
				"bone7": {
					"rotation": [0, "-0+Math.sin((query.anim_time) * 25 * 8/3 * 2 - 70) * -3", "0-Math.sin((query.anim_time) * 25 * 8/3 * 2 - 70) * 1"],
					"scale": "1-Math.sin((query.anim_time) * 30 * 8/3 * 2 - 70) * 0.01"
				},
				"bone9": {
					"rotation": [0, "-0+Math.sin((query.anim_time) * 25 * 8/3 * 2 - 70) * 3", "0-Math.sin((query.anim_time) * 25 * 8/3 * 2 - 70) * 1"],
					"scale": "1-Math.sin((query.anim_time) * 30 * 8/3 * 2 - 70) * 0.01"
				},
				"body2": {
					"rotation": ["-0+Math.sin((query.anim_time) * 20 * 8/3 * 2 - 70) * 0.5", 0, 0]
				},
				"bone5": {
					"rotation": [0, "-0+Math.sin((query.anim_time) * 30 * 8/3 * 2 - 70) * -3", "0-Math.sin((query.anim_time) * 30 * 8/3 * 2 - 70) * 1"],
					"scale": "1-Math.sin((query.anim_time) * 30 * 8/3 * 2 - 70) * 0.01"
				},
				"bone11": {
					"rotation": [0, "-0+Math.sin((query.anim_time) * 30 * 8/3 * 2 - 70) * 3", "0-Math.sin((query.anim_time) * 30 * 8/3 * 2 - 70) * 1"],
					"scale": "1-Math.sin((query.anim_time) * 30 * 8/3 * 2 - 70) * 0.01"
				},
				"chest_fluff_left1": {
					"rotation": [0, "-0+Math.sin((query.anim_time) * 30 * 8/3 * 2 - 70) * 0.4", 0]
				},
				"arm_left": {
					"rotation": ["-0+Math.sin((query.anim_time) * 20 * 8/3 * 2 - 70) * 3", "-0+Math.sin((query.anim_time) * 20 * 8/3 * 2 - 70) * 3", 0]
				},
				"arm_left3_rotation": {
					"rotation": ["-0+Math.sin((query.anim_time) * 20 * 8/3 * 2 - 70) * -3", 0, 0]
				},
				"bone14": {
					"rotation": [0, 0, "0-Math.sin((query.anim_time) * 30 * 8/3 * 2 - 70) * -3"],
					"scale": "1-Math.sin((query.anim_time) * 30 * 8/3 * 2 - 70) * 0.02"
				},
				"bone15": {
					"rotation": [0, 0, "0-Math.sin((query.anim_time) * 30 * 8/3 * 2 - 70) * -3"],
					"scale": "1-Math.sin((query.anim_time) * 30 * 8/3 * 2 - 70) * 0.02"
				},
				"bone13": {
					"rotation": [0, 0, "0-Math.sin((query.anim_time) * 30 * 8/3 * 2 - 70) * -3"],
					"scale": "1-Math.sin((query.anim_time) * 30 * 8/3 * 2 - 70) * 0.02"
				},
				"arm_right": {
					"rotation": ["-0+Math.sin((query.anim_time) * 20 * 8/3 * 2 - 70) * 3", "-0+Math.sin((query.anim_time) * 20 * 8/3 * 2 - 70) * -3", 0]
				},
				"arm_right3_rotation": {
					"rotation": ["-0+Math.sin((query.anim_time) * 20 * 8/3 * 2 - 70) * -3", 0, 0]
				},
				"bone16": {
					"rotation": [0, 0, "0-Math.sin((query.anim_time) * 30 * 8/3 * 2 - 70) * -3"],
					"scale": "1-Math.sin((query.anim_time) * 30 * 8/3 * 2 - 70) * 0.02"
				},
				"bone17": {
					"rotation": [0, 0, "0-Math.sin((query.anim_time) * 30 * 8/3 * 2 - 70) * -3"],
					"scale": "1-Math.sin((query.anim_time) * 30 * 8/3 * 2 - 70) * 0.02"
				},
				"bone18": {
					"rotation": [0, 0, "0-Math.sin((query.anim_time) * 30 * 8/3 * 2 - 70) * -3"],
					"scale": "1-Math.sin((query.anim_time) * 30 * 8/3 * 2 - 70) * 0.02"
				},
				"tail": {
					"scale": "1-Math.sin((query.anim_time) * 30 * 8/3 * 2 - 70) * 0.01"
				},
				"tail2": {
					"rotation": [0, "-0+Math.sin((query.anim_time) * 25 * 8/3 * 2 - 70) * 3", "0-Math.sin((query.anim_time) * 30 * 8/3 * 2 - 70) * 1"],
					"scale": "1-Math.sin((query.anim_time) * 30 * 8/3 * 2 - 70) * 0.01"
				},
				"hair_front_right": {
					"rotation": [0, "-0+Math.sin((query.anim_time) * 30 * 8/3 * 2 - 70) * 2", "0-Math.sin((query.anim_time) * 30 * 8/3 * 2 - 70) * 2"],
					"scale": "1-Math.sin((query.anim_time) * 30 * 8/3 * 2 - 70) * 0.03"
				},
				"hair_front_right2": {
					"rotation": [0, "-0+Math.sin((query.anim_time) * 30 * 8/3 * 2 - 70) * 2", "0-Math.sin((query.anim_time) * 30 * 8/3 * 2 - 70) * 2"]
				},
				"hair_front_right4": {
					"rotation": [0, "-0+Math.sin((query.anim_time) * 30 * 8/3 * 2 - 70) * 2", "0-Math.sin((query.anim_time) * 30 * 8/3 * 2 - 70) * 2"]
				},
				"bone20": {
					"rotation": [0, "-0+Math.sin((query.anim_time) * 30 * 8/3 * 2 - 70) * 2", "0-Math.sin((query.anim_time) * 10 * 8/3 * 2 - 70) * -5"]
				},
				"hair_front_left": {
					"rotation": [
						"-0+Math.sin((query.anim_time) * 30 * 8/3 * 2 - 70) * -1",
						"-0+Math.sin((query.anim_time) * 30 * 8/3 * 2 - 70) * -2",
						"0-Math.sin((query.anim_time) * 30 * 8/3 * 2 - 70) * -2"
					],
					"scale": "1-Math.sin((query.anim_time) * 20 * 8/3 * 2 - 70) * 0.03"
				},
				"hair_front_left2": {
					"rotation": [0, "-0+Math.sin((query.anim_time) * 30 * 8/3 * 2 - 70) * 2", "-Math.sin((query.anim_time) * 30 * 8/3 * 2 - 70) * -2"]
				},
				"hair_front_left4": {
					"rotation": [0, "-0+Math.sin((query.anim_time) * 30 * 8/3 * 2 - 70) * -2", "0-Math.sin((query.anim_time) * 30 * 8/3 * 2 - 70) * -2"]
				},
				"bone19": {
					"rotation": [0, "-0+Math.sin((query.anim_time) * 30 * 8/3 * 2 - 70) * -2", "0-Math.sin((query.anim_time) * 30 * 8/3 * 2 - 70) * -2"]
				},
				"bone21": {
					"rotation": [0, "-0+Math.sin((query.anim_time) * 30 * 8/3 * 2 - 70) * 1", "0-Math.sin((query.anim_time) * 30 * 8/3 * 2 - 70) * 2"]
				},
				"hair_back_right2": {
					"rotation": [0, "-0+Math.sin((query.anim_time) * 25 * 8/3 * 2 - 70) * -1", "0-Math.sin((query.anim_time) * 25 * 8/3 * 2 - 70) * -2"]
				},
				"hair_back_right3": {
					"rotation": [0, "-0+Math.sin((query.anim_time) * 25 * 8/3 * 2 - 70) * -1", "0-Math.sin((query.anim_time) * 25 * 8/3 * 2 - 70) * -2"]
				},
				"hair_back_right4": {
					"rotation": [0, "-0+Math.sin((query.anim_time) * 25 * 8/3 * 2 - 70) * -1", "0-Math.sin((query.anim_time) * 25 * 8/3 * 2 - 70) * -2"]
				},
				"bone22": {
					"rotation": [0, "-0+Math.sin((query.anim_time) * 25 * 8/3 * 2 - 70) * -1", "0-Math.sin((query.anim_time) * 25 * 8/3 * 2 - 70) * -2"]
				},
				"ear_left": {
					"rotation": [0, 0, -10]
				},
				"ear_left2": {
					"rotation": [0, 0, -40],
					"position": [-1, 0, 0]
				},
				"ear_left3": {
					"rotation": [0, 0, -32.5],
					"position": [-1, 1, 0]
				},
				"bone24": {
					"rotation": [0, 0, "0-Math.sin((query.anim_time) * 20 * 8/3 * 2 - 70) * -5"]
				},
				"bone26": {
					"rotation": [0, 0, "0-Math.sin((query.anim_time) * 20 * 8/3 * 2 - 70) * -5"]
				},
				"bone28": {
					"rotation": [0, 0, "0-Math.sin((query.anim_time) * 20 * 8/3 * 2 - 70) * -5"]
				},
				"bone29": {
					"rotation": [0, 0, "0-Math.sin((query.anim_time) * 20 * 8/3 * 2 - 70) * -5"]
				},
				"bone30": {
					"rotation": [0, 0, "0-Math.sin((query.anim_time) * 20 * 8/3 * 2 - 70) * -5"]
				},
				"bone31": {
					"rotation": [0, 0, "0-Math.sin((query.anim_time) * 20 * 8/3 * 2 - 70) * -5"]
				},
				"nose_left2": {
					"rotation": [0, 0, "0-Math.sin((query.anim_time) * 20 * 8/3 * 2 - 70) * -2"]
				},
				"nose_left3": {
					"rotation": [0, 0, "0-Math.sin((query.anim_time) * 20 * 8/3 * 2 - 70) * -2"]
				},
				"nose_left4": {
					"rotation": [0, 0, 0]
				},
				"bone33": {
					"rotation": [0, 0, "0-Math.sin((query.anim_time) * 20 * 8/3 * 2 - 70) * -2"]
				},
				"bone35": {
					"rotation": [0, 0, "0-Math.sin((query.anim_time) * 20 * 8/3 * 2 - 70) * 2"]
				},
				"bone38": {
					"rotation": [0, 0, "0-Math.sin((query.anim_time) * 20 * 8/3 * 2 - 70) * 2"]
				},
				"bone39": {
					"rotation": [0, 0, "0-Math.sin((query.anim_time) * 20 * 8/3 * 2 - 70) * 2"]
				},
				"bone40": {
					"rotation": [0, 0, "0-Math.sin((query.anim_time) * 20 * 8/3 * 2 - 70) * 2"]
				},
				"bone41": {
					"rotation": [0, 0, "0-Math.sin((query.anim_time) * 20 * 8/3 * 2 - 70) * 2"]
				},
				"bone42": {
					"rotation": [0, 0, "0-Math.sin((query.anim_time) * 20 * 8/3 * 2 - 70) * 2"]
				},
				"chest_fluff_left2": {
					"rotation": [0, "-0+Math.sin((query.anim_time) * 30 * 8/3 * 2 - 70) * 0.4", 0]
				},
				"chest_fluff_right1": {
					"rotation": [0, "-0+Math.sin((query.anim_time) * 30 * 8/3 * 2 - 70) * 0.4", 0]
				},
				"chest_fluff_right2": {
					"rotation": [0, "-0+Math.sin((query.anim_time) * 30 * 8/3 * 2 - 70) * 0.4", 0]
				},
				"back_fur16": {
					"rotation": [-27.5, 0, 0],
					"position": [1, 2, 1]
				},
				"back_fur17": {
					"rotation": [0, 0, -32.5]
				},
				"back_fur22": {
					"rotation": [-27.5, 0, 0],
					"position": [-1, 2, 1]
				},
				"back_fur19": {
					"rotation": [40, 0, 0],
					"position": [0, 0, -4]
				},
				"back_fur23": {
					"rotation": [0, 0, 30]
				},
				"bone46": {
					"position": [0, -0.1, -1],
					"scale": 0.5
				},
				"bone47": {
					"position": [0, -0.1, -1],
					"scale": 0.5
				},
				"tail3": {
					"rotation": [0, "-0+Math.sin((query.anim_time) * 25 * 8/3 * 2 - 70) * -3", "0-Math.sin((query.anim_time) * 30 * 8/3 * 2 - 70) * 1"],
					"scale": "1-Math.sin((query.anim_time) * 30 * 8/3 * 2 - 70) * 0.01"
				}
			}
		},
		"animation.drampa_mega.ground_walk": {
			"loop": true,
			"bones": {
				"neck": {
					"rotation": ["Math.sin((query.anim_time) * 20 * 8/3 * 2 - 70) * -1", 0, 0]
				},
				"neck2": {
					"rotation": ["-12.4621+Math.sin((query.anim_time) * 20 * 8/3 * 2 - 70) * -1", -0.27077, 0.34484]
				},
				"neck3": {
					"rotation": ["-2.5+Math.sin((query.anim_time) * 20 * 8/3 * 2 - 70) * -3", 0, 0]
				},
				"neck4": {
					"rotation": ["-5+Math.sin((query.anim_time) * 20 * 8/3 * 2 - 70) * -3", 0, 0],
					"position": [0, -1, 0]
				},
				"neck5": {
					"rotation": ["17.5+Math.sin((query.anim_time) * 20 * 8/3 * 2 - 70) * 3", 0, 0],
					"position": [0, -2, 1]
				},
				"neck6": {
					"rotation": ["25+Math.sin((query.anim_time) * 20 * 8/3 * 2 - 70) * 3", 0, 0],
					"position": [0, -1, 2]
				},
				"neck7": {
					"rotation": ["25+Math.sin((query.anim_time) * 20 * 8/3 * 2 - 70) * 3", 0, 0],
					"position": [0, 0, 1]
				},
				"neck8": {
					"rotation": ["32.5+Math.sin((query.anim_time) * 20 * 8/3 * 2 - 70) * 1", 0, 0]
				},
				"head_rotation": {
					"rotation": [-47.5, 0, 0]
				},
				"nose_right2": {
					"rotation": [0, 0, "0-Math.sin((query.anim_time) * 20 * 8/3 * 2 - 70) * 2"]
				},
				"nose_right3": {
					"rotation": [0, 0, "0-Math.sin((query.anim_time) * 10 * 8/3 * 2 - 70) * 2"]
				},
				"nose_right4": {
					"rotation": [0, 0, "0-Math.sin((query.anim_time) * 20 * 8/3 * 2 - 70) * 2"]
				},
				"hair_back_left": {
					"scale": "1-Math.sin((query.anim_time) * 30 * 8/3 * 2 - 70) * 0.02"
				},
				"hair_back_left2": {
					"rotation": [0, "-0+Math.sin((query.anim_time) * 30 * 8/3 * 2 - 70) * 1", "0-Math.sin((query.anim_time) * 30 * 8/3 * 2 - 70) * 2"]
				},
				"hair_back_left3": {
					"rotation": [0, "-0+Math.sin((query.anim_time) * 30 * 8/3 * 2 - 70) * 1", "0-Math.sin((query.anim_time) * 30 * 8/3 * 2 - 70) * 2"]
				},
				"hair_back_left4": {
					"rotation": [0, "-0+Math.sin((query.anim_time) * 30 * 8/3 * 2 - 70) * 1", "0-Math.sin((query.anim_time) * 30 * 8/3 * 2 - 70) * 2"]
				},
				"jaw_hair": {
					"rotation": [-7.5, 0, 0]
				},
				"ear_right": {
					"rotation": [0, 0, 10]
				},
				"ear_right2": {
					"rotation": [0, 0, 40],
					"position": [1, 0, 0]
				},
				"ear_right3": {
					"rotation": [0, 0, 32.5],
					"position": [1, 1, 0]
				},
				"eyebrow_left": {
					"rotation": [8.17764, -12.01865, -41.03864],
					"position": [0, -1, 0]
				},
				"eyebrow_left2": {
					"rotation": [0, 0, -10]
				},
				"eyebrow_left3": {
					"rotation": [0, 0, -10]
				},
				"eyebrow_right": {
					"rotation": [8.17764, 12.01865, 41.03864],
					"position": [0, -1, 0]
				},
				"eyebrow_right2": {
					"rotation": [0, 0, 10]
				},
				"eyebrow_right3": {
					"rotation": [0, 0, 10]
				},
				"head": {
					"rotation": [50, 0, 0]
				},
				"body": {
					"rotation": [2.5, 0, 0],
					"position": [0, "2-Math.sin((query.anim_time) * 25 * 8/3 * 2 - 70) * -2", 0]
				},
				"bone7": {
					"rotation": [0, "-0+Math.sin((query.anim_time) * 25 * 8/3 * 2 - 70) * -3", "0-Math.sin((query.anim_time) * 25 * 8/3 * 2 - 70) * 1"],
					"scale": "1-Math.sin((query.anim_time) * 30 * 8/3 * 2 - 70) * 0.01"
				},
				"bone9": {
					"rotation": [0, "-0+Math.sin((query.anim_time) * 25 * 8/3 * 2 - 70) * 3", "0-Math.sin((query.anim_time) * 25 * 8/3 * 2 - 70) * 1"],
					"scale": "1-Math.sin((query.anim_time) * 30 * 8/3 * 2 - 70) * 0.01"
				},
				"body2": {
					"rotation": ["-0+Math.sin((query.anim_time) * 20 * 8/3 * 2 - 70) * 0.5", 0, 0]
				},
				"bone5": {
					"rotation": [0, "-0+Math.sin((query.anim_time) * 30 * 8/3 * 2 - 70) * -3", "0-Math.sin((query.anim_time) * 30 * 8/3 * 2 - 70) * 1"],
					"scale": "1-Math.sin((query.anim_time) * 30 * 8/3 * 2 - 70) * 0.01"
				},
				"bone11": {
					"rotation": [0, "-0+Math.sin((query.anim_time) * 30 * 8/3 * 2 - 70) * 3", "0-Math.sin((query.anim_time) * 30 * 8/3 * 2 - 70) * 1"],
					"scale": "1-Math.sin((query.anim_time) * 30 * 8/3 * 2 - 70) * 0.01"
				},
				"chest_fluff_left1": {
					"rotation": [0, "-0+Math.sin((query.anim_time) * 30 * 8/3 * 2 - 70) * 0.4", 0]
				},
				"arm_left": {
					"rotation": ["-0+Math.sin((query.anim_time) * 20 * 8/3 * 2 - 70) * 3", "-0+Math.sin((query.anim_time) * 20 * 8/3 * 2 - 70) * 3", 0]
				},
				"arm_left3_rotation": {
					"rotation": ["-0+Math.sin((query.anim_time) * 20 * 8/3 * 2 - 70) * -3", 0, 0]
				},
				"bone14": {
					"rotation": [0, 0, "0-Math.sin((query.anim_time) * 30 * 8/3 * 2 - 70) * -3"],
					"scale": "1-Math.sin((query.anim_time) * 30 * 8/3 * 2 - 70) * 0.02"
				},
				"bone15": {
					"rotation": [0, 0, "0-Math.sin((query.anim_time) * 30 * 8/3 * 2 - 70) * -3"],
					"scale": "1-Math.sin((query.anim_time) * 30 * 8/3 * 2 - 70) * 0.02"
				},
				"bone13": {
					"rotation": [0, 0, "0-Math.sin((query.anim_time) * 30 * 8/3 * 2 - 70) * -3"],
					"scale": "1-Math.sin((query.anim_time) * 30 * 8/3 * 2 - 70) * 0.02"
				},
				"arm_right": {
					"rotation": ["-0+Math.sin((query.anim_time) * 20 * 8/3 * 2 - 70) * 3", "-0+Math.sin((query.anim_time) * 20 * 8/3 * 2 - 70) * -3", 0]
				},
				"arm_right3_rotation": {
					"rotation": ["-0+Math.sin((query.anim_time) * 20 * 8/3 * 2 - 70) * -3", 0, 0]
				},
				"bone16": {
					"rotation": [0, 0, "0-Math.sin((query.anim_time) * 30 * 8/3 * 2 - 70) * -3"],
					"scale": "1-Math.sin((query.anim_time) * 30 * 8/3 * 2 - 70) * 0.02"
				},
				"bone17": {
					"rotation": [0, 0, "0-Math.sin((query.anim_time) * 30 * 8/3 * 2 - 70) * -3"],
					"scale": "1-Math.sin((query.anim_time) * 30 * 8/3 * 2 - 70) * 0.02"
				},
				"bone18": {
					"rotation": [0, 0, "0-Math.sin((query.anim_time) * 30 * 8/3 * 2 - 70) * -3"],
					"scale": "1-Math.sin((query.anim_time) * 30 * 8/3 * 2 - 70) * 0.02"
				},
				"tail": {
					"scale": "1-Math.sin((query.anim_time) * 30 * 8/3 * 2 - 70) * 0.01"
				},
				"tail2": {
					"rotation": [-2.50764, "3.3755+Math.sin((query.anim_time) * 25 * 8/3 * 2 - 70) * 3", "-4.4605-Math.sin((query.anim_time) * 30 * 8/3 * 2 - 70) * 1"],
					"scale": "1-Math.sin((query.anim_time) * 30 * 8/3 * 2 - 70) * 0.01"
				},
				"hair_front_right": {
					"rotation": [0, "-0+Math.sin((query.anim_time) * 30 * 8/3 * 2 - 70) * 2", "0-Math.sin((query.anim_time) * 30 * 8/3 * 2 - 70) * 2"],
					"scale": "1-Math.sin((query.anim_time) * 30 * 8/3 * 2 - 70) * 0.03"
				},
				"hair_front_right2": {
					"rotation": [0, "-0+Math.sin((query.anim_time) * 30 * 8/3 * 2 - 70) * 2", "0-Math.sin((query.anim_time) * 30 * 8/3 * 2 - 70) * 2"]
				},
				"hair_front_right4": {
					"rotation": [0, "-0+Math.sin((query.anim_time) * 30 * 8/3 * 2 - 70) * 2", "0-Math.sin((query.anim_time) * 30 * 8/3 * 2 - 70) * 2"]
				},
				"bone20": {
					"rotation": [0, "-0+Math.sin((query.anim_time) * 30 * 8/3 * 2 - 70) * 2", "0-Math.sin((query.anim_time) * 10 * 8/3 * 2 - 70) * -5"]
				},
				"hair_front_left": {
					"rotation": [
						"-0+Math.sin((query.anim_time) * 30 * 8/3 * 2 - 70) * -1",
						"-0+Math.sin((query.anim_time) * 30 * 8/3 * 2 - 70) * -2",
						"0-Math.sin((query.anim_time) * 30 * 8/3 * 2 - 70) * -2"
					],
					"scale": "1-Math.sin((query.anim_time) * 20 * 8/3 * 2 - 70) * 0.03"
				},
				"hair_front_left2": {
					"rotation": [0, "-0+Math.sin((query.anim_time) * 30 * 8/3 * 2 - 70) * 2", "-Math.sin((query.anim_time) * 30 * 8/3 * 2 - 70) * -2"]
				},
				"hair_front_left4": {
					"rotation": [0, "-0+Math.sin((query.anim_time) * 30 * 8/3 * 2 - 70) * -2", "0-Math.sin((query.anim_time) * 30 * 8/3 * 2 - 70) * -2"]
				},
				"bone19": {
					"rotation": [0, "-0+Math.sin((query.anim_time) * 30 * 8/3 * 2 - 70) * -2", "0-Math.sin((query.anim_time) * 30 * 8/3 * 2 - 70) * -2"]
				},
				"bone21": {
					"rotation": [0, "-0+Math.sin((query.anim_time) * 30 * 8/3 * 2 - 70) * 1", "0-Math.sin((query.anim_time) * 30 * 8/3 * 2 - 70) * 2"]
				},
				"hair_back_right2": {
					"rotation": [0, "-0+Math.sin((query.anim_time) * 25 * 8/3 * 2 - 70) * -1", "0-Math.sin((query.anim_time) * 25 * 8/3 * 2 - 70) * -2"]
				},
				"hair_back_right3": {
					"rotation": [0, "-0+Math.sin((query.anim_time) * 25 * 8/3 * 2 - 70) * -1", "0-Math.sin((query.anim_time) * 25 * 8/3 * 2 - 70) * -2"]
				},
				"hair_back_right4": {
					"rotation": [0, "-0+Math.sin((query.anim_time) * 25 * 8/3 * 2 - 70) * -1", "0-Math.sin((query.anim_time) * 25 * 8/3 * 2 - 70) * -2"]
				},
				"bone22": {
					"rotation": [0, "-0+Math.sin((query.anim_time) * 25 * 8/3 * 2 - 70) * -1", "0-Math.sin((query.anim_time) * 25 * 8/3 * 2 - 70) * -2"]
				},
				"ear_left": {
					"rotation": [0, 0, -10]
				},
				"ear_left2": {
					"rotation": [0, 0, -40],
					"position": [-1, 0, 0]
				},
				"ear_left3": {
					"rotation": [0, 0, -32.5],
					"position": [-1, 1, 0]
				},
				"bone24": {
					"rotation": [0, 0, "0-Math.sin((query.anim_time) * 20 * 8/3 * 2 - 70) * -5"]
				},
				"bone26": {
					"rotation": [0, 0, "0-Math.sin((query.anim_time) * 20 * 8/3 * 2 - 70) * -5"]
				},
				"bone28": {
					"rotation": [0, 0, "0-Math.sin((query.anim_time) * 20 * 8/3 * 2 - 70) * -5"]
				},
				"bone29": {
					"rotation": [0, 0, "0-Math.sin((query.anim_time) * 20 * 8/3 * 2 - 70) * -5"]
				},
				"bone30": {
					"rotation": [0, 0, "0-Math.sin((query.anim_time) * 20 * 8/3 * 2 - 70) * -5"]
				},
				"bone31": {
					"rotation": [0, 0, "0-Math.sin((query.anim_time) * 20 * 8/3 * 2 - 70) * -5"]
				},
				"nose_left2": {
					"rotation": [0, 0, "0-Math.sin((query.anim_time) * 20 * 8/3 * 2 - 70) * -2"]
				},
				"nose_left3": {
					"rotation": [0, 0, "0-Math.sin((query.anim_time) * 20 * 8/3 * 2 - 70) * -2"]
				},
				"nose_left4": {
					"rotation": [0, 0, 0]
				},
				"bone33": {
					"rotation": [0, 0, "0-Math.sin((query.anim_time) * 20 * 8/3 * 2 - 70) * -2"]
				},
				"bone35": {
					"rotation": [0, 0, "0-Math.sin((query.anim_time) * 20 * 8/3 * 2 - 70) * 2"]
				},
				"bone38": {
					"rotation": [0, 0, "0-Math.sin((query.anim_time) * 20 * 8/3 * 2 - 70) * 2"]
				},
				"bone39": {
					"rotation": [0, 0, "0-Math.sin((query.anim_time) * 20 * 8/3 * 2 - 70) * 2"]
				},
				"bone40": {
					"rotation": [0, 0, "0-Math.sin((query.anim_time) * 20 * 8/3 * 2 - 70) * 2"]
				},
				"bone41": {
					"rotation": [0, 0, "0-Math.sin((query.anim_time) * 20 * 8/3 * 2 - 70) * 2"]
				},
				"bone42": {
					"rotation": [0, 0, "0-Math.sin((query.anim_time) * 20 * 8/3 * 2 - 70) * 2"]
				},
				"chest_fluff_left2": {
					"rotation": [0, "-0+Math.sin((query.anim_time) * 30 * 8/3 * 2 - 70) * 0.4", 0]
				},
				"chest_fluff_right1": {
					"rotation": [0, "-0+Math.sin((query.anim_time) * 30 * 8/3 * 2 - 70) * 0.4", 0]
				},
				"chest_fluff_right2": {
					"rotation": [0, "-0+Math.sin((query.anim_time) * 30 * 8/3 * 2 - 70) * 0.4", 0]
				},
				"back_fur16": {
					"rotation": [-27.5, 0, 0],
					"position": [1, 2, 1]
				},
				"back_fur17": {
					"rotation": [0, 0, -32.5]
				},
				"back_fur22": {
					"rotation": [-27.5, 0, 0],
					"position": [-1, 2, 1]
				},
				"back_fur19": {
					"rotation": [40, 0, 0],
					"position": [0, 0, -4]
				},
				"back_fur23": {
					"rotation": [0, 0, 30]
				},
				"bone46": {
					"position": [0, -0.1, -1],
					"scale": 0.5
				},
				"bone47": {
					"position": [0, -0.1, -1],
					"scale": 0.5
				},
				"tail3": {
					"rotation": [-2.50764, "3.3755+Math.sin((query.anim_time) * 25 * 8/3 * 2 - 70) * -3", "-4.4605-Math.sin((query.anim_time) * 30 * 8/3 * 2 - 70) * 1"],
					"scale": "1-Math.sin((query.anim_time) * 30 * 8/3 * 2 - 70) * 0.01"
				}
			}
		}
	}
}