{
  "species": "cobblemon:butterfree",
  "order": 2,
  "variations": [
    {
      "aspects": [
        "valencian"
      ],
      "texture": "cobblemon:textures/pokemon/0012_butterfree/butterfree_valencian.png"
    },
    {
      "aspects": [
        "valencian",
        "shiny"
      ],
      "texture": "cobblemon:textures/pokemon/0012_butterfree/butterfree_valencian_shiny.png"
    },
    {
      "aspects": [
        "valencian",
        "female"
      ],
      "texture": "cobblemon:textures/pokemon/0012_butterfree/butterfree_valencian_female.png"
    },
    {
      "aspects": [
        "valencian",
        "female",
        "shiny"
      ],
      "texture": "cobblemon:textures/pokemon/0012_butterfree/butterfree_valencian_female_shiny.png"
    }
  ]
}