{
	"format_version": "1.8.0",
	"animations": {
		"animation.eelektross_mega.ground_idle": {
			"loop": true,
			"bones": {
				"body": {
					"rotation": ["-7.5+math.cos(query.anim_time*180*3/2+90)*4", "-0+math.cos(query.anim_time*90*3/2+90)*6", "0-math.cos(query.anim_time*180*3/2+90)*1"],
					"position": ["-0-math.cos(query.anim_time*90*3/2+90)*2", "8-math.cos(query.anim_time*180*3/2+90)*3", "0-math.cos(query.anim_time*180*3/2+90)*1"]
				},
				"arm_left": {
					"rotation": ["-0+math.cos(query.anim_time*180*3/2+90)*3", -10, "0-math.cos(query.anim_time*180*3/2+90)*3"]
				},
				"arm_left2": {
					"rotation": [0, 15, "0-math.cos(query.anim_time*180*3/2+90)*3"]
				},
				"neck2": {
					"rotation": [7.5, "-0-math.cos(query.anim_time*90*3/2+90)*2", 0]
				},
				"head": {
					"rotation": [0, "-0-math.cos(query.anim_time*90*3/2+90)*4", 0]
				},
				"head_fin": {
					"rotation": [17.5, "-0-math.cos(query.anim_time*90*3/2+90)*4", 0]
				},
				"head_fin2": {
					"rotation": [-12.5, "-0-math.cos(query.anim_time*90*3/2+90)*4", 0]
				},
				"head_fin3": {
					"rotation": [-7.5, "-0-math.cos(query.anim_time*90*3/2+90)*4", 0]
				},
				"head_fin4": {
					"rotation": [-7.5, "-0-math.cos(query.anim_time*90*3/2+90)*4", 0]
				},
				"head_fin5": {
					"rotation": [-7.5, "-0-math.cos(query.anim_time*90*3/2+90)*4", 0]
				},
				"head2": {
					"rotation": [2.5, "-0-math.cos(query.anim_time*90*3/2+90)*0.5", 0]
				},
				"eye_base_left2": {
					"rotation": [0, "2.5-math.cos(query.anim_time*90*3/2+90)*0.1", 0]
				},
				"eye_base_right2": {
					"rotation": [0, "-2.5-math.cos(query.anim_time*90*3/2+90)*0.1", 0]
				},
				"segment1": {
					"rotation": [7.5, 0, 0]
				},
				"segment2": {
					"rotation": [5, "-0+math.cos(query.anim_time*90*3/2+90)*10", 0]
				},
				"segment3": {
					"rotation": ["-2.5+math.cos(query.anim_time*180*3/2+90)*2", "-0+math.cos(query.anim_time*90*3/2+90)*10", 0]
				},
				"segment4": {
					"rotation": ["-5+math.cos(query.anim_time*180*3/2+90)*2", "-0-math.cos(query.anim_time*90*3/2+90)*20", 0]
				},
				"segment5": {
					"rotation": ["5+math.cos(query.anim_time*180*3/2+90)*-2", "-0-math.cos(query.anim_time*90*3/2+90)*20", 0]
				},
				"segment6": {
					"rotation": ["-10+math.cos(query.anim_time*180*3/2+90)*2", "-0-math.cos(query.anim_time*90*3/2+90)*15", 0]
				},
				"segment7": {
					"rotation": ["10+math.cos(query.anim_time*180*3/2+90)*2", "-0+math.cos(query.anim_time*90*3/2+90)*30", 0]
				},
				"segment8": {
					"rotation": ["-5+math.cos(query.anim_time*180*3/2+90)*2", "-0+math.cos(query.anim_time*90*3/2+90)*20", 0]
				},
				"bone": {
					"position": [0.21, -0.2, -1.5],
					"scale": 0.3
				},
				"body2": {
					"rotation": ["-2.560618951-math.cos(query.anim_time*180*3/2+90)*1", -12.48791, 0.55404]
				},
				"head3": {
					"rotation": [0, "-0-math.cos(query.anim_time*180*3/2+90)*1", 0]
				},
				"head4": {
					"rotation": [0, "-0-math.cos(query.anim_time*180*3/2+90)*1", 0]
				},
				"segment9": {
					"rotation": [5, "-0-math.cos(query.anim_time*180*3/2+90)*20", 0]
				},
				"segment10": {
					"rotation": [-5, "-0+math.cos(query.anim_time*180*3/2+90)*30", 0]
				},
				"segment11": {
					"rotation": [7.5, 0, 0]
				},
				"segment12": {
					"rotation": [-12.5, "-0-math.cos(query.anim_time*180*3/2+90)*15", 0]
				},
				"segment13": {
					"rotation": [10, "-0+math.cos(query.anim_time*180*3/2+90)*30", 0]
				},
				"segment14": {
					"rotation": [-7.5, "-0-math.cos(query.anim_time*180*3/2+90)*35", 0]
				},
				"segment15": {
					"rotation": [10, "-0+math.cos(query.anim_time*180*3/2+90)*20", 0]
				},
				"segment16": {
					"rotation": [-7.5, "-0-math.cos(query.anim_time*180*3/2+90)*10", 0]
				},
				"bone3": {
					"rotation": [0, 7.5, "0-math.cos(query.anim_time*180*3/2+90)*3"]
				},
				"bone2": {
					"position": [-0.21, -0.2, -1.5],
					"scale": 0.3
				},
				"bone18": {
					"rotation": [0, 0, "-22.5-math.cos(query.anim_time*90*3/2+90)*20"]
				},
				"bone20": {
					"rotation": [0, 0, "0+math.cos(query.anim_time*90*3/2+90)*20"]
				},
				"bone21": {
					"rotation": [0, 0, "0+math.cos(query.anim_time*90*3/2+90)*20"]
				},
				"bone22": {
					"rotation": [0, 0, "0-math.cos(query.anim_time*90*3/2+90)*20"]
				},
				"bone23": {
					"rotation": [0, 0, "0-math.cos(query.anim_time*90*3/2+90)*5"]
				},
				"bone8": {
					"rotation": [0, 0, "22.5+math.cos(query.anim_time*90*3/2+90)*20"]
				},
				"bone10": {
					"rotation": [0, 0, "0+math.cos(query.anim_time*180*3/2+90)*1"]
				},
				"bone11": {
					"rotation": [0, 0, "0+math.cos(query.anim_time*180*3/2+90)*1"]
				},
				"bone24": {
					"rotation": [0, 0, "0+math.cos(query.anim_time*180*3/2+90)*10"]
				},
				"bone25": {
					"rotation": [0, 0, "0+math.cos(query.anim_time*180*3/2+90)*10"]
				},
				"bone4": {
					"rotation": [0, 0, "0+math.cos(query.anim_time*180*3/2+90)*10"]
				},
				"bone5": {
					"rotation": [0, 0, "0+math.cos(query.anim_time*180*3/2+90)*15"]
				},
				"bone6": {
					"rotation": [0, 0, "0+math.cos(query.anim_time*180*3/2+90)*10"]
				},
				"bone7": {
					"rotation": [0, 0, "0-math.cos(query.anim_time*180*3/2+90)*10"]
				},
				"bone34": {
					"position": [0, 0, "2-math.cos(query.anim_time*80*3/2+90)*2"]
				},
				"bone33": {
					"position": [0, 0, "2+math.cos(query.anim_time*80*3/2+90)*2"]
				},
				"arm_right": {
					"rotation": ["-0+math.cos(query.anim_time*180*3/2+90)*3", 10, "0+math.cos(query.anim_time*180*3/2+90)*3"]
				},
				"arm_right2": {
					"rotation": [0, -15, "0+math.cos(query.anim_time*180*3/2+90)*3"]
				},
				"bone35": {
					"rotation": [0, -7.5, "0+math.cos(query.anim_time*180*3/2+90)*3"]
				},
				"body3": {
					"rotation": ["-2.560618951+math.cos(query.anim_time*180*3/2+90)*1", 12.48791, -0.55404]
				},
				"bone36": {
					"rotation": [0, 0, "0-math.cos(query.anim_time*180*3/2+90)*10"]
				},
				"bone37": {
					"rotation": [0, 0, "0-math.cos(query.anim_time*180*3/2+90)*15"]
				},
				"bone38": {
					"rotation": [0, 0, "0+math.cos(query.anim_time*180*3/2+90)*10"]
				},
				"bone39": {
					"rotation": [0, 0, "0+math.cos(query.anim_time*180*3/2+90)*10"]
				},
				"bone40": {
					"rotation": [0, 0, "0-math.cos(query.anim_time*180*3/2+90)*1"]
				},
				"bone41": {
					"rotation": [0, 0, "0-math.cos(query.anim_time*180*3/2+90)*1"]
				},
				"bone42": {
					"rotation": [0, 0, "0-math.cos(query.anim_time*180*3/2+90)*10"]
				},
				"bone43": {
					"rotation": [0, 0, "0-math.cos(query.anim_time*180*3/2+90)*10"]
				},
				"head6": {
					"rotation": [0, "-0+math.cos(query.anim_time*180*3/2+90)*1", 0]
				},
				"bone44": {
					"position": [0, 0, "2-math.cos(query.anim_time*80*3/2+90)*2"]
				},
				"bone45": {
					"position": [0, 0, "2+math.cos(query.anim_time*80*3/2+90)*2"]
				},
				"segment17": {
					"rotation": [5, "-0+math.cos(query.anim_time*180*3/2+90)*20", 0]
				},
				"segment18": {
					"rotation": [-5, "-0-math.cos(query.anim_time*180*3/2+90)*30", 0]
				},
				"segment19": {
					"rotation": [7.5, 0, 0]
				},
				"segment20": {
					"rotation": [-12.5, "-0+math.cos(query.anim_time*180*3/2+90)*15", 0]
				},
				"segment21": {
					"rotation": [10, "-0-math.cos(query.anim_time*180*3/2+90)*30", 0]
				},
				"segment22": {
					"rotation": [-7.5, "-0+math.cos(query.anim_time*180*3/2+90)*35", 0]
				},
				"segment23": {
					"rotation": [10, "-0-math.cos(query.anim_time*180*3/2+90)*20", 0]
				},
				"segment24": {
					"rotation": [-7.5, "-0+math.cos(query.anim_time*180*3/2+90)*10", 0]
				},
				"bone52": {
					"position": [0, 0, "2+math.cos(query.anim_time*160*3/2+90)*2"]
				},
				"bone53": {
					"position": [0, 0, "2+math.cos(query.anim_time*160*3/2+90)*2"]
				}
			}
		},
		"animation.eelektross_mega.ground_walk": {
			"loop": true,
			"bones": {
				"body": {
					"rotation": ["2.5+math.cos(query.anim_time*180*3/2+90)*4", "-0-math.cos(query.anim_time*90*3/2+90)*10", "-math.cos(query.anim_time*180*3/2+90)*1"],
					"position": ["-0+math.cos(query.anim_time*180*3/2+90)*3", "8+math.cos(query.anim_time*180*3/2+90)*5", "0-math.cos(query.anim_time*180*3/2+90)*5"]
				},
				"arm_left": {
					"rotation": ["-0+math.cos(query.anim_time*180*3/2+90)*3", -10, "0-math.cos(query.anim_time*180*3/2+90)*15"]
				},
				"arm_left2": {
					"rotation": [0, 15, "0-math.cos(query.anim_time*180*3/2+90)*3"]
				},
				"neck2": {
					"rotation": [7.5, "-0-math.cos(query.anim_time*90*3/2+90)*2", 0]
				},
				"head": {
					"rotation": [0, "-0-math.cos(query.anim_time*90*3/2+90)*4", 0]
				},
				"head_fin": {
					"rotation": [17.5, "-0-math.cos(query.anim_time*90*3/2+90)*4", 0]
				},
				"head_fin2": {
					"rotation": [-12.5, "-0-math.cos(query.anim_time*90*3/2+90)*4", 0]
				},
				"head_fin3": {
					"rotation": [-7.5, "-0-math.cos(query.anim_time*90*3/2+90)*4", 0]
				},
				"head_fin4": {
					"rotation": [-7.5, "-0-math.cos(query.anim_time*90*3/2+90)*4", 0]
				},
				"head_fin5": {
					"rotation": [-7.5, "-0-math.cos(query.anim_time*90*3/2+90)*4", 0]
				},
				"head2": {
					"rotation": [2.5, "-0-math.cos(query.anim_time*90*3/2+90)*0.5", 0]
				},
				"eye_base_left2": {
					"rotation": [0, "2.5-math.cos(query.anim_time*90*3/2+90)*0.1", 0]
				},
				"eye_base_right2": {
					"rotation": [0, "-2.5-math.cos(query.anim_time*90*3/2+90)*0.1", 0]
				},
				"segment1": {
					"rotation": [7.5, 0, 0]
				},
				"segment2": {
					"rotation": [5, "-0+math.cos(query.anim_time*90*3/2+90)*10", 0]
				},
				"segment3": {
					"rotation": ["-2.5+math.cos(query.anim_time*180*3/2+90)*2", "-0+math.cos(query.anim_time*90*3/2+90)*10", 0]
				},
				"segment4": {
					"rotation": ["-5+math.cos(query.anim_time*180*3/2+90)*2", "-0-math.cos(query.anim_time*90*3/2+90)*20", 0]
				},
				"segment5": {
					"rotation": ["5+math.cos(query.anim_time*180*3/2+90)*-2", "-0-math.cos(query.anim_time*90*3/2+90)*20", 0]
				},
				"segment6": {
					"rotation": ["-10+math.cos(query.anim_time*180*3/2+90)*2", "-0-math.cos(query.anim_time*90*3/2+90)*15", 0]
				},
				"segment7": {
					"rotation": ["10+math.cos(query.anim_time*180*3/2+90)*2", "-0+math.cos(query.anim_time*90*3/2+90)*30", 0]
				},
				"segment8": {
					"rotation": ["-5+math.cos(query.anim_time*180*3/2+90)*2", "-0+math.cos(query.anim_time*90*3/2+90)*20", 0]
				},
				"bone": {
					"position": [0.21, -0.2, -1.5],
					"scale": 0.3
				},
				"body2": {
					"rotation": ["-2.560618951-math.cos(query.anim_time*180*3/2+90)*10", -12.48791, "0.554043539+math.cos(query.anim_time*180*3/2+90)*10"]
				},
				"head3": {
					"rotation": [0, "-0-math.cos(query.anim_time*180*3/2+90)*1", 0]
				},
				"head4": {
					"rotation": [0, "-0-math.cos(query.anim_time*180*3/2+90)*1", 0]
				},
				"segment9": {
					"rotation": [5, "-0-math.cos(query.anim_time*180*3/2+90)*20", 0]
				},
				"segment10": {
					"rotation": [-5, "-0+math.cos(query.anim_time*180*3/2+90)*30", 0]
				},
				"segment11": {
					"rotation": [7.5, 0, 0]
				},
				"segment12": {
					"rotation": [-12.5, "-0-math.cos(query.anim_time*180*3/2+90)*15", 0]
				},
				"segment13": {
					"rotation": [10, "-0+math.cos(query.anim_time*180*3/2+90)*30", 0]
				},
				"segment14": {
					"rotation": [-7.5, "-0-math.cos(query.anim_time*180*3/2+90)*35", 0]
				},
				"segment15": {
					"rotation": [10, "-0+math.cos(query.anim_time*180*3/2+90)*20", 0]
				},
				"segment16": {
					"rotation": [-7.5, "-0-math.cos(query.anim_time*180*3/2+90)*10", 0]
				},
				"bone3": {
					"rotation": [0, 7.5, "0-math.cos(query.anim_time*180*3/2+90)*3"]
				},
				"bone2": {
					"position": [-0.21, -0.2, -1.5],
					"scale": 0.3
				},
				"bone18": {
					"rotation": [0, 0, "-22.5-math.cos(query.anim_time*90*3/2+90)*20"]
				},
				"bone20": {
					"rotation": [0, 0, "0+math.cos(query.anim_time*90*3/2+90)*20"]
				},
				"bone21": {
					"rotation": [0, 0, "0+math.cos(query.anim_time*90*3/2+90)*20"]
				},
				"bone22": {
					"rotation": [0, 0, "0-math.cos(query.anim_time*90*3/2+90)*20"]
				},
				"bone23": {
					"rotation": [0, 0, "0-math.cos(query.anim_time*90*3/2+90)*5"]
				},
				"bone8": {
					"rotation": [0, 0, "22.5+math.cos(query.anim_time*90*3/2+90)*20"]
				},
				"bone10": {
					"rotation": [0, 0, "0+math.cos(query.anim_time*180*3/2+90)*1"]
				},
				"bone11": {
					"rotation": [0, 0, "0+math.cos(query.anim_time*180*3/2+90)*1"]
				},
				"bone24": {
					"rotation": [0, 0, "0+math.cos(query.anim_time*180*3/2+90)*10"]
				},
				"bone25": {
					"rotation": [0, 0, "0+math.cos(query.anim_time*180*3/2+90)*10"]
				},
				"bone4": {
					"rotation": [0, 0, "0+math.cos(query.anim_time*180*3/2+90)*10"]
				},
				"bone5": {
					"rotation": [0, 0, "0+math.cos(query.anim_time*180*3/2+90)*15"]
				},
				"bone6": {
					"rotation": [0, 0, "0+math.cos(query.anim_time*180*3/2+90)*10"]
				},
				"bone7": {
					"rotation": [0, 0, "0-math.cos(query.anim_time*180*3/2+90)*10"]
				},
				"bone34": {
					"position": [0, 0, "2-math.cos(query.anim_time*80*3/2+90)*2"]
				},
				"bone33": {
					"position": [0, 0, "2+math.cos(query.anim_time*80*3/2+90)*2"]
				},
				"arm_right": {
					"rotation": ["-0+math.cos(query.anim_time*180*3/2+90)*3", 10, "0+math.cos(query.anim_time*180*3/2+90)*15"]
				},
				"arm_right2": {
					"rotation": [0, -15, "0+math.cos(query.anim_time*180*3/2+90)*3"]
				},
				"bone35": {
					"rotation": [0, -7.5, "0+math.cos(query.anim_time*180*3/2+90)*3"]
				},
				"body3": {
					"rotation": ["-2.560618951-math.cos(query.anim_time*180*3/2+90)*10", 12.48791, "-0.554043539-math.cos(query.anim_time*180*3/2+90)*10"]
				},
				"bone36": {
					"rotation": [0, 0, "0-math.cos(query.anim_time*180*3/2+90)*10"]
				},
				"bone37": {
					"rotation": [0, 0, "0-math.cos(query.anim_time*180*3/2+90)*15"]
				},
				"bone38": {
					"rotation": [0, 0, "0+math.cos(query.anim_time*180*3/2+90)*10"]
				},
				"bone39": {
					"rotation": [0, 0, "0+math.cos(query.anim_time*180*3/2+90)*10"]
				},
				"bone40": {
					"rotation": [0, 0, "0-math.cos(query.anim_time*180*3/2+90)*1"]
				},
				"bone41": {
					"rotation": [0, 0, "0-math.cos(query.anim_time*180*3/2+90)*1"]
				},
				"bone42": {
					"rotation": [0, 0, "0-math.cos(query.anim_time*180*3/2+90)*10"]
				},
				"bone43": {
					"rotation": [0, 0, "0-math.cos(query.anim_time*180*3/2+90)*10"]
				},
				"head6": {
					"rotation": [0, "-0+math.cos(query.anim_time*180*3/2+90)*1", 0]
				},
				"bone44": {
					"position": [0, 0, "2-math.cos(query.anim_time*80*3/2+90)*2"]
				},
				"bone45": {
					"position": [0, 0, "2+math.cos(query.anim_time*80*3/2+90)*2"]
				},
				"segment17": {
					"rotation": [5, "-0+math.cos(query.anim_time*180*3/2+90)*20", 0]
				},
				"segment18": {
					"rotation": [-5, "-0-math.cos(query.anim_time*180*3/2+90)*30", 0]
				},
				"segment19": {
					"rotation": [7.5, 0, 0]
				},
				"segment20": {
					"rotation": [-12.5, "-0+math.cos(query.anim_time*180*3/2+90)*15", 0]
				},
				"segment21": {
					"rotation": [10, "-0-math.cos(query.anim_time*180*3/2+90)*30", 0]
				},
				"segment22": {
					"rotation": [-7.5, "-0+math.cos(query.anim_time*180*3/2+90)*35", 0]
				},
				"segment23": {
					"rotation": [10, "-0-math.cos(query.anim_time*180*3/2+90)*20", 0]
				},
				"segment24": {
					"rotation": [-7.5, "-0+math.cos(query.anim_time*180*3/2+90)*10", 0]
				},
				"bone52": {
					"position": [0, 0, "2+math.cos(query.anim_time*160*3/2+90)*2"]
				},
				"bone53": {
					"position": [0, 0, "2+math.cos(query.anim_time*160*3/2+90)*2"]
				}
			}
		}
	}
}