{
  "criteria": {
    "defeat_leader_koga": {
      "conditions": {
        "count": 1,
        "entity": {
          "type": null
        },
        "trainer_ids": [
          "leader_koga_01a2"
        ],
        "trainer_type": null
      },
      "trigger": "rctmod:defeat_count"
    }
  },
  "display": {
    "announce_to_chat": true,
    "background": null,
    "description": {
      "translate": "advancements.rctmod.defeat_leader_koga.description"
    },
    "frame": "goal",
    "hidden": false,
    "icon": {
      "id": "cobblemonpokemonbadges:soul_badge"
    },
    "show_toast": true,
    "title": {
      "translate": "advancements.rctmod.defeat_leader_koga.title"
    }
  },
  "parent": "rctmod:trainers/defeat_trainer_brendan_2",
  "requirements": [
    [
      "defeat_leader_koga"
    ]
  ]
}