{
  "portraitScale": 1.7,
  "portraitTranslation": [-0.5, 5.2, 0.0],
  "profileScale": 0.3,
  "profileTranslation": [-0.1, 1.5, 0.0],
  "poses": {
    "standing": {
      "poseTypes": ["STAND", "NONE", "PORTRAIT", "PROFILE"],
      "isBattle": false,
      "animations": ["q.look('head')", "q.bedrock('delphoxmega', 'ground_idle')"]
    },
    "battle-standing": {
      "poseTypes": ["STAND", "FLY", "WALK"],
      "isBattle": true,
      "animations": [
        "q.look('head')",
        "q.bedrock('delphoxmega', 'battle_idle')"
      ]
    },
    "walking": {
      "poseTypes": ["WALK"],
      "isBattle": false,
      "animations": ["q.look('head')", "q.bedrock('delphoxmega', 'ground_walk')"]
    }
  }
}