{
	"format_version": "1.8.0",
	"animations": {
		"animation.barbaracle_mega.ground_idle": {
			"loop": true,
			"animation_length": 2,
			"bones": {
				"torso": {
					"rotation": [-2.5, 0, 0]
				},
				"bone2": {
					"rotation": {
						"0.0": {
							"post": [15, 0, 0],
							"lerp_mode": "catmullrom"
						},
						"2.0": {
							"post": [15, 0, 0],
							"lerp_mode": "catmullrom"
						}
					}
				},
				"arm_left2": {
					"rotation": {
						"0.0": {
							"post": [0, 0, 0],
							"lerp_mode": "catmullrom"
						},
						"1.0": {
							"post": [0, 0, 12.5],
							"lerp_mode": "catmullrom"
						},
						"2.0": {
							"post": [0, 0, 0],
							"lerp_mode": "catmullrom"
						}
					}
				},
				"bone21": {
					"rotation": {
						"0.0": {
							"post": [0, 0, 10],
							"lerp_mode": "catmullrom"
						},
						"0.5": {
							"post": [0, 0, 2.5],
							"lerp_mode": "catmullrom"
						},
						"1.5": {
							"post": [0, 0, 20.56],
							"lerp_mode": "catmullrom"
						},
						"2.0": {
							"post": [0, 0, 10],
							"lerp_mode": "catmullrom"
						}
					}
				},
				"bone22": {
					"rotation": {
						"0.0": {
							"post": [0, 0, 12.5],
							"lerp_mode": "catmullrom"
						},
						"2.0": {
							"post": [0, 0, 12.5],
							"lerp_mode": "catmullrom"
						}
					}
				},
				"bone26": {
					"rotation": {
						"0.0": {
							"post": [0, 0, 15],
							"lerp_mode": "catmullrom"
						},
						"2.0": {
							"post": [0, 0, 15],
							"lerp_mode": "catmullrom"
						}
					}
				},
				"bone27": {
					"rotation": {
						"0.0": {
							"post": [0, 0, 20],
							"lerp_mode": "catmullrom"
						},
						"2.0": {
							"post": [0, 0, 20],
							"lerp_mode": "catmullrom"
						}
					}
				},
				"bone23": {
					"rotation": {
						"0.0": {
							"post": [0, 0, 17.5],
							"lerp_mode": "catmullrom"
						},
						"2.0": {
							"post": [0, 0, 17.5],
							"lerp_mode": "catmullrom"
						}
					}
				},
				"bone24": {
					"rotation": {
						"0.0": {
							"post": [0, 0, 12.5],
							"lerp_mode": "catmullrom"
						},
						"2.0": {
							"post": [0, 0, 12.5],
							"lerp_mode": "catmullrom"
						}
					}
				},
				"bone25": {
					"rotation": {
						"0.0": {
							"post": [0, 0, 17.5],
							"lerp_mode": "catmullrom"
						},
						"2.0": {
							"post": [0, 0, 17.5],
							"lerp_mode": "catmullrom"
						}
					}
				},
				"bone28": {
					"rotation": {
						"0.0": {
							"post": [0, 0, 17.5],
							"lerp_mode": "catmullrom"
						},
						"2.0": {
							"post": [0, 0, 17.5],
							"lerp_mode": "catmullrom"
						}
					}
				},
				"bone29": {
					"rotation": {
						"0.0": {
							"post": [0, 0, 12.5],
							"lerp_mode": "catmullrom"
						},
						"2.0": {
							"post": [0, 0, 17.5],
							"lerp_mode": "catmullrom"
						}
					}
				},
				"arm_right2": {
					"rotation": {
						"0.0": {
							"post": [0, 0, 0],
							"lerp_mode": "catmullrom"
						},
						"1.0": {
							"post": [0, 0, -10],
							"lerp_mode": "catmullrom"
						},
						"2.0": {
							"post": [0, 0, 0],
							"lerp_mode": "catmullrom"
						}
					}
				},
				"bone30": {
					"rotation": {
						"0.0": {
							"post": [0, 0, -10],
							"lerp_mode": "catmullrom"
						},
						"0.5": {
							"post": [0, 0, 0],
							"lerp_mode": "catmullrom"
						},
						"1.5": {
							"post": [0, 0, -22.41],
							"lerp_mode": "catmullrom"
						},
						"2.0": {
							"post": [0, 0, -10],
							"lerp_mode": "catmullrom"
						}
					}
				},
				"bone31": {
					"rotation": {
						"0.0": {
							"post": [0, 0, -12.5],
							"lerp_mode": "catmullrom"
						},
						"2.0": {
							"post": [0, 0, -12.5],
							"lerp_mode": "catmullrom"
						}
					}
				},
				"bone32": {
					"rotation": {
						"0.0": {
							"post": [0, 0, -10],
							"lerp_mode": "catmullrom"
						},
						"2.0": {
							"post": [0, 0, -10],
							"lerp_mode": "catmullrom"
						}
					}
				},
				"bone33": {
					"rotation": {
						"0.0": {
							"post": [0, 0, -20],
							"lerp_mode": "catmullrom"
						},
						"2.0": {
							"post": [0, 0, -20],
							"lerp_mode": "catmullrom"
						}
					}
				},
				"bone34": {
					"rotation": {
						"0.0": {
							"post": [0, 0, -12.5],
							"lerp_mode": "catmullrom"
						},
						"2.0": {
							"post": [0, 0, -12.5],
							"lerp_mode": "catmullrom"
						}
					}
				},
				"bone35": {
					"rotation": {
						"0.0": {
							"post": [0, 0, -15],
							"lerp_mode": "catmullrom"
						},
						"2.0": {
							"post": [0, 0, -15],
							"lerp_mode": "catmullrom"
						}
					}
				},
				"bone36": {
					"rotation": {
						"0.0": {
							"post": [0, 0, -17.5],
							"lerp_mode": "catmullrom"
						},
						"2.0": {
							"post": [0, 0, -17.5],
							"lerp_mode": "catmullrom"
						}
					}
				},
				"bone37": {
					"rotation": {
						"0.0": {
							"post": [0, 0, -10],
							"lerp_mode": "catmullrom"
						},
						"2.0": {
							"post": [0, 0, -10],
							"lerp_mode": "catmullrom"
						}
					}
				},
				"bone38": {
					"rotation": {
						"0.0": {
							"post": [0, 0, -20],
							"lerp_mode": "catmullrom"
						},
						"2.0": {
							"post": [0, 0, -20],
							"lerp_mode": "catmullrom"
						}
					}
				},
				"arm_left": {
					"rotation": [-81.18768, 19.70807, 1.12019]
				},
				"bone3": {
					"rotation": {
						"0.0": {
							"post": [0, 50, 0],
							"lerp_mode": "catmullrom"
						},
						"0.5": {
							"post": [-8.84179, 49.41933, -11.57495],
							"lerp_mode": "catmullrom"
						},
						"1.5": {
							"post": [15.02344, 48.15766, 19.80904],
							"lerp_mode": "catmullrom"
						},
						"2.0": {
							"post": [0, 50, 0],
							"lerp_mode": "catmullrom"
						}
					}
				},
				"bone5": {
					"rotation": {
						"0.0": {
							"post": [0, 0, 7.5],
							"lerp_mode": "catmullrom"
						},
						"2.0": {
							"post": [0, 0, 7.5],
							"lerp_mode": "catmullrom"
						}
					}
				},
				"bone11": {
					"rotation": {
						"0.0": {
							"post": [0, 15, 15],
							"lerp_mode": "catmullrom"
						},
						"2.0": {
							"post": [0, 15, 15],
							"lerp_mode": "catmullrom"
						}
					}
				},
				"bone12": {
					"rotation": {
						"0.0": {
							"post": [0, 0, 25],
							"lerp_mode": "catmullrom"
						},
						"2.0": {
							"post": [0, 0, 25],
							"lerp_mode": "catmullrom"
						}
					}
				},
				"bone6": {
					"rotation": {
						"0.0": {
							"post": [0, 0, 15],
							"lerp_mode": "catmullrom"
						},
						"2.0": {
							"post": [0, 0, 15],
							"lerp_mode": "catmullrom"
						}
					}
				},
				"bone7": {
					"rotation": {
						"0.0": {
							"post": [0, 0, 20],
							"lerp_mode": "catmullrom"
						},
						"2.0": {
							"post": [0, 0, 20],
							"lerp_mode": "catmullrom"
						}
					}
				},
				"bone8": {
					"rotation": {
						"0.0": {
							"post": [0, 0, 22.5],
							"lerp_mode": "catmullrom"
						},
						"2.0": {
							"post": [0, 0, 22.5],
							"lerp_mode": "catmullrom"
						}
					}
				},
				"bone9": {
					"rotation": {
						"0.0": {
							"post": [1.3378, -14.94159, 14.82456],
							"lerp_mode": "catmullrom"
						},
						"2.0": {
							"post": [1.3378, -14.94159, 14.82456],
							"lerp_mode": "catmullrom"
						}
					}
				},
				"bone10": {
					"rotation": {
						"0.0": {
							"post": [0, 0, 30],
							"lerp_mode": "catmullrom"
						},
						"2.0": {
							"post": [0, 0, 30],
							"lerp_mode": "catmullrom"
						}
					}
				},
				"arm_right": {
					"rotation": [-81.31763, -12.15577, -1.24478]
				},
				"bone4": {
					"rotation": {
						"0.0": {
							"post": [0, -62.5, 0],
							"lerp_mode": "catmullrom"
						},
						"0.5": {
							"post": [-14.07606, -61.57276, 15.91377],
							"lerp_mode": "catmullrom"
						},
						"1.5": {
							"post": [19.29617, -60.51662, -21.90623],
							"lerp_mode": "catmullrom"
						},
						"2.0": {
							"post": [0, -62.5, 0],
							"lerp_mode": "catmullrom"
						}
					}
				},
				"bone14": {
					"rotation": {
						"0.0": {
							"post": [0, -15, 0],
							"lerp_mode": "catmullrom"
						},
						"2.0": {
							"post": [0, -15, 0],
							"lerp_mode": "catmullrom"
						}
					}
				},
				"bone15": {
					"rotation": {
						"0.0": {
							"post": [0, 0, -22.5],
							"lerp_mode": "catmullrom"
						},
						"2.0": {
							"post": [0, 0, -22.5],
							"lerp_mode": "catmullrom"
						}
					}
				},
				"bone17": {
					"rotation": {
						"0.0": {
							"post": [0, 0, -15],
							"lerp_mode": "catmullrom"
						},
						"2.0": {
							"post": [0, 0, -15],
							"lerp_mode": "catmullrom"
						}
					}
				},
				"bone18": {
					"rotation": {
						"0.0": {
							"post": [0, 0, -12.5],
							"lerp_mode": "catmullrom"
						},
						"2.0": {
							"post": [0, 0, -12.5],
							"lerp_mode": "catmullrom"
						}
					}
				},
				"bone19": {
					"rotation": {
						"0.0": {
							"post": [0, 12.5, 0],
							"lerp_mode": "catmullrom"
						},
						"2.0": {
							"post": [0, 12.5, 0],
							"lerp_mode": "catmullrom"
						}
					}
				},
				"bone20": {
					"rotation": {
						"0.0": {
							"post": [0, 0, -25],
							"lerp_mode": "catmullrom"
						},
						"2.0": {
							"post": [0, 0, -25],
							"lerp_mode": "catmullrom"
						}
					}
				},
				"head": {
					"rotation": {
						"0.0": {
							"post": [-7.5, 0, 0],
							"lerp_mode": "catmullrom"
						},
						"1.0": {
							"post": [-17.5, 0, 0],
							"lerp_mode": "catmullrom"
						},
						"2.0": {
							"post": [-7.5, 0, 0],
							"lerp_mode": "catmullrom"
						}
					}
				},
				"bone46": {
					"position": {
						"0.0": {
							"post": [0, 0.25, 0],
							"lerp_mode": "catmullrom"
						},
						"2.0": {
							"post": [0, 0.25, 0],
							"lerp_mode": "catmullrom"
						}
					},
					"scale": {
						"0.0": {
							"post": [0.4, 1, 1],
							"lerp_mode": "catmullrom"
						},
						"2.0": {
							"post": [0.4, 1, 1],
							"lerp_mode": "catmullrom"
						}
					}
				},
				"bone45": {
					"position": {
						"0.0": {
							"post": [0, 0.25, 0],
							"lerp_mode": "catmullrom"
						},
						"2.0": {
							"post": [0, 0.25, 0],
							"lerp_mode": "catmullrom"
						}
					},
					"scale": {
						"0.0": {
							"post": [0.4, 1, 1],
							"lerp_mode": "catmullrom"
						},
						"2.0": {
							"post": [0.4, 1, 1],
							"lerp_mode": "catmullrom"
						}
					}
				},
				"arm_left3": {
					"rotation": {
						"0.0": {
							"post": [-70.7528, -6.99039, 5.75946],
							"lerp_mode": "catmullrom"
						}
					}
				},
				"bone52": {
					"rotation": {
						"0.0": {
							"post": [0, 50, 0],
							"lerp_mode": "catmullrom"
						},
						"0.5": {
							"post": [-8.84179, 49.41933, -11.57495],
							"lerp_mode": "catmullrom"
						},
						"1.5": {
							"post": [15.02344, 48.15766, 19.80904],
							"lerp_mode": "catmullrom"
						},
						"2.0": {
							"post": [0, 50, 0],
							"lerp_mode": "catmullrom"
						}
					}
				},
				"bone53": {
					"rotation": {
						"0.0": {
							"post": [0, 0, 7.5],
							"lerp_mode": "catmullrom"
						},
						"2.0": {
							"post": [0, 0, 7.5],
							"lerp_mode": "catmullrom"
						}
					}
				},
				"bone54": {
					"rotation": {
						"0.0": {
							"post": [0, 15, 15],
							"lerp_mode": "catmullrom"
						},
						"2.0": {
							"post": [0, 15, 15],
							"lerp_mode": "catmullrom"
						}
					}
				},
				"bone55": {
					"rotation": {
						"0.0": {
							"post": [0, 0, 25],
							"lerp_mode": "catmullrom"
						},
						"2.0": {
							"post": [0, 0, 25],
							"lerp_mode": "catmullrom"
						}
					}
				},
				"bone56": {
					"rotation": {
						"0.0": {
							"post": [0, 0, 15],
							"lerp_mode": "catmullrom"
						},
						"2.0": {
							"post": [0, 0, 15],
							"lerp_mode": "catmullrom"
						}
					}
				},
				"bone57": {
					"rotation": {
						"0.0": {
							"post": [0, 0, 20],
							"lerp_mode": "catmullrom"
						},
						"2.0": {
							"post": [0, 0, 20],
							"lerp_mode": "catmullrom"
						}
					}
				},
				"bone58": {
					"rotation": {
						"0.0": {
							"post": [0, 0, 22.5],
							"lerp_mode": "catmullrom"
						},
						"2.0": {
							"post": [0, 0, 22.5],
							"lerp_mode": "catmullrom"
						}
					}
				},
				"bone59": {
					"rotation": {
						"0.0": {
							"post": [1.3378, -14.94159, 14.82456],
							"lerp_mode": "catmullrom"
						},
						"2.0": {
							"post": [1.3378, -14.94159, 14.82456],
							"lerp_mode": "catmullrom"
						}
					}
				},
				"bone60": {
					"rotation": {
						"0.0": {
							"post": [0, 0, 30],
							"lerp_mode": "catmullrom"
						},
						"2.0": {
							"post": [0, 0, 30],
							"lerp_mode": "catmullrom"
						}
					}
				},
				"arm_right3": {
					"rotation": {
						"0.0": {
							"post": [-75.044, 5.55222, -14.33165],
							"lerp_mode": "catmullrom"
						}
					}
				},
				"bone62": {
					"rotation": {
						"0.0": {
							"post": [0, -62.5, 0],
							"lerp_mode": "catmullrom"
						},
						"0.5": {
							"post": [-14.07606, -61.57276, 15.91377],
							"lerp_mode": "catmullrom"
						},
						"1.5": {
							"post": [19.29617, -60.51662, -21.90623],
							"lerp_mode": "catmullrom"
						},
						"2.0": {
							"post": [0, -62.5, 0],
							"lerp_mode": "catmullrom"
						}
					}
				},
				"bone64": {
					"rotation": {
						"0.0": {
							"post": [0, -15, 0],
							"lerp_mode": "catmullrom"
						},
						"2.0": {
							"post": [0, -15, 0],
							"lerp_mode": "catmullrom"
						}
					}
				},
				"bone65": {
					"rotation": {
						"0.0": {
							"post": [0, 0, -22.5],
							"lerp_mode": "catmullrom"
						},
						"2.0": {
							"post": [0, 0, -22.5],
							"lerp_mode": "catmullrom"
						}
					}
				},
				"bone67": {
					"rotation": {
						"0.0": {
							"post": [0, 0, -15],
							"lerp_mode": "catmullrom"
						},
						"2.0": {
							"post": [0, 0, -15],
							"lerp_mode": "catmullrom"
						}
					}
				},
				"bone68": {
					"rotation": {
						"0.0": {
							"post": [0, 0, -12.5],
							"lerp_mode": "catmullrom"
						},
						"2.0": {
							"post": [0, 0, -12.5],
							"lerp_mode": "catmullrom"
						}
					}
				},
				"bone69": {
					"rotation": {
						"0.0": {
							"post": [0, 12.5, 0],
							"lerp_mode": "catmullrom"
						},
						"2.0": {
							"post": [0, 12.5, 0],
							"lerp_mode": "catmullrom"
						}
					}
				},
				"bone70": {
					"rotation": {
						"0.0": {
							"post": [0, 0, -25],
							"lerp_mode": "catmullrom"
						},
						"2.0": {
							"post": [0, 0, -25],
							"lerp_mode": "catmullrom"
						}
					}
				},
				"arm_left4": {
					"rotation": [156.69356, -8.88494, -8.66397]
				},
				"bone72": {
					"rotation": {
						"0.0": {
							"post": [0, 0, 10],
							"lerp_mode": "catmullrom"
						},
						"0.5": {
							"post": [0, 0, 2.5],
							"lerp_mode": "catmullrom"
						},
						"1.5": {
							"post": [0, 0, 20.56],
							"lerp_mode": "catmullrom"
						},
						"2.0": {
							"post": [0, 0, 10],
							"lerp_mode": "catmullrom"
						}
					}
				},
				"bone73": {
					"rotation": {
						"0.0": {
							"post": [0, 0, 12.5],
							"lerp_mode": "catmullrom"
						},
						"2.0": {
							"post": [0, 0, 12.5],
							"lerp_mode": "catmullrom"
						}
					}
				},
				"bone74": {
					"rotation": {
						"0.0": {
							"post": [0, 0, 15],
							"lerp_mode": "catmullrom"
						},
						"2.0": {
							"post": [0, 0, 15],
							"lerp_mode": "catmullrom"
						}
					}
				},
				"bone75": {
					"rotation": {
						"0.0": {
							"post": [0, 0, 20],
							"lerp_mode": "catmullrom"
						},
						"2.0": {
							"post": [0, 0, 20],
							"lerp_mode": "catmullrom"
						}
					}
				},
				"bone76": {
					"rotation": {
						"0.0": {
							"post": [0, 0, 17.5],
							"lerp_mode": "catmullrom"
						},
						"2.0": {
							"post": [0, 0, 17.5],
							"lerp_mode": "catmullrom"
						}
					}
				},
				"bone77": {
					"rotation": {
						"0.0": {
							"post": [0, 0, 12.5],
							"lerp_mode": "catmullrom"
						},
						"2.0": {
							"post": [0, 0, 12.5],
							"lerp_mode": "catmullrom"
						}
					}
				},
				"bone78": {
					"rotation": {
						"0.0": {
							"post": [0, 0, 17.5],
							"lerp_mode": "catmullrom"
						},
						"2.0": {
							"post": [0, 0, 17.5],
							"lerp_mode": "catmullrom"
						}
					}
				},
				"bone79": {
					"rotation": {
						"0.0": {
							"post": [0, 0, 17.5],
							"lerp_mode": "catmullrom"
						},
						"2.0": {
							"post": [0, 0, 17.5],
							"lerp_mode": "catmullrom"
						}
					}
				},
				"bone80": {
					"rotation": {
						"0.0": {
							"post": [0, 0, 12.5],
							"lerp_mode": "catmullrom"
						},
						"2.0": {
							"post": [0, 0, 17.5],
							"lerp_mode": "catmullrom"
						}
					}
				},
				"arm_right4": {
					"rotation": [172.46069, 33.72829, -4.28347]
				},
				"bone82": {
					"rotation": {
						"0.0": {
							"post": [0, 0, -10],
							"lerp_mode": "catmullrom"
						},
						"0.5": {
							"post": [0, 0, 0],
							"lerp_mode": "catmullrom"
						},
						"1.5": {
							"post": [0, 0, -22.41],
							"lerp_mode": "catmullrom"
						},
						"2.0": {
							"post": [0, 0, -10],
							"lerp_mode": "catmullrom"
						}
					}
				},
				"bone83": {
					"rotation": {
						"0.0": {
							"post": [0, 0, -12.5],
							"lerp_mode": "catmullrom"
						},
						"2.0": {
							"post": [0, 0, -12.5],
							"lerp_mode": "catmullrom"
						}
					}
				},
				"bone84": {
					"rotation": {
						"0.0": {
							"post": [0, 0, -10],
							"lerp_mode": "catmullrom"
						},
						"2.0": {
							"post": [0, 0, -10],
							"lerp_mode": "catmullrom"
						}
					}
				},
				"bone85": {
					"rotation": {
						"0.0": {
							"post": [0, 0, -20],
							"lerp_mode": "catmullrom"
						},
						"2.0": {
							"post": [0, 0, -20],
							"lerp_mode": "catmullrom"
						}
					}
				},
				"bone86": {
					"rotation": {
						"0.0": {
							"post": [0, 0, -12.5],
							"lerp_mode": "catmullrom"
						},
						"2.0": {
							"post": [0, 0, -12.5],
							"lerp_mode": "catmullrom"
						}
					}
				},
				"bone87": {
					"rotation": {
						"0.0": {
							"post": [0, 0, -15],
							"lerp_mode": "catmullrom"
						},
						"2.0": {
							"post": [0, 0, -15],
							"lerp_mode": "catmullrom"
						}
					}
				},
				"bone88": {
					"rotation": {
						"0.0": {
							"post": [0, 0, -17.5],
							"lerp_mode": "catmullrom"
						},
						"2.0": {
							"post": [0, 0, -17.5],
							"lerp_mode": "catmullrom"
						}
					}
				},
				"bone89": {
					"rotation": {
						"0.0": {
							"post": [0, 0, -10],
							"lerp_mode": "catmullrom"
						},
						"2.0": {
							"post": [0, 0, -10],
							"lerp_mode": "catmullrom"
						}
					}
				},
				"bone90": {
					"rotation": {
						"0.0": {
							"post": [0, 0, -20],
							"lerp_mode": "catmullrom"
						},
						"2.0": {
							"post": [0, 0, -20],
							"lerp_mode": "catmullrom"
						}
					}
				}
			}
		},
		"animation.barbaracle_mega.blink": {
			"animation_length": 0.25,
			"bones": {
				"bone46": {
					"position": {
						"0.0": [0, 0.25, 0],
						"0.25": {
							"pre": [0, 0.25, 0],
							"post": [0, -0.25, 0]
						}
					},
					"scale": {
						"0.0": [0.4, 1, 1],
						"0.25": {
							"pre": [0.4, 1, 1],
							"post": [1, 0.2, 1]
						}
					}
				},
				"bone45": {
					"position": {
						"0.0": [0, 0.25, 0],
						"0.25": {
							"pre": [0, 0.25, 0],
							"post": [0, -0.25, 0]
						}
					},
					"scale": {
						"0.0": [0.4, 1, 1],
						"0.25": {
							"pre": [0.4, 1, 1],
							"post": [1, 0.2, 1]
						}
					}
				},
				"bone51": {
					"position": {
						"0.0": [0, 0, 0],
						"0.25": {
							"pre": [0, 0, 0],
							"post": [0.75, 0, 0]
						}
					},
					"scale": {
						"0.0": [1, 1, 1],
						"0.25": {
							"pre": [1, 1, 1],
							"post": [0.2, 1, 1.4]
						}
					}
				},
				"bone48": {
					"position": {
						"0.0": [0, 0, 0],
						"0.25": {
							"pre": [0, 0, 0],
							"post": [-0.75, 0, 0]
						}
					},
					"scale": {
						"0.0": [1, 1, 1],
						"0.25": {
							"pre": [1, 1, 1],
							"post": [0.2, 1, 1.4]
						}
					}
				},
				"bone49": {
					"position": {
						"0.0": [0, 0, 0],
						"0.25": {
							"pre": [0, 0, 0],
							"post": [-0.75, 0, 0]
						}
					},
					"scale": {
						"0.0": [1, 1, 1],
						"0.25": {
							"pre": [1, 1, 1],
							"post": [0.2, 1, 1.4]
						}
					}
				},
				"bone50": {
					"position": {
						"0.0": [0, 0, 0],
						"0.25": {
							"pre": [0, 0, 0],
							"post": [0.75, 0, 0]
						}
					},
					"scale": {
						"0.0": [1, 1, 1],
						"0.25": {
							"pre": [1, 1, 1],
							"post": [0.2, 1, 1.4]
						}
					}
				},
				"bone61": {
					"position": {
						"0.0": [0, 0, 0],
						"0.25": {
							"pre": [0, 0, 0],
							"post": [-0.75, 0, 0]
						}
					},
					"scale": {
						"0.0": [1, 1, 1],
						"0.25": {
							"pre": [1, 1, 1],
							"post": [0.2, 1, 1.4]
						}
					}
				},
				"bone71": {
					"position": {
						"0.0": [0, 0, 0],
						"0.25": {
							"pre": [0, 0, 0],
							"post": [0.75, 0, 0]
						}
					},
					"scale": {
						"0.0": [1, 1, 1],
						"0.25": {
							"pre": [1, 1, 1],
							"post": [0.2, 1, 1.4]
						}
					}
				},
				"bone81": {
					"position": {
						"0.0": [0, 0, 0],
						"0.25": {
							"pre": [0, 0, 0],
							"post": [-0.75, 0, 0]
						}
					},
					"scale": {
						"0.0": [1, 1, 1],
						"0.25": {
							"pre": [1, 1, 1],
							"post": [0.2, 1, 1.4]
						}
					}
				},
				"bone91": {
					"position": {
						"0.0": [0, 0, 0],
						"0.25": {
							"pre": [0, 0, 0],
							"post": [0.75, 0, 0]
						}
					},
					"scale": {
						"0.0": [1, 1, 1],
						"0.25": {
							"pre": [1, 1, 1],
							"post": [0.2, 1, 1.4]
						}
					}
				}
			}
		},
		"animation.barbaracle_mega.recoil": {
			"animation_length": 1.1667,
			"bones": {
				"body": {
					"position": {
						"0.0": [0, 0, 0],
						"0.1667": [0, 2, 0],
						"0.4583": [0, 0, 0]
					}
				},
				"torso": {
					"rotation": {
						"0.0": {
							"post": [12.5, 0, 0],
							"lerp_mode": "catmullrom"
						},
						"0.1667": {
							"post": [-10, 0, 0],
							"lerp_mode": "catmullrom"
						},
						"0.4167": {
							"post": [21.25686, -27.0478, 5.16524],
							"lerp_mode": "catmullrom"
						},
						"0.75": {
							"post": [21.25686, -27.0478, 5.16524],
							"lerp_mode": "catmullrom"
						},
						"1.1667": {
							"post": [12.5, 0, 0],
							"lerp_mode": "catmullrom"
						}
					}
				},
				"bone2": {
					"rotation": {
						"0.0": {
							"post": [15, 0, 0],
							"lerp_mode": "catmullrom"
						},
						"0.1667": {
							"post": [-2.5, 0, 0],
							"lerp_mode": "catmullrom"
						},
						"0.4167": {
							"post": [20, 0, 0],
							"lerp_mode": "catmullrom"
						},
						"0.75": {
							"post": [20, 0, 0],
							"lerp_mode": "catmullrom"
						},
						"1.1667": {
							"post": [15, 0, 0],
							"lerp_mode": "catmullrom"
						}
					}
				},
				"arm_left2": {
					"rotation": {
						"0.0": {
							"post": [0, 0, 0],
							"lerp_mode": "catmullrom"
						},
						"0.1667": {
							"post": [-30.56575, -27.74975, -21.70823],
							"lerp_mode": "catmullrom"
						},
						"1.1667": {
							"post": [0, 0, 0],
							"lerp_mode": "catmullrom"
						}
					}
				},
				"bone21": {
					"rotation": {
						"0.0": {
							"post": [0, 0, 10],
							"lerp_mode": "catmullrom"
						},
						"1.1667": {
							"post": [0, 0, 10],
							"lerp_mode": "catmullrom"
						}
					}
				},
				"bone22": {
					"rotation": {
						"0.0": {
							"post": [0, 0, 12.5],
							"lerp_mode": "catmullrom"
						},
						"1.1667": {
							"post": [0, 0, 12.5],
							"lerp_mode": "catmullrom"
						}
					}
				},
				"bone26": {
					"rotation": {
						"0.0": {
							"post": [0, 0, 15],
							"lerp_mode": "catmullrom"
						},
						"1.1667": {
							"post": [0, 0, 15],
							"lerp_mode": "catmullrom"
						}
					}
				},
				"bone27": {
					"rotation": {
						"0.0": {
							"post": [0, 0, 20],
							"lerp_mode": "catmullrom"
						},
						"1.1667": {
							"post": [0, 0, 20],
							"lerp_mode": "catmullrom"
						}
					}
				},
				"bone23": {
					"rotation": {
						"0.0": {
							"post": [0, 0, 17.5],
							"lerp_mode": "catmullrom"
						},
						"1.1667": {
							"post": [0, 0, 17.5],
							"lerp_mode": "catmullrom"
						}
					}
				},
				"bone24": {
					"rotation": {
						"0.0": {
							"post": [0, 0, 12.5],
							"lerp_mode": "catmullrom"
						},
						"1.1667": {
							"post": [0, 0, 12.5],
							"lerp_mode": "catmullrom"
						}
					}
				},
				"bone25": {
					"rotation": {
						"0.0": {
							"post": [0, 0, 17.5],
							"lerp_mode": "catmullrom"
						},
						"1.1667": {
							"post": [0, 0, 17.5],
							"lerp_mode": "catmullrom"
						}
					}
				},
				"bone28": {
					"rotation": {
						"0.0": {
							"post": [0, 0, 17.5],
							"lerp_mode": "catmullrom"
						},
						"1.1667": {
							"post": [0, 0, 17.5],
							"lerp_mode": "catmullrom"
						}
					}
				},
				"bone29": {
					"rotation": {
						"0.0": {
							"post": [0, 0, 12.5],
							"lerp_mode": "catmullrom"
						},
						"1.1667": {
							"post": [0, 0, 12.5],
							"lerp_mode": "catmullrom"
						}
					}
				},
				"arm_right2": {
					"rotation": {
						"0.0": {
							"post": [0, 0, 0],
							"lerp_mode": "catmullrom"
						},
						"0.1667": {
							"post": [-29.15712, 30.32448, 12.2921],
							"lerp_mode": "catmullrom"
						},
						"1.1667": {
							"post": [0, 0, 0],
							"lerp_mode": "catmullrom"
						}
					}
				},
				"bone30": {
					"rotation": {
						"0.0": {
							"post": [0, 0, -10],
							"lerp_mode": "catmullrom"
						},
						"1.1667": {
							"post": [0, 0, -10],
							"lerp_mode": "catmullrom"
						}
					}
				},
				"bone31": {
					"rotation": {
						"0.0": {
							"post": [0, 0, -12.5],
							"lerp_mode": "catmullrom"
						},
						"1.1667": {
							"post": [0, 0, -12.5],
							"lerp_mode": "catmullrom"
						}
					}
				},
				"bone32": {
					"rotation": {
						"0.0": {
							"post": [0, 0, -10],
							"lerp_mode": "catmullrom"
						},
						"1.1667": {
							"post": [0, 0, -10],
							"lerp_mode": "catmullrom"
						}
					}
				},
				"bone33": {
					"rotation": {
						"0.0": {
							"post": [0, 0, -20],
							"lerp_mode": "catmullrom"
						},
						"1.1667": {
							"post": [0, 0, -20],
							"lerp_mode": "catmullrom"
						}
					}
				},
				"bone34": {
					"rotation": {
						"0.0": {
							"post": [0, 0, -12.5],
							"lerp_mode": "catmullrom"
						},
						"1.1667": {
							"post": [0, 0, -12.5],
							"lerp_mode": "catmullrom"
						}
					}
				},
				"bone35": {
					"rotation": {
						"0.0": {
							"post": [0, 0, -15],
							"lerp_mode": "catmullrom"
						},
						"1.1667": {
							"post": [0, 0, -15],
							"lerp_mode": "catmullrom"
						}
					}
				},
				"bone36": {
					"rotation": {
						"0.0": {
							"post": [0, 0, -17.5],
							"lerp_mode": "catmullrom"
						},
						"1.1667": {
							"post": [0, 0, -17.5],
							"lerp_mode": "catmullrom"
						}
					}
				},
				"bone37": {
					"rotation": {
						"0.0": {
							"post": [0, 0, -10],
							"lerp_mode": "catmullrom"
						},
						"1.1667": {
							"post": [0, 0, -10],
							"lerp_mode": "catmullrom"
						}
					}
				},
				"bone38": {
					"rotation": {
						"0.0": {
							"post": [0, 0, -20],
							"lerp_mode": "catmullrom"
						},
						"1.1667": {
							"post": [0, 0, -20],
							"lerp_mode": "catmullrom"
						}
					}
				},
				"arm_left": {
					"rotation": {
						"0.0": {
							"post": [-33.73499, 9.93191, 14.48174],
							"lerp_mode": "catmullrom"
						},
						"0.1667": {
							"post": [-38.37521, 28.2178, 0.52509],
							"lerp_mode": "catmullrom"
						},
						"0.4167": {
							"post": [-35.39319, -19.18145, 34.19182],
							"lerp_mode": "catmullrom"
						},
						"0.75": {
							"post": [-35.39319, -19.18145, 34.19182],
							"lerp_mode": "catmullrom"
						},
						"1.1667": {
							"post": [-33.73499, 9.93191, 14.48174],
							"lerp_mode": "catmullrom"
						}
					}
				},
				"bone3": {
					"rotation": {
						"0.0": {
							"post": [0, 50, 0],
							"lerp_mode": "catmullrom"
						},
						"1.1667": {
							"post": [0, 50, 0],
							"lerp_mode": "catmullrom"
						}
					}
				},
				"bone5": {
					"rotation": {
						"0.0": {
							"post": [0, 0, 7.5],
							"lerp_mode": "catmullrom"
						},
						"1.1667": {
							"post": [0, 0, 7.5],
							"lerp_mode": "catmullrom"
						}
					}
				},
				"bone11": {
					"rotation": {
						"0.0": {
							"post": [0, 15, 15],
							"lerp_mode": "catmullrom"
						},
						"1.1667": {
							"post": [0, 15, 15],
							"lerp_mode": "catmullrom"
						}
					}
				},
				"bone12": {
					"rotation": {
						"0.0": {
							"post": [0, 0, 25],
							"lerp_mode": "catmullrom"
						},
						"1.1667": {
							"post": [0, 0, 25],
							"lerp_mode": "catmullrom"
						}
					}
				},
				"bone6": {
					"rotation": {
						"0.0": {
							"post": [0, 0, 15],
							"lerp_mode": "catmullrom"
						},
						"1.1667": {
							"post": [0, 0, 15],
							"lerp_mode": "catmullrom"
						}
					}
				},
				"bone7": {
					"rotation": {
						"0.0": {
							"post": [0, 0, 20],
							"lerp_mode": "catmullrom"
						},
						"1.1667": {
							"post": [0, 0, 20],
							"lerp_mode": "catmullrom"
						}
					}
				},
				"bone8": {
					"rotation": {
						"0.0": {
							"post": [0, 0, 22.5],
							"lerp_mode": "catmullrom"
						},
						"1.1667": {
							"post": [0, 0, 22.5],
							"lerp_mode": "catmullrom"
						}
					}
				},
				"bone9": {
					"rotation": {
						"0.0": {
							"post": [1.3378, -14.94159, 14.82456],
							"lerp_mode": "catmullrom"
						},
						"1.1667": {
							"post": [1.3378, -14.94159, 14.82456],
							"lerp_mode": "catmullrom"
						}
					}
				},
				"bone10": {
					"rotation": {
						"0.0": {
							"post": [0, 0, 30],
							"lerp_mode": "catmullrom"
						},
						"1.1667": {
							"post": [0, 0, 30],
							"lerp_mode": "catmullrom"
						}
					}
				},
				"arm_right": {
					"rotation": {
						"0.0": {
							"post": [-22.19157, -3.81024, -14.25249],
							"lerp_mode": "catmullrom"
						},
						"0.4167": {
							"post": [-31.4939, 43.82907, -38.79524],
							"lerp_mode": "catmullrom"
						},
						"0.75": {
							"post": [-31.4939, 43.82907, -38.79524],
							"lerp_mode": "catmullrom"
						},
						"1.1667": {
							"post": [-22.19157, -3.81024, -14.25249],
							"lerp_mode": "catmullrom"
						}
					}
				},
				"bone4": {
					"rotation": {
						"0.0": {
							"post": [0, -62.5, 0],
							"lerp_mode": "catmullrom"
						},
						"1.1667": {
							"post": [0, -62.5, 0],
							"lerp_mode": "catmullrom"
						}
					}
				},
				"bone14": {
					"rotation": {
						"0.0": {
							"post": [0, -15, 0],
							"lerp_mode": "catmullrom"
						},
						"1.1667": {
							"post": [0, -15, 0],
							"lerp_mode": "catmullrom"
						}
					}
				},
				"bone15": {
					"rotation": {
						"0.0": {
							"post": [0, 0, -22.5],
							"lerp_mode": "catmullrom"
						},
						"1.1667": {
							"post": [0, 0, -22.5],
							"lerp_mode": "catmullrom"
						}
					}
				},
				"bone17": {
					"rotation": {
						"0.0": {
							"post": [0, 0, -15],
							"lerp_mode": "catmullrom"
						},
						"1.1667": {
							"post": [0, 0, -15],
							"lerp_mode": "catmullrom"
						}
					}
				},
				"bone18": {
					"rotation": {
						"0.0": {
							"post": [0, 0, -12.5],
							"lerp_mode": "catmullrom"
						},
						"1.1667": {
							"post": [0, 0, -12.5],
							"lerp_mode": "catmullrom"
						}
					}
				},
				"bone19": {
					"rotation": {
						"0.0": {
							"post": [0, 12.5, 0],
							"lerp_mode": "catmullrom"
						},
						"1.1667": {
							"post": [0, 12.5, 0],
							"lerp_mode": "catmullrom"
						}
					}
				},
				"bone20": {
					"rotation": {
						"0.0": {
							"post": [0, 0, -25],
							"lerp_mode": "catmullrom"
						},
						"1.1667": {
							"post": [0, 0, -25],
							"lerp_mode": "catmullrom"
						}
					}
				},
				"head": {
					"rotation": {
						"0.0": {
							"post": [-7.5, 0, 0],
							"lerp_mode": "catmullrom"
						},
						"0.1667": {
							"post": [-20.35952, 17.34551, -2.35666],
							"lerp_mode": "catmullrom"
						},
						"0.4167": {
							"post": [11.74669, -9.58121, -8.00853],
							"lerp_mode": "catmullrom"
						},
						"0.75": {
							"post": [11.74669, -9.58121, -8.00853],
							"lerp_mode": "catmullrom"
						},
						"1.1667": {
							"post": [-7.5, 0, 0],
							"lerp_mode": "catmullrom"
						}
					}
				},
				"bone46": {
					"position": {
						"0.0": {
							"post": [0, 0.25, 0],
							"lerp_mode": "catmullrom"
						},
						"1.1667": {
							"post": [0, 0.25, 0],
							"lerp_mode": "catmullrom"
						}
					},
					"scale": {
						"0.0": {
							"post": [0.4, 1, 1],
							"lerp_mode": "catmullrom"
						},
						"1.1667": {
							"post": [0.4, 1, 1],
							"lerp_mode": "catmullrom"
						}
					}
				},
				"bone45": {
					"position": {
						"0.0": {
							"post": [0, 0.25, 0],
							"lerp_mode": "catmullrom"
						},
						"1.1667": {
							"post": [0, 0.25, 0],
							"lerp_mode": "catmullrom"
						}
					},
					"scale": {
						"0.0": {
							"post": [0.4, 1, 1],
							"lerp_mode": "catmullrom"
						},
						"1.1667": {
							"post": [0.4, 1, 1],
							"lerp_mode": "catmullrom"
						}
					}
				},
				"arm_left3": {
					"rotation": {
						"0.0": {
							"post": [-33.73499, 9.93191, 14.48174],
							"lerp_mode": "catmullrom"
						},
						"0.1667": {
							"post": [-38.37521, 28.2178, 0.52509],
							"lerp_mode": "catmullrom"
						},
						"0.4167": {
							"post": [-35.39319, -19.18145, 34.19182],
							"lerp_mode": "catmullrom"
						},
						"0.75": {
							"post": [-35.39319, -19.18145, 34.19182],
							"lerp_mode": "catmullrom"
						},
						"1.1667": {
							"post": [-33.73499, 9.93191, 14.48174],
							"lerp_mode": "catmullrom"
						}
					}
				},
				"bone52": {
					"rotation": {
						"0.0": {
							"post": [0, 50, 0],
							"lerp_mode": "catmullrom"
						},
						"1.1667": {
							"post": [0, 50, 0],
							"lerp_mode": "catmullrom"
						}
					}
				},
				"bone53": {
					"rotation": {
						"0.0": {
							"post": [0, 0, 7.5],
							"lerp_mode": "catmullrom"
						},
						"1.1667": {
							"post": [0, 0, 7.5],
							"lerp_mode": "catmullrom"
						}
					}
				},
				"bone54": {
					"rotation": {
						"0.0": {
							"post": [0, 15, 15],
							"lerp_mode": "catmullrom"
						},
						"1.1667": {
							"post": [0, 15, 15],
							"lerp_mode": "catmullrom"
						}
					}
				},
				"bone55": {
					"rotation": {
						"0.0": {
							"post": [0, 0, 25],
							"lerp_mode": "catmullrom"
						},
						"1.1667": {
							"post": [0, 0, 25],
							"lerp_mode": "catmullrom"
						}
					}
				},
				"bone56": {
					"rotation": {
						"0.0": {
							"post": [0, 0, 15],
							"lerp_mode": "catmullrom"
						},
						"1.1667": {
							"post": [0, 0, 15],
							"lerp_mode": "catmullrom"
						}
					}
				},
				"bone57": {
					"rotation": {
						"0.0": {
							"post": [0, 0, 20],
							"lerp_mode": "catmullrom"
						},
						"1.1667": {
							"post": [0, 0, 20],
							"lerp_mode": "catmullrom"
						}
					}
				},
				"bone58": {
					"rotation": {
						"0.0": {
							"post": [0, 0, 22.5],
							"lerp_mode": "catmullrom"
						},
						"1.1667": {
							"post": [0, 0, 22.5],
							"lerp_mode": "catmullrom"
						}
					}
				},
				"bone59": {
					"rotation": {
						"0.0": {
							"post": [1.3378, -14.94159, 14.82456],
							"lerp_mode": "catmullrom"
						},
						"1.1667": {
							"post": [1.3378, -14.94159, 14.82456],
							"lerp_mode": "catmullrom"
						}
					}
				},
				"bone60": {
					"rotation": {
						"0.0": {
							"post": [0, 0, 30],
							"lerp_mode": "catmullrom"
						},
						"1.1667": {
							"post": [0, 0, 30],
							"lerp_mode": "catmullrom"
						}
					}
				},
				"arm_right3": {
					"rotation": {
						"0.0": {
							"post": [-22.19157, -3.81024, -14.25249],
							"lerp_mode": "catmullrom"
						},
						"0.4167": {
							"post": [-31.4939, 43.82907, -38.79524],
							"lerp_mode": "catmullrom"
						},
						"0.75": {
							"post": [-31.4939, 43.82907, -38.79524],
							"lerp_mode": "catmullrom"
						},
						"1.1667": {
							"post": [-22.19157, -3.81024, -14.25249],
							"lerp_mode": "catmullrom"
						}
					}
				},
				"bone62": {
					"rotation": {
						"0.0": {
							"post": [0, -62.5, 0],
							"lerp_mode": "catmullrom"
						},
						"1.1667": {
							"post": [0, -62.5, 0],
							"lerp_mode": "catmullrom"
						}
					}
				},
				"bone64": {
					"rotation": {
						"0.0": {
							"post": [0, -15, 0],
							"lerp_mode": "catmullrom"
						},
						"1.1667": {
							"post": [0, -15, 0],
							"lerp_mode": "catmullrom"
						}
					}
				},
				"bone65": {
					"rotation": {
						"0.0": {
							"post": [0, 0, -22.5],
							"lerp_mode": "catmullrom"
						},
						"1.1667": {
							"post": [0, 0, -22.5],
							"lerp_mode": "catmullrom"
						}
					}
				},
				"bone67": {
					"rotation": {
						"0.0": {
							"post": [0, 0, -15],
							"lerp_mode": "catmullrom"
						},
						"1.1667": {
							"post": [0, 0, -15],
							"lerp_mode": "catmullrom"
						}
					}
				},
				"bone68": {
					"rotation": {
						"0.0": {
							"post": [0, 0, -12.5],
							"lerp_mode": "catmullrom"
						},
						"1.1667": {
							"post": [0, 0, -12.5],
							"lerp_mode": "catmullrom"
						}
					}
				},
				"bone69": {
					"rotation": {
						"0.0": {
							"post": [0, 12.5, 0],
							"lerp_mode": "catmullrom"
						},
						"1.1667": {
							"post": [0, 12.5, 0],
							"lerp_mode": "catmullrom"
						}
					}
				},
				"bone70": {
					"rotation": {
						"0.0": {
							"post": [0, 0, -25],
							"lerp_mode": "catmullrom"
						},
						"1.1667": {
							"post": [0, 0, -25],
							"lerp_mode": "catmullrom"
						}
					}
				},
				"arm_left4": {
					"rotation": {
						"0.0": {
							"post": [0, 0, 0],
							"lerp_mode": "catmullrom"
						},
						"0.1667": {
							"post": [-30.56575, -27.74975, -21.70823],
							"lerp_mode": "catmullrom"
						},
						"1.1667": {
							"post": [0, 0, 0],
							"lerp_mode": "catmullrom"
						}
					}
				},
				"bone72": {
					"rotation": {
						"0.0": {
							"post": [0, 0, 10],
							"lerp_mode": "catmullrom"
						},
						"1.1667": {
							"post": [0, 0, 10],
							"lerp_mode": "catmullrom"
						}
					}
				},
				"bone73": {
					"rotation": {
						"0.0": {
							"post": [0, 0, 12.5],
							"lerp_mode": "catmullrom"
						},
						"1.1667": {
							"post": [0, 0, 12.5],
							"lerp_mode": "catmullrom"
						}
					}
				},
				"bone74": {
					"rotation": {
						"0.0": {
							"post": [0, 0, 15],
							"lerp_mode": "catmullrom"
						},
						"1.1667": {
							"post": [0, 0, 15],
							"lerp_mode": "catmullrom"
						}
					}
				},
				"bone75": {
					"rotation": {
						"0.0": {
							"post": [0, 0, 20],
							"lerp_mode": "catmullrom"
						},
						"1.1667": {
							"post": [0, 0, 20],
							"lerp_mode": "catmullrom"
						}
					}
				},
				"bone76": {
					"rotation": {
						"0.0": {
							"post": [0, 0, 17.5],
							"lerp_mode": "catmullrom"
						},
						"1.1667": {
							"post": [0, 0, 17.5],
							"lerp_mode": "catmullrom"
						}
					}
				},
				"bone77": {
					"rotation": {
						"0.0": {
							"post": [0, 0, 12.5],
							"lerp_mode": "catmullrom"
						},
						"1.1667": {
							"post": [0, 0, 12.5],
							"lerp_mode": "catmullrom"
						}
					}
				},
				"bone78": {
					"rotation": {
						"0.0": {
							"post": [0, 0, 17.5],
							"lerp_mode": "catmullrom"
						},
						"1.1667": {
							"post": [0, 0, 17.5],
							"lerp_mode": "catmullrom"
						}
					}
				},
				"bone79": {
					"rotation": {
						"0.0": {
							"post": [0, 0, 17.5],
							"lerp_mode": "catmullrom"
						},
						"1.1667": {
							"post": [0, 0, 17.5],
							"lerp_mode": "catmullrom"
						}
					}
				},
				"bone80": {
					"rotation": {
						"0.0": {
							"post": [0, 0, 12.5],
							"lerp_mode": "catmullrom"
						},
						"1.1667": {
							"post": [0, 0, 12.5],
							"lerp_mode": "catmullrom"
						}
					}
				},
				"arm_right4": {
					"rotation": {
						"0.0": {
							"post": [0, 0, 0],
							"lerp_mode": "catmullrom"
						},
						"0.1667": {
							"post": [-29.15712, 30.32448, 12.2921],
							"lerp_mode": "catmullrom"
						},
						"1.1667": {
							"post": [0, 0, 0],
							"lerp_mode": "catmullrom"
						}
					}
				},
				"bone82": {
					"rotation": {
						"0.0": {
							"post": [0, 0, -10],
							"lerp_mode": "catmullrom"
						},
						"1.1667": {
							"post": [0, 0, -10],
							"lerp_mode": "catmullrom"
						}
					}
				},
				"bone83": {
					"rotation": {
						"0.0": {
							"post": [0, 0, -12.5],
							"lerp_mode": "catmullrom"
						},
						"1.1667": {
							"post": [0, 0, -12.5],
							"lerp_mode": "catmullrom"
						}
					}
				},
				"bone84": {
					"rotation": {
						"0.0": {
							"post": [0, 0, -10],
							"lerp_mode": "catmullrom"
						},
						"1.1667": {
							"post": [0, 0, -10],
							"lerp_mode": "catmullrom"
						}
					}
				},
				"bone85": {
					"rotation": {
						"0.0": {
							"post": [0, 0, -20],
							"lerp_mode": "catmullrom"
						},
						"1.1667": {
							"post": [0, 0, -20],
							"lerp_mode": "catmullrom"
						}
					}
				},
				"bone86": {
					"rotation": {
						"0.0": {
							"post": [0, 0, -12.5],
							"lerp_mode": "catmullrom"
						},
						"1.1667": {
							"post": [0, 0, -12.5],
							"lerp_mode": "catmullrom"
						}
					}
				},
				"bone87": {
					"rotation": {
						"0.0": {
							"post": [0, 0, -15],
							"lerp_mode": "catmullrom"
						},
						"1.1667": {
							"post": [0, 0, -15],
							"lerp_mode": "catmullrom"
						}
					}
				},
				"bone88": {
					"rotation": {
						"0.0": {
							"post": [0, 0, -17.5],
							"lerp_mode": "catmullrom"
						},
						"1.1667": {
							"post": [0, 0, -17.5],
							"lerp_mode": "catmullrom"
						}
					}
				},
				"bone89": {
					"rotation": {
						"0.0": {
							"post": [0, 0, -10],
							"lerp_mode": "catmullrom"
						},
						"1.1667": {
							"post": [0, 0, -10],
							"lerp_mode": "catmullrom"
						}
					}
				},
				"bone90": {
					"rotation": {
						"0.0": {
							"post": [0, 0, -20],
							"lerp_mode": "catmullrom"
						},
						"1.1667": {
							"post": [0, 0, -20],
							"lerp_mode": "catmullrom"
						}
					}
				}
			}
		},
		"animation.barbaracle_mega.faint": {
			"animation_length": 3,
			"bones": {
				"body": {
					"rotation": {
						"0.0": [0, 0, 0],
						"0.1667": [0, 0, 0],
						"0.625": {
							"pre": [0, 0, 0],
							"post": [0, 0, 0],
							"lerp_mode": "catmullrom"
						},
						"1.4167": {
							"post": [-47.5, 0, 0],
							"lerp_mode": "catmullrom"
						},
						"1.75": {
							"post": [-55, 0, 0],
							"lerp_mode": "catmullrom"
						}
					},
					"position": {
						"0.0": [0, 0, 0],
						"0.1667": [0, 0, 0],
						"0.625": {
							"pre": [0, 0, 0],
							"post": [0, 0, 0],
							"lerp_mode": "catmullrom"
						},
						"1.0417": {
							"post": [0, -2.27, 5],
							"lerp_mode": "catmullrom"
						},
						"1.4167": {
							"post": [0, -9.27, 18],
							"lerp_mode": "catmullrom"
						},
						"1.75": {
							"post": [0, -21.27, 24],
							"lerp_mode": "catmullrom"
						}
					}
				},
				"torso": {
					"rotation": {
						"0.0": {
							"post": [12.5, 0, 0],
							"lerp_mode": "catmullrom"
						},
						"0.1667": {
							"post": [-10, 0, 0],
							"lerp_mode": "catmullrom"
						},
						"0.625": {
							"post": [-27.5, 0, 0],
							"lerp_mode": "catmullrom"
						}
					}
				},
				"bone2": {
					"rotation": {
						"0.0": {
							"post": [15, 0, 0],
							"lerp_mode": "catmullrom"
						},
						"0.1667": {
							"post": [-2.5, 0, 0],
							"lerp_mode": "catmullrom"
						}
					}
				},
				"arm_left2": {
					"rotation": {
						"0.0": {
							"post": [0, 0, 0],
							"lerp_mode": "catmullrom"
						},
						"0.1667": {
							"post": [-30.56575, -27.74975, -21.70823],
							"lerp_mode": "catmullrom"
						},
						"0.75": {
							"post": [-30.28923, 32.77137, 0.0002],
							"lerp_mode": "catmullrom"
						},
						"1.4167": {
							"post": [-25.2884, -43.70287, -30.64683],
							"lerp_mode": "catmullrom"
						}
					}
				},
				"bone21": {
					"rotation": {
						"0.0": {
							"post": [0, 0, 10],
							"lerp_mode": "catmullrom"
						}
					}
				},
				"bone22": {
					"rotation": {
						"0.0": {
							"post": [0, 0, 12.5],
							"lerp_mode": "catmullrom"
						}
					}
				},
				"bone26": {
					"rotation": {
						"0.0": {
							"post": [0, 0, 15],
							"lerp_mode": "catmullrom"
						}
					}
				},
				"bone27": {
					"rotation": {
						"0.0": {
							"post": [0, 0, 20],
							"lerp_mode": "catmullrom"
						}
					}
				},
				"bone23": {
					"rotation": {
						"0.0": {
							"post": [0, 0, 17.5],
							"lerp_mode": "catmullrom"
						}
					}
				},
				"bone24": {
					"rotation": {
						"0.0": {
							"post": [0, 0, 12.5],
							"lerp_mode": "catmullrom"
						}
					}
				},
				"bone25": {
					"rotation": {
						"0.0": {
							"post": [0, 0, 17.5],
							"lerp_mode": "catmullrom"
						}
					}
				},
				"bone28": {
					"rotation": {
						"0.0": {
							"post": [0, 0, 17.5],
							"lerp_mode": "catmullrom"
						}
					}
				},
				"bone29": {
					"rotation": {
						"0.0": {
							"post": [0, 0, 12.5],
							"lerp_mode": "catmullrom"
						}
					}
				},
				"arm_right2": {
					"rotation": {
						"0.0": {
							"post": [0, 0, 0],
							"lerp_mode": "catmullrom"
						},
						"0.1667": {
							"post": [-29.15712, 30.32448, 12.2921],
							"lerp_mode": "catmullrom"
						},
						"0.75": {
							"post": [-32.62555, -15.13595, -4.44825],
							"lerp_mode": "catmullrom"
						},
						"1.4167": {
							"post": [-24.1867, 43.85328, 20.46806],
							"lerp_mode": "catmullrom"
						}
					}
				},
				"bone30": {
					"rotation": {
						"0.0": {
							"post": [0, 0, -10],
							"lerp_mode": "catmullrom"
						}
					}
				},
				"bone31": {
					"rotation": {
						"0.0": {
							"post": [0, 0, -12.5],
							"lerp_mode": "catmullrom"
						}
					}
				},
				"bone32": {
					"rotation": {
						"0.0": {
							"post": [0, 0, -10],
							"lerp_mode": "catmullrom"
						}
					}
				},
				"bone33": {
					"rotation": {
						"0.0": {
							"post": [0, 0, -20],
							"lerp_mode": "catmullrom"
						}
					}
				},
				"bone34": {
					"rotation": {
						"0.0": {
							"post": [0, 0, -12.5],
							"lerp_mode": "catmullrom"
						}
					}
				},
				"bone35": {
					"rotation": {
						"0.0": {
							"post": [0, 0, -15],
							"lerp_mode": "catmullrom"
						}
					}
				},
				"bone36": {
					"rotation": {
						"0.0": {
							"post": [0, 0, -17.5],
							"lerp_mode": "catmullrom"
						}
					}
				},
				"bone37": {
					"rotation": {
						"0.0": {
							"post": [0, 0, -10],
							"lerp_mode": "catmullrom"
						}
					}
				},
				"bone38": {
					"rotation": {
						"0.0": {
							"post": [0, 0, -20],
							"lerp_mode": "catmullrom"
						}
					}
				},
				"arm_left": {
					"rotation": {
						"0.0": {
							"post": [-33.73499, 9.93191, 14.48174],
							"lerp_mode": "catmullrom"
						},
						"0.1667": {
							"post": [-38.37521, 28.2178, 0.52509],
							"lerp_mode": "catmullrom"
						},
						"0.5": {
							"post": [-38.37521, 28.2178, 0.52509],
							"lerp_mode": "catmullrom"
						},
						"1.0": {
							"post": [-48.11736, 45.848, 46.10098],
							"lerp_mode": "catmullrom"
						},
						"1.4167": {
							"post": [-90.88332, -11.21401, 35.58019],
							"lerp_mode": "catmullrom"
						}
					}
				},
				"bone3": {
					"rotation": {
						"0.0": {
							"post": [0, 50, 0],
							"lerp_mode": "catmullrom"
						},
						"0.75": {
							"post": [0, 17.5, 0],
							"lerp_mode": "catmullrom"
						}
					}
				},
				"bone5": {
					"rotation": {
						"0.0": {
							"post": [0, 0, 7.5],
							"lerp_mode": "catmullrom"
						}
					}
				},
				"bone11": {
					"rotation": {
						"0.0": {
							"post": [0, 15, 15],
							"lerp_mode": "catmullrom"
						}
					}
				},
				"bone12": {
					"rotation": {
						"0.0": {
							"post": [0, 0, 25],
							"lerp_mode": "catmullrom"
						}
					}
				},
				"bone6": {
					"rotation": {
						"0.0": {
							"post": [0, 0, 15],
							"lerp_mode": "catmullrom"
						}
					}
				},
				"bone7": {
					"rotation": {
						"0.0": {
							"post": [0, 0, 20],
							"lerp_mode": "catmullrom"
						}
					}
				},
				"bone8": {
					"rotation": {
						"0.0": {
							"post": [0, 0, 22.5],
							"lerp_mode": "catmullrom"
						}
					}
				},
				"bone9": {
					"rotation": {
						"0.0": {
							"post": [1.3378, -14.94159, 14.82456],
							"lerp_mode": "catmullrom"
						}
					}
				},
				"bone10": {
					"rotation": {
						"0.0": {
							"post": [0, 0, 30],
							"lerp_mode": "catmullrom"
						}
					}
				},
				"arm_right": {
					"rotation": {
						"0.0": {
							"post": [-22.19157, -3.81024, -14.25249],
							"lerp_mode": "catmullrom"
						},
						"0.5": {
							"post": [-22.19157, -3.81024, -14.25249],
							"lerp_mode": "catmullrom"
						},
						"0.9583": {
							"post": [-26.55959, -49.34467, -45.40794],
							"lerp_mode": "catmullrom"
						},
						"1.4167": {
							"post": [-91.69818, 8.85997, -25.68867],
							"lerp_mode": "catmullrom"
						}
					}
				},
				"bone4": {
					"rotation": {
						"0.0": {
							"post": [0, -62.5, 0],
							"lerp_mode": "catmullrom"
						},
						"0.75": {
							"post": [0, -17.5, 0],
							"lerp_mode": "catmullrom"
						}
					}
				},
				"bone14": {
					"rotation": {
						"0.0": {
							"post": [0, -15, 0],
							"lerp_mode": "catmullrom"
						}
					}
				},
				"bone15": {
					"rotation": {
						"0.0": {
							"post": [0, 0, -22.5],
							"lerp_mode": "catmullrom"
						}
					}
				},
				"bone17": {
					"rotation": {
						"0.0": {
							"post": [0, 0, -15],
							"lerp_mode": "catmullrom"
						}
					}
				},
				"bone18": {
					"rotation": {
						"0.0": {
							"post": [0, 0, -12.5],
							"lerp_mode": "catmullrom"
						}
					}
				},
				"bone19": {
					"rotation": {
						"0.0": {
							"post": [0, 12.5, 0],
							"lerp_mode": "catmullrom"
						}
					}
				},
				"bone20": {
					"rotation": {
						"0.0": {
							"post": [0, 0, -25],
							"lerp_mode": "catmullrom"
						}
					}
				},
				"head": {
					"rotation": {
						"0.0": {
							"post": [-7.5, 0, 0],
							"lerp_mode": "catmullrom"
						},
						"0.1667": {
							"post": [-20.35952, 17.34551, -2.35666],
							"lerp_mode": "catmullrom"
						},
						"1.4167": {
							"post": [-24.19922, 35.88958, -10.80265],
							"lerp_mode": "catmullrom"
						}
					}
				},
				"bone46": {
					"position": {
						"0.0": [0, 0.25, 0],
						"0.25": {
							"pre": [0, 0.25, 0],
							"post": [0, -0.25, 0]
						}
					},
					"scale": {
						"0.0": [0.4, 1, 1],
						"0.25": {
							"pre": [0.4, 1, 1],
							"post": [1, 0.2, 1]
						}
					}
				},
				"bone45": {
					"position": {
						"0.0": [0, 0.25, 0],
						"0.25": {
							"pre": [0, 0.25, 0],
							"post": [0, -0.25, 0]
						}
					},
					"scale": {
						"0.0": [0.4, 1, 1],
						"0.25": {
							"pre": [0.4, 1, 1],
							"post": [1, 0.2, 1]
						}
					}
				},
				"leg_right": {
					"rotation": {
						"0.0": [0, 0, 0],
						"1.75": [-9.31844, -40.29025, 18.93469]
					}
				},
				"leg_right_lower": {
					"rotation": {
						"0.0": [0, 0, 0],
						"1.75": [0, 0, -5]
					}
				},
				"leg_left": {
					"rotation": {
						"0.0": [0, 0, 0],
						"1.1667": [10.12726, -28.13428, -23.83074],
						"1.4583": [10.63792, -7.44275, -21.60346],
						"1.75": [11.6551, 7.08855, -17.73689]
					}
				},
				"leg_left_lower": {
					"rotation": {
						"0.0": {
							"post": [0, 0, 0],
							"lerp_mode": "catmullrom"
						},
						"0.625": {
							"post": [0, 0, 17.5],
							"lerp_mode": "catmullrom"
						},
						"1.1667": {
							"post": [0, 0, -3.95],
							"lerp_mode": "catmullrom"
						},
						"1.4167": {
							"post": [0, 0, 10],
							"lerp_mode": "catmullrom"
						},
						"1.75": {
							"post": [0, 0, -27.5],
							"lerp_mode": "catmullrom"
						}
					},
					"position": {
						"0.0": [0, 0, 0],
						"1.75": [-4, 0, 0]
					}
				},
				"bone44": {
					"rotation": {
						"0.0": {
							"post": [0, 0, 0],
							"lerp_mode": "catmullrom"
						}
					}
				},
				"bone48": {
					"position": {
						"0.0": [0, 0, 0],
						"0.25": {
							"pre": [0, 0, 0],
							"post": [-0.75, 0, 0]
						}
					},
					"scale": {
						"0.0": [1, 1, 1],
						"0.25": {
							"pre": [1, 1, 1],
							"post": [0.2, 1, 1.4]
						}
					}
				},
				"bone49": {
					"position": {
						"0.0": [0, 0, 0],
						"0.25": {
							"pre": [0, 0, 0],
							"post": [-0.75, 0, 0]
						}
					},
					"scale": {
						"0.0": [1, 1, 1],
						"0.25": {
							"pre": [1, 1, 1],
							"post": [0.2, 1, 1.4]
						}
					}
				},
				"bone50": {
					"position": {
						"0.0": [0, 0, 0],
						"0.25": {
							"pre": [0, 0, 0],
							"post": [0.75, 0, 0]
						}
					},
					"scale": {
						"0.0": [1, 1, 1],
						"0.25": {
							"pre": [1, 1, 1],
							"post": [0.2, 1, 1.4]
						}
					}
				},
				"bone51": {
					"position": {
						"0.0": [0, 0, 0],
						"0.25": {
							"pre": [0, 0, 0],
							"post": [0.75, 0, 0]
						}
					},
					"scale": {
						"0.0": [1, 1, 1],
						"0.25": {
							"pre": [1, 1, 1],
							"post": [0.2, 1, 1.4]
						}
					}
				},
				"arm_left3": {
					"rotation": {
						"0.0": {
							"post": [-33.73499, 9.93191, 14.48174],
							"lerp_mode": "catmullrom"
						},
						"0.1667": {
							"post": [-38.37521, 28.2178, 0.52509],
							"lerp_mode": "catmullrom"
						},
						"0.5": {
							"post": [-38.37521, 28.2178, 0.52509],
							"lerp_mode": "catmullrom"
						},
						"1.0": {
							"post": [-48.11736, 45.848, 46.10098],
							"lerp_mode": "catmullrom"
						},
						"1.4167": {
							"post": [-79.67836, -66.15386, -4.77215],
							"lerp_mode": "catmullrom"
						}
					}
				},
				"bone52": {
					"rotation": {
						"0.0": {
							"post": [0, 50, 0],
							"lerp_mode": "catmullrom"
						},
						"0.75": {
							"post": [0, 17.5, 0],
							"lerp_mode": "catmullrom"
						},
						"1.4167": {
							"post": [-0.78795, 17.48281, -2.62116],
							"lerp_mode": "catmullrom"
						}
					}
				},
				"bone53": {
					"rotation": {
						"0.0": {
							"post": [0, 0, 7.5],
							"lerp_mode": "catmullrom"
						}
					}
				},
				"bone54": {
					"rotation": {
						"0.0": {
							"post": [0, 15, 15],
							"lerp_mode": "catmullrom"
						}
					}
				},
				"bone55": {
					"rotation": {
						"0.0": {
							"post": [0, 0, 25],
							"lerp_mode": "catmullrom"
						}
					}
				},
				"bone56": {
					"rotation": {
						"0.0": {
							"post": [0, 0, 15],
							"lerp_mode": "catmullrom"
						}
					}
				},
				"bone57": {
					"rotation": {
						"0.0": {
							"post": [0, 0, 20],
							"lerp_mode": "catmullrom"
						}
					}
				},
				"bone58": {
					"rotation": {
						"0.0": {
							"post": [0, 0, 22.5],
							"lerp_mode": "catmullrom"
						}
					}
				},
				"bone59": {
					"rotation": {
						"0.0": {
							"post": [1.3378, -14.94159, 14.82456],
							"lerp_mode": "catmullrom"
						}
					}
				},
				"bone60": {
					"rotation": {
						"0.0": {
							"post": [0, 0, 30],
							"lerp_mode": "catmullrom"
						}
					}
				},
				"bone61": {
					"position": {
						"0.0": [0, 0, 0],
						"0.25": {
							"pre": [0, 0, 0],
							"post": [-0.75, 0, 0]
						}
					},
					"scale": {
						"0.0": [1, 1, 1],
						"0.25": {
							"pre": [1, 1, 1],
							"post": [0.2, 1, 1.4]
						}
					}
				},
				"arm_right3": {
					"rotation": {
						"0.0": {
							"post": [-22.19157, -3.81024, -14.25249],
							"lerp_mode": "catmullrom"
						},
						"0.5": {
							"post": [-22.19157, -3.81024, -14.25249],
							"lerp_mode": "catmullrom"
						},
						"0.9583": {
							"post": [-26.55959, -49.34467, -45.40794],
							"lerp_mode": "catmullrom"
						},
						"1.4167": {
							"post": [-85.33453, 56.24997, 2.24905],
							"lerp_mode": "catmullrom"
						}
					}
				},
				"bone62": {
					"rotation": {
						"0.0": {
							"post": [0, -62.5, 0],
							"lerp_mode": "catmullrom"
						},
						"0.75": {
							"post": [0, -17.5, 0],
							"lerp_mode": "catmullrom"
						}
					}
				},
				"bone64": {
					"rotation": {
						"0.0": {
							"post": [0, -15, 0],
							"lerp_mode": "catmullrom"
						}
					}
				},
				"bone65": {
					"rotation": {
						"0.0": {
							"post": [0, 0, -22.5],
							"lerp_mode": "catmullrom"
						}
					}
				},
				"bone67": {
					"rotation": {
						"0.0": {
							"post": [0, 0, -15],
							"lerp_mode": "catmullrom"
						}
					}
				},
				"bone68": {
					"rotation": {
						"0.0": {
							"post": [0, 0, -12.5],
							"lerp_mode": "catmullrom"
						}
					}
				},
				"bone69": {
					"rotation": {
						"0.0": {
							"post": [0, 12.5, 0],
							"lerp_mode": "catmullrom"
						}
					}
				},
				"bone70": {
					"rotation": {
						"0.0": {
							"post": [0, 0, -25],
							"lerp_mode": "catmullrom"
						}
					}
				},
				"bone71": {
					"position": {
						"0.0": [0, 0, 0],
						"0.25": {
							"pre": [0, 0, 0],
							"post": [0.75, 0, 0]
						}
					},
					"scale": {
						"0.0": [1, 1, 1],
						"0.25": {
							"pre": [1, 1, 1],
							"post": [0.2, 1, 1.4]
						}
					}
				},
				"arm_left4": {
					"rotation": {
						"0.0": {
							"post": [0, 0, 0],
							"lerp_mode": "catmullrom"
						},
						"0.1667": {
							"post": [-30.56575, -27.74975, -21.70823],
							"lerp_mode": "catmullrom"
						},
						"0.75": {
							"post": [-30.28923, 32.77137, 0.0002],
							"lerp_mode": "catmullrom"
						},
						"1.4167": {
							"post": [-25.2884, -43.70287, -30.64683],
							"lerp_mode": "catmullrom"
						}
					}
				},
				"bone72": {
					"rotation": {
						"0.0": {
							"post": [0, 0, 10],
							"lerp_mode": "catmullrom"
						}
					}
				},
				"bone73": {
					"rotation": {
						"0.0": {
							"post": [0, 0, 12.5],
							"lerp_mode": "catmullrom"
						}
					}
				},
				"bone74": {
					"rotation": {
						"0.0": {
							"post": [0, 0, 15],
							"lerp_mode": "catmullrom"
						}
					}
				},
				"bone75": {
					"rotation": {
						"0.0": {
							"post": [0, 0, 20],
							"lerp_mode": "catmullrom"
						}
					}
				},
				"bone76": {
					"rotation": {
						"0.0": {
							"post": [0, 0, 17.5],
							"lerp_mode": "catmullrom"
						}
					}
				},
				"bone77": {
					"rotation": {
						"0.0": {
							"post": [0, 0, 12.5],
							"lerp_mode": "catmullrom"
						}
					}
				},
				"bone78": {
					"rotation": {
						"0.0": {
							"post": [0, 0, 17.5],
							"lerp_mode": "catmullrom"
						}
					}
				},
				"bone79": {
					"rotation": {
						"0.0": {
							"post": [0, 0, 17.5],
							"lerp_mode": "catmullrom"
						}
					}
				},
				"bone80": {
					"rotation": {
						"0.0": {
							"post": [0, 0, 12.5],
							"lerp_mode": "catmullrom"
						}
					}
				},
				"bone81": {
					"position": {
						"0.0": [0, 0, 0],
						"0.25": {
							"pre": [0, 0, 0],
							"post": [-0.75, 0, 0]
						}
					},
					"scale": {
						"0.0": [1, 1, 1],
						"0.25": {
							"pre": [1, 1, 1],
							"post": [0.2, 1, 1.4]
						}
					}
				},
				"arm_right4": {
					"rotation": {
						"0.0": {
							"post": [0, 0, 0],
							"lerp_mode": "catmullrom"
						},
						"0.1667": {
							"post": [-29.15712, 30.32448, 12.2921],
							"lerp_mode": "catmullrom"
						},
						"0.75": {
							"post": [-32.62555, -15.13595, -4.44825],
							"lerp_mode": "catmullrom"
						},
						"1.4167": {
							"post": [-24.1867, 43.85328, 20.46806],
							"lerp_mode": "catmullrom"
						}
					}
				},
				"bone82": {
					"rotation": {
						"0.0": {
							"post": [0, 0, -10],
							"lerp_mode": "catmullrom"
						}
					}
				},
				"bone83": {
					"rotation": {
						"0.0": {
							"post": [0, 0, -12.5],
							"lerp_mode": "catmullrom"
						}
					}
				},
				"bone84": {
					"rotation": {
						"0.0": {
							"post": [0, 0, -10],
							"lerp_mode": "catmullrom"
						}
					}
				},
				"bone85": {
					"rotation": {
						"0.0": {
							"post": [0, 0, -20],
							"lerp_mode": "catmullrom"
						}
					}
				},
				"bone86": {
					"rotation": {
						"0.0": {
							"post": [0, 0, -12.5],
							"lerp_mode": "catmullrom"
						}
					}
				},
				"bone87": {
					"rotation": {
						"0.0": {
							"post": [0, 0, -15],
							"lerp_mode": "catmullrom"
						}
					}
				},
				"bone88": {
					"rotation": {
						"0.0": {
							"post": [0, 0, -17.5],
							"lerp_mode": "catmullrom"
						}
					}
				},
				"bone89": {
					"rotation": {
						"0.0": {
							"post": [0, 0, -10],
							"lerp_mode": "catmullrom"
						}
					}
				},
				"bone90": {
					"rotation": {
						"0.0": {
							"post": [0, 0, -20],
							"lerp_mode": "catmullrom"
						}
					}
				},
				"bone91": {
					"position": {
						"0.0": [0, 0, 0],
						"0.25": {
							"pre": [0, 0, 0],
							"post": [0.75, 0, 0]
						}
					},
					"scale": {
						"0.0": [1, 1, 1],
						"0.25": {
							"pre": [1, 1, 1],
							"post": [0.2, 1, 1.4]
						}
					}
				}
			}
		},
		"animation.barbaracle_mega.ground_walk": {
			"loop": true,
			"bones": {
				"torso": {
					"rotation": [-2.5, 0, 0],
					"position": [0, "-Math.sin((query.anim_time) * 180 * 8/3 * 2 - 70) * -2", 0]
				},
				"bone2": {
					"rotation": ["15+Math.sin((query.anim_time) * 160 * 8/3 * 2 - 70) * -5", 0, 0],
					"position": [0, 0, 0]
				},
				"arm_left2": {
					"rotation": {
						"0.0": {
							"post": [0, 0, 0],
							"lerp_mode": "catmullrom"
						}
					}
				},
				"bone21": {
					"rotation": [0, 0, "0-Math.sin((query.anim_time) * 141 * 8/3 * 2 - 70) * -10"]
				},
				"bone22": {
					"rotation": {
						"0.0": {
							"post": [0, 0, 12.5],
							"lerp_mode": "catmullrom"
						}
					}
				},
				"bone26": {
					"rotation": {
						"0.0": {
							"post": [0, 0, 15],
							"lerp_mode": "catmullrom"
						}
					}
				},
				"bone27": {
					"rotation": {
						"0.0": {
							"post": [0, 0, 20],
							"lerp_mode": "catmullrom"
						}
					}
				},
				"bone23": {
					"rotation": {
						"0.0": {
							"post": [0, 0, 17.5],
							"lerp_mode": "catmullrom"
						}
					}
				},
				"bone24": {
					"rotation": {
						"0.0": {
							"post": [0, 0, 12.5],
							"lerp_mode": "catmullrom"
						}
					}
				},
				"bone25": {
					"rotation": {
						"0.0": {
							"post": [0, 0, 17.5],
							"lerp_mode": "catmullrom"
						}
					}
				},
				"bone28": {
					"rotation": {
						"0.0": {
							"post": [0, 0, 17.5],
							"lerp_mode": "catmullrom"
						}
					}
				},
				"bone29": {
					"rotation": {
						"0.0": {
							"post": [0, 0, 12.5],
							"lerp_mode": "catmullrom"
						}
					}
				},
				"arm_right2": {
					"rotation": {
						"0.0": {
							"post": [0, 0, 0],
							"lerp_mode": "catmullrom"
						}
					}
				},
				"bone30": {
					"rotation": [0, 0, "-10+Math.sin((query.anim_time) * 160 * 8/3 * 2 - 70) * -10"]
				},
				"bone31": {
					"rotation": {
						"0.0": {
							"post": [0, 0, -12.5],
							"lerp_mode": "catmullrom"
						}
					}
				},
				"bone32": {
					"rotation": {
						"0.0": {
							"post": [0, 0, -10],
							"lerp_mode": "catmullrom"
						}
					}
				},
				"bone33": {
					"rotation": {
						"0.0": {
							"post": [0, 0, -20],
							"lerp_mode": "catmullrom"
						}
					}
				},
				"bone34": {
					"rotation": {
						"0.0": {
							"post": [0, 0, -12.5],
							"lerp_mode": "catmullrom"
						}
					}
				},
				"bone35": {
					"rotation": {
						"0.0": {
							"post": [0, 0, -15],
							"lerp_mode": "catmullrom"
						}
					}
				},
				"bone36": {
					"rotation": {
						"0.0": {
							"post": [0, 0, -17.5],
							"lerp_mode": "catmullrom"
						}
					}
				},
				"bone37": {
					"rotation": {
						"0.0": {
							"post": [0, 0, -10],
							"lerp_mode": "catmullrom"
						}
					}
				},
				"bone38": {
					"rotation": {
						"0.0": {
							"post": [0, 0, -20],
							"lerp_mode": "catmullrom"
						}
					}
				},
				"arm_left": {
					"rotation": [-81.18768, 19.70807, 1.12019]
				},
				"bone3": {
					"rotation": [0, 50, "0+Math.sin((query.anim_time) * 130 * 8/3 * 2 - 70) * -10"]
				},
				"bone5": {
					"rotation": {
						"0.0": {
							"post": [0, 0, 7.5],
							"lerp_mode": "catmullrom"
						}
					}
				},
				"bone11": {
					"rotation": {
						"0.0": {
							"post": [0, 15, 15],
							"lerp_mode": "catmullrom"
						}
					}
				},
				"bone12": {
					"rotation": {
						"0.0": {
							"post": [0, 0, 25],
							"lerp_mode": "catmullrom"
						}
					}
				},
				"bone6": {
					"rotation": {
						"0.0": {
							"post": [0, 0, 15],
							"lerp_mode": "catmullrom"
						}
					}
				},
				"bone7": {
					"rotation": {
						"0.0": {
							"post": [0, 0, 20],
							"lerp_mode": "catmullrom"
						}
					}
				},
				"bone8": {
					"rotation": {
						"0.0": {
							"post": [0, 0, 22.5],
							"lerp_mode": "catmullrom"
						}
					}
				},
				"bone9": {
					"rotation": {
						"0.0": {
							"post": [1.3378, -14.94159, 14.82456],
							"lerp_mode": "catmullrom"
						}
					}
				},
				"bone10": {
					"rotation": {
						"0.0": {
							"post": [0, 0, 30],
							"lerp_mode": "catmullrom"
						}
					}
				},
				"arm_right": {
					"rotation": [-81.31763, -12.15577, -1.24478]
				},
				"bone4": {
					"rotation": [15.76063, -46.9232, "-28.374-Math.sin((query.anim_time) * 140 * 8/3 * 2 - 70) * -14"]
				},
				"bone14": {
					"rotation": {
						"0.0": {
							"post": [0, -15, 0],
							"lerp_mode": "catmullrom"
						}
					}
				},
				"bone15": {
					"rotation": {
						"0.0": {
							"post": [0, 0, -22.5],
							"lerp_mode": "catmullrom"
						}
					}
				},
				"bone17": {
					"rotation": {
						"0.0": {
							"post": [0, 0, -15],
							"lerp_mode": "catmullrom"
						}
					}
				},
				"bone18": {
					"rotation": {
						"0.0": {
							"post": [0, 0, -12.5],
							"lerp_mode": "catmullrom"
						}
					}
				},
				"bone19": {
					"rotation": {
						"0.0": {
							"post": [0, 12.5, 0],
							"lerp_mode": "catmullrom"
						}
					}
				},
				"bone20": {
					"rotation": {
						"0.0": {
							"post": [0, 0, -25],
							"lerp_mode": "catmullrom"
						}
					}
				},
				"head": {
					"rotation": {
						"0.0": {
							"post": [-22.5, 0, 0],
							"lerp_mode": "catmullrom"
						}
					}
				},
				"bone46": {
					"position": {
						"0.0": {
							"post": [0, 0.25, 0],
							"lerp_mode": "catmullrom"
						}
					},
					"scale": {
						"0.0": {
							"post": [0.4, 1, 1],
							"lerp_mode": "catmullrom"
						}
					}
				},
				"bone45": {
					"position": {
						"0.0": {
							"post": [0, 0.25, 0],
							"lerp_mode": "catmullrom"
						}
					},
					"scale": {
						"0.0": {
							"post": [0.4, 1, 1],
							"lerp_mode": "catmullrom"
						}
					}
				},
				"arm_left3": {
					"rotation": {
						"0.0": {
							"post": [-70.7528, -6.99039, 5.75946],
							"lerp_mode": "catmullrom"
						}
					}
				},
				"bone52": {
					"rotation": [0, 50, "0+Math.sin((query.anim_time) * 160 * 8/3 * 2 - 70) * -10"]
				},
				"bone53": {
					"rotation": {
						"0.0": {
							"post": [0, 0, 7.5],
							"lerp_mode": "catmullrom"
						}
					}
				},
				"bone54": {
					"rotation": {
						"0.0": {
							"post": [0, 15, 15],
							"lerp_mode": "catmullrom"
						}
					}
				},
				"bone55": {
					"rotation": {
						"0.0": {
							"post": [0, 0, 25],
							"lerp_mode": "catmullrom"
						}
					}
				},
				"bone56": {
					"rotation": {
						"0.0": {
							"post": [0, 0, 15],
							"lerp_mode": "catmullrom"
						}
					}
				},
				"bone57": {
					"rotation": {
						"0.0": {
							"post": [0, 0, 20],
							"lerp_mode": "catmullrom"
						}
					}
				},
				"bone58": {
					"rotation": {
						"0.0": {
							"post": [0, 0, 22.5],
							"lerp_mode": "catmullrom"
						}
					}
				},
				"bone59": {
					"rotation": {
						"0.0": {
							"post": [1.3378, -14.94159, 14.82456],
							"lerp_mode": "catmullrom"
						}
					}
				},
				"bone60": {
					"rotation": {
						"0.0": {
							"post": [3.713, 4.59613, 26.68103],
							"lerp_mode": "catmullrom"
						}
					}
				},
				"arm_right3": {
					"rotation": {
						"0.0": {
							"post": [-75.044, 5.55222, -14.33165],
							"lerp_mode": "catmullrom"
						}
					}
				},
				"bone62": {
					"rotation": [26.43596, -58.95768, "-30.1263-Math.sin((query.anim_time) * 160 * 8/3 * 2 - 70) * -10"]
				},
				"bone64": {
					"rotation": {
						"0.0": {
							"post": [0, -15, 0],
							"lerp_mode": "catmullrom"
						}
					}
				},
				"bone65": {
					"rotation": {
						"0.0": {
							"post": [0, 0, -22.5],
							"lerp_mode": "catmullrom"
						}
					}
				},
				"bone67": {
					"rotation": {
						"0.0": {
							"post": [0, 0, -15],
							"lerp_mode": "catmullrom"
						}
					}
				},
				"bone68": {
					"rotation": {
						"0.0": {
							"post": [0, 0, -12.5],
							"lerp_mode": "catmullrom"
						}
					}
				},
				"bone69": {
					"rotation": {
						"0.0": {
							"post": [0, 12.5, 0],
							"lerp_mode": "catmullrom"
						}
					}
				},
				"bone70": {
					"rotation": {
						"0.0": {
							"post": [0, 0, -25],
							"lerp_mode": "catmullrom"
						}
					}
				},
				"arm_left4": {
					"rotation": [156.69356, -8.88494, -8.66397]
				},
				"bone72": {
					"rotation": [0, 0, "10-Math.sin((query.anim_time) * 170 * 8/3 * 2 - 70) * -10"]
				},
				"bone73": {
					"rotation": {
						"0.0": {
							"post": [0, 0, 12.5],
							"lerp_mode": "catmullrom"
						}
					}
				},
				"bone74": {
					"rotation": {
						"0.0": {
							"post": [0, 0, 15],
							"lerp_mode": "catmullrom"
						}
					}
				},
				"bone75": {
					"rotation": {
						"0.0": {
							"post": [0, 0, 20],
							"lerp_mode": "catmullrom"
						}
					}
				},
				"bone76": {
					"rotation": {
						"0.0": {
							"post": [0, 0, 17.5],
							"lerp_mode": "catmullrom"
						}
					}
				},
				"bone77": {
					"rotation": {
						"0.0": {
							"post": [0, 0, 12.5],
							"lerp_mode": "catmullrom"
						}
					}
				},
				"bone78": {
					"rotation": {
						"0.0": {
							"post": [0, 0, 17.5],
							"lerp_mode": "catmullrom"
						}
					}
				},
				"bone79": {
					"rotation": {
						"0.0": {
							"post": [0, 0, 17.5],
							"lerp_mode": "catmullrom"
						}
					}
				},
				"bone80": {
					"rotation": {
						"0.0": {
							"post": [0, 0, 12.5],
							"lerp_mode": "catmullrom"
						}
					}
				},
				"arm_right4": {
					"rotation": [172.46069, 33.72829, -4.28347]
				},
				"bone82": {
					"rotation": [0, 0, "-10+Math.sin((query.anim_time) * 155 * 8/3 * 2 - 70) * -10"]
				},
				"bone83": {
					"rotation": {
						"0.0": {
							"post": [0, 0, -12.5],
							"lerp_mode": "catmullrom"
						}
					}
				},
				"bone84": {
					"rotation": {
						"0.0": {
							"post": [0, 0, -10],
							"lerp_mode": "catmullrom"
						}
					}
				},
				"bone85": {
					"rotation": {
						"0.0": {
							"post": [0, 0, -20],
							"lerp_mode": "catmullrom"
						}
					}
				},
				"bone86": {
					"rotation": {
						"0.0": {
							"post": [0, 0, -12.5],
							"lerp_mode": "catmullrom"
						}
					}
				},
				"bone87": {
					"rotation": {
						"0.0": {
							"post": [0, 0, -15],
							"lerp_mode": "catmullrom"
						}
					}
				},
				"bone88": {
					"rotation": {
						"0.0": {
							"post": [0, 0, -17.5],
							"lerp_mode": "catmullrom"
						}
					}
				},
				"bone89": {
					"rotation": {
						"0.0": {
							"post": [0, 0, -10],
							"lerp_mode": "catmullrom"
						}
					}
				},
				"bone90": {
					"rotation": {
						"0.0": {
							"post": [0, 0, -20],
							"lerp_mode": "catmullrom"
						}
					}
				},
				"body": {
					"rotation": [25, 0, 0]
				},
				"leg_right": {
					"rotation": [6.62327, "-38.4427-Math.cos((query.anim_time) * 160 * 8/3 * 2 - 70) * -30", 12.37971]
				},
				"leg_right_lower": {
					"rotation": [-6.02237, 0.02474, "-12.586663573+Math.sin((query.anim_time) * 160 * 8/3 * 2 - 70) * -45"]
				},
				"leg_left": {
					"rotation": [1.4583, "-13.4492406226-Math.cos((query.anim_time) * 160 * 8/3 * 2 - 70) * -30", -21.50829],
					"position": [0, 0, 2]
				},
				"leg_left_lower": {
					"rotation": [-19.40332, -1.42453, "-42.5417+Math.sin((query.anim_time) * 160 * 8/3 * 2 - 70) * -45"],
					"position": [-2, 0, 0]
				}
			}
		}
	}
}