{
    "portraitScale": 1.3,
    "portraitTranslation": [-1.2, 2.5, 0],
    "profileScale": 0.4,
    "profileTranslation": [-0.2, 1.1, 0],
    "rootBone": "scolipede_mega",
    "poses": {
       "battle-standing": {
      "poseTypes": ["STAND"],
      "isBattle": true,
      "animations": [
        "q.bedrock('scolipede_mega', 'battle_idle')"
      ]
    },
      "standing": {
        "poseTypes": ["STAND", "NONE", "PORTRAIT", "PROFILE"],
        "animations": [
          "q.bedrock('scolipede_mega', 'ground_idle')"
        ]
      },
      "walking": {
        "poseTypes": ["WALK"],
        "animations": [
          "q.bedrock('scolipede_mega', 'ground_walk')"
        ]
      }
    }
   }