{
	"format_version": "1.12.0",
	"minecraft:geometry": [
		{
			"description": {
				"identifier": "geometry.clefable",
				"texture_width": 228,
				"texture_height": 164,
				"visible_bounds_width": 7,
				"visible_bounds_height": 4.5,
				"visible_bounds_offset": [0, 1.75, 0]
			},
			"bones": [
				{
					"name": "clefable",
					"pivot": [0, 0, 0]
				},
				{
					"name": "body",
					"parent": "clefable",
					"pivot": [0, 0, 0]
				},
				{
					"name": "locator_root",
					"parent": "body",
					"pivot": [0, 6, 0],
					"locators": {
						"root": [0, 6, 0]
					}
				},
				{
					"name": "locator_top",
					"parent": "body",
					"pivot": [0, 33, 0],
					"locators": {
						"top": [0, 33, 0]
					}
				},
				{
					"name": "body3",
					"parent": "body",
					"pivot": [0.5, 6, 0.75]
				},
				{
					"name": "locator_target",
					"parent": "body3",
					"pivot": [0, 20, -8],
					"locators": {
						"target": [0, 20, -8]
					}
				},
				{
					"name": "locator_middle",
					"parent": "body3",
					"pivot": [0, 20, 0],
					"locators": {
						"middle": [0, 20, 0]
					}
				},
				{
					"name": "torso",
					"parent": "body3",
					"pivot": [0, 13.25, -0.75],
					"cubes": [
						{"origin": [-8, 11.75, -6.75], "size": [16, 19, 13], "inflate": 0.01, "uv": [0, 0]}
					]
				},
				{
					"name": "bone",
					"parent": "torso",
					"pivot": [0.01, 34.00061, -0.86969],
					"cubes": [
						{"origin": [-1, 37.55, -2.85], "size": [2, 4, 2], "inflate": 0.3, "pivot": [0, 39.55, -1.85], "rotation": [12.5, 0, 0], "uv": [64, 86]},
						{"origin": [5.42802, 30.81033, -4.75], "size": [1, 3, 9], "inflate": 0.3, "pivot": [5.92802, 32.81033, -0.25], "rotation": [0, 0, 17.5], "uv": [11, 80]},
						{"origin": [-6, 30.75, -4.75], "size": [12, 4, 9], "inflate": 0.3, "uv": [0, 80]},
						{"origin": [-6, 34.55, -4.75], "size": [12, 4, 9], "inflate": 0.5, "uv": [52, 79]},
						{"origin": [-6, 30.81033, 3.67802], "size": [12, 3, 1], "inflate": 0.3, "pivot": [0, 32.81033, 4.17802], "rotation": [-17.5, 0, 0], "uv": [8, 88]},
						{"origin": [-1, 40.84217, -0.95176], "size": [2, 1, 2], "inflate": 0.3, "pivot": [0, 39.84217, 0.04824], "rotation": [5, 0, 0], "uv": [64, 86]},
						{"origin": [-1, 37.84217, 0.87382], "size": [2, 4, 2], "inflate": 0.3, "pivot": [0, 39.84217, 1.87382], "rotation": [-5, 0, 0], "uv": [64, 86]},
						{"origin": [-6.42802, 30.81033, -4.75], "size": [1, 3, 9], "inflate": 0.3, "pivot": [-5.92802, 32.81033, -0.25], "rotation": [0, 0, -17.5], "uv": [0, 80]},
						{"origin": [-5.99, 32.00061, -5.36969], "size": [12, 3, 1], "inflate": 0.3, "pivot": [0.01, 34.00061, -0.86969], "rotation": [17.5, 0, 0], "uv": [8, 88]}
					]
				},
				{
					"name": "locator_head",
					"parent": "torso",
					"pivot": [0, 30.75, 0.25],
					"locators": {
						"head": [0, 30.75, 0.25]
					}
				},
				{
					"name": "locator_item_hat",
					"parent": "torso",
					"pivot": [0, 30.75, -0.25],
					"locators": {
						"item_hat": [0, 30.75, -0.25]
					}
				},
				{
					"name": "face",
					"parent": "torso",
					"pivot": [0, 24.5, -6.75]
				},
				{
					"name": "locator_face",
					"parent": "face",
					"pivot": [0, 25.25, -6.75],
					"locators": {
						"face": [0, 25.25, -6.75]
					}
				},
				{
					"name": "locator_item_face",
					"parent": "face",
					"pivot": [0, 25.25, -6.75],
					"locators": {
						"item_face": [0, 25.25, -6.75]
					}
				},
				{
					"name": "eyes",
					"parent": "face",
					"pivot": [0, 25.25, -6.75]
				},
				{
					"name": "eye_lines",
					"parent": "eyes",
					"pivot": [0, 25.25, -6.761]
				},
				{
					"name": "eye_line_left",
					"parent": "eye_lines",
					"pivot": [4.25, 25.5, -6.761],
					"cubes": [
						{"origin": [3.5, 24, -6.761], "size": [1, 2, 0], "inflate": 0.02, "uv": [4, 8]},
						{"origin": [4, 23.5, -6.761], "size": [1, 3, 0], "inflate": 0.01, "uv": [4, 4]}
					]
				},
				{
					"name": "eye_line_right",
					"parent": "eye_lines",
					"pivot": [-4.25, 25.5, -6.761],
					"cubes": [
						{"origin": [-4.5, 24, -6.761], "size": [1, 2, 0], "inflate": 0.02, "uv": [1, 8]},
						{"origin": [-5, 23.5, -6.761], "size": [1, 3, 0], "inflate": 0.01, "uv": [1, 4]}
					]
				},
				{
					"name": "eye_left",
					"parent": "eyes",
					"pivot": [2.25, 25.25, -6.761],
					"cubes": [
						{"origin": [1.75, 24.25, -6.761], "size": [1, 2, 0], "inflate": 0.015, "uv": [4, 1]}
					]
				},
				{
					"name": "locator_eye_left",
					"parent": "eye_left",
					"pivot": [2.25, 25.25, -6.75],
					"locators": {
						"eye2": [2.25, 25.25, -6.75]
					}
				},
				{
					"name": "eyelid_left",
					"parent": "eye_left",
					"pivot": [2.5, 25.25, -6.661],
					"cubes": [
						{"origin": [1.5, 24.25, -6.661], "size": [3, 2, 0], "inflate": 0.02, "uv": [0, 55]}
					]
				},
				{
					"name": "eyelid_expressions_left",
					"parent": "eyes",
					"pivot": [1.75, 25.5, -6.661]
				},
				{
					"name": "eyelid_expressive_left",
					"parent": "eyelid_expressions_left",
					"pivot": [2.25, 26, -6.661],
					"cubes": [
						{"origin": [1.75, 25.5, -6.661], "size": [1, 1, 0], "inflate": 0.02, "uv": [91, 1]}
					]
				},
				{
					"name": "tear_left",
					"parent": "eyelid_expressions_left",
					"pivot": [1.75, 24.25, -6.661],
					"cubes": [
						{"origin": [1.25, 23.75, -6.661], "size": [1, 1, 0], "inflate": 0.02, "uv": [94, 1]}
					]
				},
				{
					"name": "eyelid_happy_left",
					"parent": "eyelid_expressions_left",
					"pivot": [2.25, 25.25, -6.661],
					"cubes": [
						{"origin": [1.75, 25.25, -6.661], "size": [1, 1, 0], "inflate": 0.02, "uv": [98, 5]},
						{"origin": [0.75, 24.5, -6.661], "size": [3, 1, 0], "inflate": 0.015, "uv": [91, 5]}
					]
				},
				{
					"name": "eyelid_hurt_left",
					"parent": "eyelid_expressions_left",
					"pivot": [2.25, 25.25, -6.661],
					"cubes": [
						{"origin": [1.25, 24.5, -6.661], "size": [1, 1, 0], "inflate": 0.02, "uv": [96, 3]},
						{"origin": [1.75, 25, -6.661], "size": [2, 1, 0], "inflate": 0.015, "uv": [91, 3]}
					]
				},
				{
					"name": "eye_right",
					"parent": "eyes",
					"pivot": [-2.25, 25.25, -6.761],
					"cubes": [
						{"origin": [-2.75, 24.25, -6.761], "size": [1, 2, 0], "inflate": 0.015, "uv": [1, 1]}
					]
				},
				{
					"name": "locator_eye_right",
					"parent": "eye_right",
					"pivot": [-2.25, 25.25, -6.75],
					"locators": {
						"eye1": [-2.25, 25.25, -6.75]
					}
				},
				{
					"name": "eyelid_right",
					"parent": "eye_right",
					"pivot": [-2.5, 25.25, -6.661],
					"cubes": [
						{"origin": [-4.5, 24.25, -6.661], "size": [3, 2, 0], "inflate": 0.02, "uv": [0, 52]}
					]
				},
				{
					"name": "eyelid_expressions_right",
					"parent": "eyes",
					"pivot": [-1.75, 25.5, -6.661]
				},
				{
					"name": "eyelid_expressive_right",
					"parent": "eyelid_expressions_right",
					"pivot": [-2.25, 26, -6.661],
					"cubes": [
						{"origin": [-2.75, 25.5, -6.661], "size": [1, 1, 0], "inflate": 0.02, "uv": [81, 1]}
					]
				},
				{
					"name": "tear_right",
					"parent": "eyelid_expressions_right",
					"pivot": [-1.75, 24.25, -6.661],
					"cubes": [
						{"origin": [-2.25, 23.75, -6.661], "size": [1, 1, 0], "inflate": 0.02, "uv": [84, 1]}
					]
				},
				{
					"name": "eyelid_happy_right",
					"parent": "eyelid_expressions_right",
					"pivot": [-2.25, 25.25, -6.661],
					"cubes": [
						{"origin": [-2.75, 25.25, -6.661], "size": [1, 1, 0], "inflate": 0.02, "uv": [88, 5]},
						{"origin": [-3.75, 24.5, -6.661], "size": [3, 1, 0], "inflate": 0.015, "uv": [81, 5]}
					]
				},
				{
					"name": "eyelid_hurt_right",
					"parent": "eyelid_expressions_right",
					"pivot": [-2.25, 25.25, -6.661],
					"cubes": [
						{"origin": [-2.25, 24.5, -6.661], "size": [1, 1, 0], "inflate": 0.02, "uv": [86, 3]},
						{"origin": [-3.75, 25, -6.661], "size": [2, 1, 0], "inflate": 0.015, "uv": [81, 3]}
					]
				},
				{
					"name": "mouths",
					"parent": "face",
					"pivot": [0, 23, -6.761]
				},
				{
					"name": "locator_mouth",
					"parent": "mouths",
					"pivot": [0, 22.75, -6.75],
					"locators": {
						"mouth": [0, 22.75, -6.75],
						"special": [0, 22.75, -6.75]
					}
				},
				{
					"name": "closed_mouth",
					"parent": "mouths",
					"pivot": [0.5, 23, -6.761],
					"cubes": [
						{"origin": [-1.5, 22.25, -6.761], "size": [3, 1, 0], "inflate": 0.01, "uv": [101, 5]},
						{"origin": [-2.5, 22.75, -6.761], "size": [5, 1, 0], "inflate": 0.01, "uv": [101, 1]}
					]
				},
				{
					"name": "frown_closed",
					"parent": "mouths",
					"pivot": [0, 23, -6.661],
					"cubes": [
						{"origin": [-1, 22.75, -6.661], "size": [2, 1, 0], "inflate": 0.01, "uv": [108, 5]},
						{"origin": [-2, 22.25, -6.661], "size": [4, 1, 0], "uv": [101, 3]}
					]
				},
				{
					"name": "frown_open_mouth",
					"parent": "mouths",
					"pivot": [0.15, 23.05, -6.661],
					"cubes": [
						{"origin": [-1.5, 22.75, -6.661], "size": [3, 1, 0], "inflate": 0.002, "uv": [82, 8]},
						{"origin": [-2, 21.75, -6.661], "size": [4, 1, 0], "inflate": 0.005, "uv": [81, 7]},
						{"origin": [-1.5, 21.75, -6.661], "size": [3, 1, 0], "inflate": 0.01, "uv": [82, 9]}
					]
				},
				{
					"name": "open_mouth",
					"parent": "mouths",
					"pivot": [0.2, 23.05, -6.661],
					"cubes": [
						{"origin": [-2, 21.75, -6.661], "size": [4, 1, 0], "inflate": 0.002, "uv": [91, 8]},
						{"origin": [-2.5, 22.75, -6.661], "size": [5, 1, 0], "inflate": 0.005, "uv": [90, 7]}
					]
				},
				{
					"name": "open_large_mouth",
					"parent": "mouths",
					"pivot": [0.2, 23.15, -6.661],
					"cubes": [
						{"origin": [-2.5, 21.75, -6.661], "size": [5, 1, 0], "inflate": 0.002, "uv": [102, 8]},
						{"origin": [-3, 22.75, -6.661], "size": [6, 1, 0], "inflate": 0.005, "uv": [101, 7]}
					]
				},
				{
					"name": "o_mouth",
					"parent": "mouths",
					"pivot": [0, 22.75, -6.661],
					"cubes": [
						{"origin": [-0.5, 21.75, -6.661], "size": [1, 2, 0], "inflate": 0.01, "uv": [114, 7]}
					]
				},
				{
					"name": "wings",
					"parent": "torso",
					"pivot": [0, 16.75, 6]
				},
				{
					"name": "wing_left",
					"parent": "wings",
					"pivot": [2, 16.75, 6.25],
					"cubes": [
						{"origin": [2, 2.75, 6.25], "size": [0, 36, 35], "uv": [0, 93]}
					]
				},
				{
					"name": "locator_wing_left",
					"parent": "wing_left",
					"pivot": [2, 16.75, 11.25],
					"locators": {
						"wing_left": [2, 16.75, 11.25]
					}
				},
				{
					"name": "wing_right",
					"parent": "wings",
					"pivot": [-2, 16.75, 6.25],
					"cubes": [
						{"origin": [-2, 2.75, 6.25], "size": [0, 36, 35], "uv": [0, 93]}
					]
				},
				{
					"name": "locator_wing_right",
					"parent": "wing_right",
					"pivot": [-2, 16.75, 11.25],
					"locators": {
						"wing_right": [-2, 16.75, 11.25]
					}
				},
				{
					"name": "tail",
					"parent": "torso",
					"pivot": [0, 16.75, 6.25],
					"cubes": [
						{"origin": [-1.5, 15.75, 5.25], "size": [3, 5, 5], "uv": [45, 0]}
					]
				},
				{
					"name": "tail2",
					"parent": "tail",
					"pivot": [0, 20.75, 10.25],
					"cubes": [
						{"origin": [-2.5, 9.75, 10.25], "size": [5, 12, 12], "uv": [58, 0]}
					]
				},
				{
					"name": "locator_tail_tip",
					"parent": "tail2",
					"pivot": [0, 14.75, 22.25],
					"locators": {
						"tail_tip": [0, 14.75, 22.25]
					}
				},
				{
					"name": "arms",
					"parent": "torso",
					"pivot": [0, 21.75, -3.25]
				},
				{
					"name": "arm_left",
					"parent": "arms",
					"pivot": [8, 21.75, -3.25],
					"cubes": [
						{"origin": [6, 19.75, -5.25], "size": [5, 4, 4], "inflate": 0.025, "uv": [18, 35]}
					]
				},
				{
					"name": "arm_left2",
					"parent": "arm_left",
					"pivot": [11, 19.75, -1.25],
					"cubes": [
						{"origin": [11, 20.25, -4.75], "size": [4, 3, 3], "inflate": 0.25, "uv": [45, 52]}
					]
				},
				{
					"name": "locator_hand_secondary",
					"parent": "arm_left2",
					"pivot": [13.5, 21.75, -4.25],
					"rotation": [0, -90, 0],
					"locators": {
						"hand_secondary": [13.5, 21.75, -4.25]
					}
				},
				{
					"name": "hand_left",
					"parent": "arm_left2",
					"pivot": [14, 21.75, -4.25]
				},
				{
					"name": "finger_thumb_left",
					"parent": "hand_left",
					"pivot": [13.5, 23.5, -4.15],
					"cubes": [
						{"origin": [13, 22.75, -4.65], "size": [1, 2, 1], "inflate": 0.1, "uv": [32, 36]}
					]
				},
				{
					"name": "fingers_left",
					"parent": "hand_left",
					"pivot": [15, 23, -3.6]
				},
				{
					"name": "finger_top_left",
					"parent": "fingers_left",
					"pivot": [15.25, 22.75, -4.1],
					"cubes": [
						{"origin": [14.5, 22.25, -4.6], "size": [2, 1, 1], "inflate": 0.1, "uv": [15, 43]}
					]
				},
				{
					"name": "finger_bottom_left",
					"parent": "fingers_left",
					"pivot": [15.25, 21, -4.1],
					"cubes": [
						{"origin": [14.5, 20.5, -4.6], "size": [2, 1, 1], "inflate": 0.1, "uv": [15, 45]}
					]
				},
				{
					"name": "arm_right",
					"parent": "arms",
					"pivot": [-8, 21.75, -3.25],
					"cubes": [
						{"origin": [-11, 19.75, -5.25], "size": [5, 4, 4], "inflate": 0.025, "uv": [0, 35]}
					]
				},
				{
					"name": "arm_right2",
					"parent": "arm_right",
					"pivot": [-11, 20, -1.5],
					"cubes": [
						{"origin": [-15, 20.25, -4.75], "size": [4, 3, 3], "inflate": 0.25, "uv": [19, 52]}
					]
				},
				{
					"name": "locator_hand_primary",
					"parent": "arm_right2",
					"pivot": [-13.5, 21.75, -4.25],
					"rotation": [0, 90, 0],
					"locators": {
						"hand_primary": [-13.5, 21.75, -4.25],
						"physical": [-13.5, 21.75, -4.25]
					}
				},
				{
					"name": "hand_right",
					"parent": "arm_right2",
					"pivot": [-13.5, 22, -4.35]
				},
				{
					"name": "locator_item",
					"parent": "hand_right",
					"pivot": [-14.75, 22, -4.75],
					"locators": {
						"item": [-14.75, 22, -4.75]
					}
				},
				{
					"name": "finger_thumb_right",
					"parent": "hand_right",
					"pivot": [-13.5, 23.5, -4.25],
					"cubes": [
						{"origin": [-14, 22.75, -4.75], "size": [1, 2, 1], "inflate": 0.1, "uv": [0, 36]}
					]
				},
				{
					"name": "fingers_right",
					"parent": "hand_right",
					"pivot": [-15, 23, -3.7]
				},
				{
					"name": "finger_top_right",
					"parent": "fingers_right",
					"pivot": [-15.25, 22.75, -4.2],
					"cubes": [
						{"origin": [-16.5, 22.25, -4.75], "size": [2, 1, 1], "inflate": 0.1, "uv": [14, 35]}
					]
				},
				{
					"name": "finger_bottom_right",
					"parent": "fingers_right",
					"pivot": [-15.25, 21, -4.2],
					"cubes": [
						{"origin": [-16.5, 20.5, -4.75], "size": [2, 1, 1], "inflate": 0.1, "uv": [14, 37]}
					]
				},
				{
					"name": "fluff",
					"parent": "torso",
					"pivot": [0, 30.75, 3],
					"rotation": [-15, 0, 0],
					"cubes": [
						{"origin": [-3.5, 27.75, -5], "size": [7, 2, 6], "uv": [36, 32]}
					]
				},
				{
					"name": "fluff2",
					"parent": "fluff",
					"pivot": [0, 28.75, -6],
					"rotation": [15, 0, -10]
				},
				{
					"name": "horns",
					"parent": "torso",
					"pivot": [4.75, 30.25, -3.25]
				},
				{
					"name": "horn_left",
					"parent": "horns",
					"pivot": [4.75, 31.05, -3.25],
					"rotation": [-5.31847, -5.29571, 12.74614],
					"cubes": [
						{"origin": [3.8, 26.05, -3.2], "size": [6, 5, 5], "uv": [80, 24]},
						{"origin": [9.57069, 26.30195, -3.2], "size": [5, 5, 5], "pivot": [12.57069, 28.80195, -0.7], "rotation": [0, 0, -5], "uv": [80, 24]},
						{"origin": [14.86341, 28.5097, -2.7], "size": [5, 3, 4], "inflate": 1, "pivot": [17.36341, 30.0097, -0.7], "rotation": [0, 0, -17.5], "uv": [55, 43]}
					]
				},
				{
					"name": "horn_right",
					"parent": "horns",
					"pivot": [-4.75, 31.15, -3.25],
					"rotation": [-5.31847, 5.29571, -12.74614],
					"cubes": [
						{"origin": [-9.8, 26.15, -3.2], "size": [6, 5, 5], "uv": [58, 24]},
						{"origin": [-14.57069, 26.40195, -3.2], "size": [5, 5, 5], "pivot": [-12.57069, 28.90195, -0.7], "rotation": [0, 0, 5], "uv": [59, 24]},
						{"origin": [-19.86341, 28.6097, -2.7], "size": [5, 3, 4], "inflate": 1, "pivot": [-17.36341, 30.1097, -0.7], "rotation": [0, 0, 17.5], "uv": [58, 36]}
					]
				},
				{
					"name": "legs",
					"parent": "body",
					"pivot": [0, 11, 0]
				},
				{
					"name": "leg_left",
					"parent": "legs",
					"pivot": [4.5, 11, 0],
					"cubes": [
						{"origin": [1.5, 8.5, -3.5], "size": [6, 6, 7], "uv": [26, 51]}
					]
				},
				{
					"name": "leg_left2",
					"parent": "leg_left",
					"pivot": [4.5, 8.5, -2.5],
					"cubes": [
						{"origin": [2, 6, -2.5], "size": [5, 3, 5], "inflate": 0.01, "uv": [20, 43]}
					]
				},
				{
					"name": "locator_foot_secondary",
					"parent": "leg_left2",
					"pivot": [4.5, 6, 0],
					"rotation": [90, 0, 0],
					"locators": {
						"foot_secondary": [4.5, 6, 0]
					}
				},
				{
					"name": "toes_left",
					"parent": "leg_left2",
					"pivot": [4.25, 7, -2.5]
				},
				{
					"name": "toe_inner_left",
					"parent": "toes_left",
					"pivot": [3.5, 6.5, -2.45],
					"cubes": [
						{"origin": [3, 6, -3.35], "size": [1, 1, 1], "uv": [59, 61]}
					]
				},
				{
					"name": "toe_outer_left",
					"parent": "toes_left",
					"pivot": [5.25, 6.5, -2.5],
					"cubes": [
						{"origin": [4.25, 6, -3.25], "size": [2, 1, 1], "uv": [53, 61]}
					]
				},
				{
					"name": "leg_right",
					"parent": "legs",
					"pivot": [-4.5, 11, 0],
					"cubes": [
						{"origin": [-7.5, 8.5, -3.5], "size": [6, 6, 7], "uv": [0, 51]}
					]
				},
				{
					"name": "leg_right2",
					"parent": "leg_right",
					"pivot": [-4.5, 8.5, -2.5],
					"cubes": [
						{"origin": [-7, 6, -2.5], "size": [5, 3, 5], "inflate": 0.01, "uv": [0, 43]}
					]
				},
				{
					"name": "locator_foot_primary",
					"parent": "leg_right2",
					"pivot": [-4.5, 6, 0],
					"rotation": [90, 0, 0],
					"locators": {
						"foot_primary": [-4.5, 6, 0]
					}
				},
				{
					"name": "toes_right",
					"parent": "leg_right2",
					"pivot": [-4.25, 7, -2.5]
				},
				{
					"name": "tie_inner_right",
					"parent": "toes_right",
					"pivot": [-3.5, 6.5, -2.45],
					"cubes": [
						{"origin": [-4, 6, -3.35], "size": [1, 1, 1], "uv": [59, 59]}
					]
				},
				{
					"name": "toe_outer_right",
					"parent": "toes_right",
					"pivot": [-5.25, 6.5, -2.5],
					"cubes": [
						{"origin": [-6.25, 6, -3.25], "size": [2, 1, 1], "uv": [53, 59]}
					]
				}
			]
		}
	]
}