{
  "portraitScale": 1.9,
  "portraitTranslation": [-0.7, 1.7, 0.0],
  "profileScale": 0.5,
  "profileTranslation": [-0.1, 1, 0.0],
  "animations": {
    "cry": "q.bedrock_stateful('chesnaughtmega', 'cry')",
    "recoil": "q.bedrock_stateful('chesnaughtmega', 'battle_idle', q.curve('one'))",
    "physical": "q.bedrock_primary('chesnaughtmega', 'battle_idle', q.curve('symmetrical_wide'))",
    "special": "q.bedrock_primary('chesnaughtmega', 'battle_idle', q.curve('symmetrical_wide'))"
  },
  "poses": {
    "standing": {
      "poseTypes": ["STAND", "NONE", "PORTRAIT", "PROFILE"],
      "isBattle": false,
      "animations": ["q.look('head')", "q.bedrock('chesnaughtmega', 'ground_idle')"]
    },
    "battle-standing": {
      "poseTypes": ["STAND", "FLY", "WALK"],
      "isBattle": true,
      "animations": [
        "q.look('head')",
        "q.bedrock('chesnaughtmega', 'battle_idle')"
      ]
    },
    "walking": {
      "poseTypes": ["WALK"],
      "isBattle": false,
      "animations": ["q.look('head')", "q.bedrock('chesnaughtmega', 'ground_walk')"]
    },
    "sleeping": {
      "poseTypes": ["SLEEP"],
      "animations": ["q.bedrock('chesnaughtmega', 'ground_idle')"]
    }
  }
}