{
    "portraitScale": 1.5,
    "portraitTranslation": [-0.6, 1, 0],
    "profileScale": 0.7,
    "profileTranslation": [-0.3, 0.8, 0],
    "rootBone": "excadrill_mega",
    "poses": {
      "battle-standing": {
        "poseTypes": ["STAND"],
        "isBattle": true,
        "animations": [
          "q.look('head')",
          "q.bedrock('excadrill_mega', 'battle_idle')"
        ]
      },
      "standing": {
        "poseTypes": ["STAND", "NONE", "PORTRAIT", "PROFILE"],
        "animations": [
          "q.look('head')",
          "q.bedrock('excadrill_mega', 'ground_idle')"
        ]
      },
      "walking": {
        "poseTypes": ["WALK"],
        "animations": [
          "q.look('head')",
          "q.bedrock('excadrill_mega', 'ground_walk')"
        ]
      }
    }
   }