{
  "species": "cobblemon:xatu",
  "order": 0,
  "variations": [
    {
      "aspects": [],
      "poser": "cobblemon:xatu",
      "model": "cobblemon:xatu_male.geo",
      "texture": "cobblemon:textures/pokemon/0178_xatu/xatu.png",
      "layers": []
    },
    {
      "aspects": [
        "female"
      ],
      "model": "cobblemon:xatu_female.geo",
      "texture": "cobblemon:textures/pokemon/0178_xatu/xatu_female.png"
    },
    {
      "aspects": [
        "shiny"
      ],
      "texture": "cobblemon:textures/pokemon/0178_xatu/xatu_shiny.png"
    },
    {
      "aspects": [
        "female",
        "shiny"
      ],
      "texture": "cobblemon:textures/pokemon/0178_xatu/xatu_female_shiny.png"
    }
  ]
}