{
    "portraitScale": 1.5,
    "portraitTranslation": [-0.4, 3.2, 0],
    "profileScale": 0.4,
    "profileTranslation": [0, 1.2, 0],
    "rootBone": "froslass_mega",
    "poses": {
       "battle-standing": {
      "poseTypes": ["STAND"],
      "isBattle": true,
      "animations": [
        "q.look('head')",
        "q.bedrock('froslass_mega', 'battle_idle')"
      ]
    },
      "standing": {
        "poseTypes": ["STAND", "NONE", "PORTRAIT", "PROFILE"],
        "animations": [
          "q.look('head')",
          "q.bedrock('froslass_mega', 'ground_idle')"
        ]
      },
    "walking": {
      "poseTypes": ["WALK", "SWIM"],
      "isTouchingWater": false,
      "animations": ["q.look('head')", "q.bedrock('froslass_mega', 'ground_walk')"]
    }
    }
   }