{
  "type": "minecraft:crafting_shaped",
  "key": {
    "#": {
      "item": "minecraft:diamond"
    },
    "b": {
      "item": "minecraft:bell"
    },
    "l": {
      "item": "minecraft:gold_ingot"
    },
    "e": {
      "item": "mega_showdown:mega_stone"
    }
  },
  "pattern": [" b ", "lel", " # "],
  "result": {
    "id": "minecraft:netherite_ingot",
    "components": {
      "mega_showdown:registry_type_component": "mega",
      "mega_showdown:registry_location_component": "mega_showdown:chimechoite",
      "minecraft:custom_model_data": 1164,
      "minecraft:item_name": "{\"extra\":[{\"color\":\"light_purple\",\"italic\":false,\"text\": \"chimechoite\"}], \"italic\":false,\"text\":\"\"}"
    }
  }
}
