{
  "type": "minecraft:crafting_shaped",
  "key": {
    "#": {
      "item": "cobblemon:moon_stone"
    },
    "b": {
      "item": "cobblemon:fairy_gem"
    },
    "l": {
      "item": "minecraft:iron_ingot"
    },
    "e": {
      "item": "mega_showdown:mega_stone"
    }
  },
  "pattern": [" b ", "lel", " # "],
  "result": {
    "id": "minecraft:netherite_ingot",
    "components": {
      "mega_showdown:registry_type_component": "mega",
      "mega_showdown:registry_location_component": "mega_showdown:clefablite",
      "minecraft:custom_model_data": 1146,
      "minecraft:item_name": "{\"extra\":[{\"color\":\"light_purple\",\"italic\":false,\"text\": \"clefablite\"}], \"italic\":false,\"text\":\"\"}"
    }
  }
}
