{
  "type": "minecraft:crafting_shaped",
  "key": {
    "#": {
      "item": "minecraft:magma_cream"
    },
    "l": {
      "item": "cobblemon:terrain_extender"
    },
    "e": {
      "item": "mega_showdown:mega_stone"
    }
  },
  "pattern": [" # ", "lel", " # "],
  "result": {
    "id": "minecraft:netherite_ingot",
    "components": {
      "mega_showdown:registry_type_component": "mega",
"mega_showdown:registry_location_component": "mega_showdown:delphoxite",
      "minecraft:custom_model_data": 1170,
      "minecraft:item_name": "{\"extra\":[{\"color\":\"light_purple\",\"italic\":false,\"text\": \"delphoxite\"}], \"italic\":false,\"text\":\"\"}"
    }
  }
}
