{
  "type": "minecraft:crafting_shaped",
  "key": {
    "#": {
      "item": "minecraft:gold_ingot"
    },
    "l": {
      "item": "cobblemon:punching_glove"
    },
    "e": {
      "item": "mega_showdown:mega_stone"
    }
  },
  "pattern": [" # ", "lel", " # "],
  "result": {
    "id": "minecraft:netherite_ingot",
    "components": {
      "mega_showdown:registry_type_component": "mega",
"mega_showdown:registry_location_component": "mega_showdown:hawluchanite",
      "minecraft:custom_model_data": 1167,
      "minecraft:item_name": "{\"extra\":[{\"color\":\"light_purple\",\"italic\":false,\"text\": \"hawluchanite\"}], \"italic\":false,\"text\":\"\"}"
    }
  }
}
