{
  "type": "minecraft:crafting_shaped",
  "key": {
    "#": {
      "item": "minecraft:clock"
    },
    "l": {
      "item": "cobblemon:twisted_spoon"
    },
    "e": {
      "item": "mega_showdown:mega_stone"
    }
  },
  "pattern": [" # ", "lel", " # "],
  "result": {
    "id": "minecraft:netherite_ingot",
    "components": {
      "mega_showdown:registry_type_component": "mega",
"mega_showdown:registry_location_component": "mega_showdown:malamarite",
      "minecraft:custom_model_data": 1173,
      "minecraft:item_name": "{\"extra\":[{\"color\":\"light_purple\",\"italic\":false,\"text\": \"malamarite\"}], \"italic\":false,\"text\":\"\"}"
    }
  }
}
