{
  "type": "minecraft:crafting_shaped",
  "key": {
    "#": {
      "item": "minecraft:diamond"
    },
    "b": {
      "item": "cobblemon:grass_gem"
    },
    "l": {
      "item": "minecraft:flowering_azalea"
    },
    "e": {
      "item": "mega_showdown:mega_stone"
    }
  },
  "pattern": [" b ", "lel", " # "],
  "result": {
    "id": "minecraft:netherite_ingot",
    "components": {
      "mega_showdown:registry_type_component": "mega",
"mega_showdown:registry_location_component": "mega_showdown:meganiumite",
      "minecraft:custom_model_data": 1148,
      "minecraft:item_name": "{\"extra\":[{\"color\":\"light_purple\",\"italic\":false,\"text\": \"meganiumite\"}], \"italic\":false,\"text\":\"\"}"
    }
  }
}
