{
  "type": "minecraft:crafting_shaped",
  "key": {
    "#": {
      "item": "minecraft:lightning_rod"
    },
    "l": {
      "item": "cobblemon:choice_specs"
    },
    "e": {
      "item": "mega_showdown:mega_stone"
    }
  },
  "pattern": [" # ", "lel", " # "],
  "result": {
    "id": "minecraft:netherite_scrap",
    "components": {
      "mega_showdown:registry_type_component": "mega",
"mega_showdown:registry_location_component": "mega_showdown:raichunitey",
      "minecraft:custom_model_data": 1168,
      "minecraft:item_name": "{\"extra\":[{\"color\":\"light_purple\",\"italic\":false,\"text\": \"raichunite Y\"}], \"italic\":false,\"text\":\"\"}"
    }
  }
}
