{
  "type": "minecraft:crafting_shaped",
  "key": {
    "#": {
      "item": "minecraft:diamond"
    },
    "b": {
      "item": "minecraft:leather"
    },
    "l": {
      "item": "minecraft:iron_ingot"
    },
    "e": {
      "item": "mega_showdown:mega_stone"
    }
  },
  "pattern": [" b ", "lel", " # "],
  "result": {
    "id": "minecraft:netherite_ingot",
    "components": {
      "mega_showdown:registry_type_component": "mega",
"mega_showdown:registry_location_component": "mega_showdown:scraftinite",
      "minecraft:custom_model_data": 1152,
      "minecraft:item_name": "{\"extra\":[{\"color\":\"light_purple\",\"italic\":false,\"text\": \"scraftinite\"}], \"italic\":false,\"text\":\"\"}"
    }
  }
}
