{
  "type": "minecraft:crafting_shaped",
  "category": "misc",
  "pattern": [" b ", "lel", " # "],
  "key": {
    "#": { "item": "minecraft:diamond" },
    "b": { "item": "minecraft:nether_star" },
    "l": { "item": "minecraft:netherite_ingot" },
    "e": { "item": "mega_showdown:mega_stone" }
  },
  "result": {
    "id": "minecraft:netherite_ingot",
    "count": 1,
    "components": {
      "mega_showdown:registry_type_component": "mega",
"mega_showdown:registry_location_component": "mega_showdown:zygardite",
      "minecraft:custom_model_data": 1160,
      "minecraft:item_name": "{\"extra\":[{\"color\":\"light_purple\",\"italic\":false,\"text\": \"zygardite\"}], \"italic\":false,\"text\":\"\"}"
    }
  }
}
