{
  "species": "cobblemon:dubwool",
  "order": 0,
  "variations": [
    {
      "aspects": [],
      "poser": "cobblemon:dubwool",
      "model": "cobblemon:dubwool.geo",
      "texture": "cobblemon:textures/pokemon/0832_dubwool/dubwool.png",
      "layers": []
    },
    {
      "aspects": [
        "shiny"
      ],
      "texture": "cobblemon:textures/pokemon/0832_dubwool/dubwool_shiny.png"
    },
    {
      "aspects": [
        "color-black"
      ],
      "texture": "cobblemon:textures/pokemon/0832_dubwool/dubwool_black.png",
      "layers": [
        {
          "name": "color",
          "texture": "cobblemon:textures/pokemon/0832_dubwool/dubwool_wool_black.png",
          "emissive": false
        }
      ]
    },
    {
      "aspects": [
        "color-blue"
      ],
      "texture": "cobblemon:textures/pokemon/0832_dubwool/dubwool_blue.png",
      "layers": [
        {
          "name": "color",
          "texture": "cobblemon:textures/pokemon/0832_dubwool/dubwool_wool_blue.png",
          "emissive": false
        }
      ]
    },
    {
      "aspects": [
        "color-brown"
      ],
      "texture": "cobblemon:textures/pokemon/0832_dubwool/dubwool_brown.png",
      "layers": [
        {
          "name": "color",
          "texture": "cobblemon:textures/pokemon/0832_dubwool/dubwool_wool_brown.png",
          "emissive": false
        }
      ]
    },
    {
      "aspects": [
        "color-cyan"
      ],
      "texture": "cobblemon:textures/pokemon/0832_dubwool/dubwool_cyan.png",
      "layers": [
        {
          "name": "color",
          "texture": "cobblemon:textures/pokemon/0832_dubwool/dubwool_wool_cyan.png",
          "emissive": false
        }
      ]
    },
    {
      "aspects": [
        "color-gray"
      ],
      "texture": "cobblemon:textures/pokemon/0832_dubwool/dubwool_gray.png",
      "layers": [
        {
          "name": "color",
          "texture": "cobblemon:textures/pokemon/0832_dubwool/dubwool_wool_gray.png",
          "emissive": false
        }
      ]
    },
    {
      "aspects": [
        "color-green"
      ],
      "texture": "cobblemon:textures/pokemon/0832_dubwool/dubwool_green.png",
      "layers": [
        {
          "name": "color",
          "texture": "cobblemon:textures/pokemon/0832_dubwool/dubwool_wool_green.png",
          "emissive": false
        }
      ]
    },
    {
      "aspects": [
        "color-light_blue"
      ],
      "texture": "cobblemon:textures/pokemon/0832_dubwool/dubwool_light_blue.png",
      "layers": [
        {
          "name": "color",
          "texture": "cobblemon:textures/pokemon/0832_dubwool/dubwool_wool_light_blue.png",
          "emissive": false
        }
      ]
    },
    {
      "aspects": [
        "color-light_gray"
      ],
      "texture": "cobblemon:textures/pokemon/0832_dubwool/dubwool_light_gray.png",
      "layers": [
        {
          "name": "color",
          "texture": "cobblemon:textures/pokemon/0832_dubwool/dubwool_wool_light_gray.png",
          "emissive": false
        }
      ]
    },
    {
      "aspects": [
        "color-lime"
      ],
      "texture": "cobblemon:textures/pokemon/0832_dubwool/dubwool_lime.png",
      "layers": [
        {
          "name": "color",
          "texture": "cobblemon:textures/pokemon/0832_dubwool/dubwool_wool_lime.png",
          "emissive": false
        }
      ]
    },
    {
      "aspects": [
        "color-magenta"
      ],
      "texture": "cobblemon:textures/pokemon/0832_dubwool/dubwool_magenta.png",
      "layers": [
        {
          "name": "color",
          "texture": "cobblemon:textures/pokemon/0832_dubwool/dubwool_wool_magenta.png",
          "emissive": false
        }
      ]
    },
    {
      "aspects": [
        "color-orange"
      ],
      "texture": "cobblemon:textures/pokemon/0832_dubwool/dubwool_orange.png",
      "layers": [
        {
          "name": "color",
          "texture": "cobblemon:textures/pokemon/0832_dubwool/dubwool_wool_orange.png",
          "emissive": false
        }
      ]
    },
    {
      "aspects": [
        "color-pink"
      ],
      "texture": "cobblemon:textures/pokemon/0832_dubwool/dubwool_pink.png",
      "layers": [
        {
          "name": "color",
          "texture": "cobblemon:textures/pokemon/0832_dubwool/dubwool_wool_pink.png",
          "emissive": false
        }
      ]
    },
    {
      "aspects": [
        "color-purple"
      ],
      "texture": "cobblemon:textures/pokemon/0832_dubwool/dubwool_purple.png",
      "layers": [
        {
          "name": "color",
          "texture": "cobblemon:textures/pokemon/0832_dubwool/dubwool_wool_purple.png",
          "emissive": false
        }
      ]
    },
    {
      "aspects": [
        "color-red"
      ],
      "texture": "cobblemon:textures/pokemon/0832_dubwool/dubwool_red.png",
      "layers": [
        {
          "name": "color",
          "texture": "cobblemon:textures/pokemon/0832_dubwool/dubwool_wool_red.png",
          "emissive": false
        }
      ]
    },
    {
      "aspects": [
        "color-white"
      ],
      "texture": "cobblemon:textures/pokemon/0832_dubwool/dubwool_white.png",
      "layers": [
        {
          "name": "color",
          "texture": "cobblemon:textures/pokemon/0832_dubwool/dubwool_wool_white.png",
          "emissive": false
        }
      ]
    },
    {
      "aspects": [
        "color-yellow"
      ],
      "texture": "cobblemon:textures/pokemon/0832_dubwool/dubwool_yellow.png",
      "layers": [
        {
          "name": "color",
          "texture": "cobblemon:textures/pokemon/0832_dubwool/dubwool_wool_yellow.png",
          "emissive": false
        }
      ]
    },
    {
      "aspects": [
        "color-black",
        "shiny"
      ],
      "texture": "cobblemon:textures/pokemon/0832_dubwool/dubwool_black_shiny.png",
      "layers": [
        {
          "name": "color",
          "texture": "cobblemon:textures/pokemon/0832_dubwool/dubwool_wool_black_shiny.png",
          "emissive": false
        }
      ]
    },
    {
      "aspects": [
        "color-blue",
        "shiny"
      ],
      "texture": "cobblemon:textures/pokemon/0832_dubwool/dubwool_blue_shiny.png",
      "layers": [
        {
          "name": "color",
          "texture": "cobblemon:textures/pokemon/0832_dubwool/dubwool_wool_blue_shiny.png",
          "emissive": false
        }
      ]
    },
    {
      "aspects": [
        "color-brown",
        "shiny"
      ],
      "texture": "cobblemon:textures/pokemon/0832_dubwool/dubwool_brown_shiny.png",
      "layers": [
        {
          "name": "color",
          "texture": "cobblemon:textures/pokemon/0832_dubwool/dubwool_wool_brown_shiny.png",
          "emissive": false
        }
      ]
    },
    {
      "aspects": [
        "color-cyan",
        "shiny"
      ],
      "texture": "cobblemon:textures/pokemon/0832_dubwool/dubwool_cyan_shiny.png",
      "layers": [
        {
          "name": "color",
          "texture": "cobblemon:textures/pokemon/0832_dubwool/dubwool_wool_cyan_shiny.png",
          "emissive": false
        }
      ]
    },
    {
      "aspects": [
        "color-gray",
        "shiny"
      ],
      "texture": "cobblemon:textures/pokemon/0832_dubwool/dubwool_gray_shiny.png",
      "layers": [
        {
          "name": "color",
          "texture": "cobblemon:textures/pokemon/0832_dubwool/dubwool_wool_gray_shiny.png",
          "emissive": false
        }
      ]
    },
    {
      "aspects": [
        "color-green",
        "shiny"
      ],
      "texture": "cobblemon:textures/pokemon/0832_dubwool/dubwool_green_shiny.png",
      "layers": [
        {
          "name": "color",
          "texture": "cobblemon:textures/pokemon/0832_dubwool/dubwool_wool_green_shiny.png",
          "emissive": false
        }
      ]
    },
    {
      "aspects": [
        "color-light_blue",
        "shiny"
      ],
      "texture": "cobblemon:textures/pokemon/0832_dubwool/dubwool_light_blue_shiny.png",
      "layers": [
        {
          "name": "color",
          "texture": "cobblemon:textures/pokemon/0832_dubwool/dubwool_wool_light_blue_shiny.png",
          "emissive": false
        }
      ]
    },
    {
      "aspects": [
        "color-light_gray",
        "shiny"
      ],
      "texture": "cobblemon:textures/pokemon/0832_dubwool/dubwool_light_gray_shiny.png",
      "layers": [
        {
          "name": "color",
          "texture": "cobblemon:textures/pokemon/0832_dubwool/dubwool_wool_light_gray_shiny.png",
          "emissive": false
        }
      ]
    },
    {
      "aspects": [
        "color-lime",
        "shiny"
      ],
      "texture": "cobblemon:textures/pokemon/0832_dubwool/dubwool_lime_shiny.png",
      "layers": [
        {
          "name": "color",
          "texture": "cobblemon:textures/pokemon/0832_dubwool/dubwool_wool_lime_shiny.png",
          "emissive": false
        }
      ]
    },
    {
      "aspects": [
        "color-magenta",
        "shiny"
      ],
      "texture": "cobblemon:textures/pokemon/0832_dubwool/dubwool_magenta_shiny.png",
      "layers": [
        {
          "name": "color",
          "texture": "cobblemon:textures/pokemon/0832_dubwool/dubwool_wool_magenta_shiny.png",
          "emissive": false
        }
      ]
    },
    {
      "aspects": [
        "color-orange",
        "shiny"
      ],
      "texture": "cobblemon:textures/pokemon/0832_dubwool/dubwool_orange_shiny.png",
      "layers": [
        {
          "name": "color",
          "texture": "cobblemon:textures/pokemon/0832_dubwool/dubwool_wool_orange_shiny.png",
          "emissive": false
        }
      ]
    },
    {
      "aspects": [
        "color-pink",
        "shiny"
      ],
      "texture": "cobblemon:textures/pokemon/0832_dubwool/dubwool_pink_shiny.png",
      "layers": [
        {
          "name": "color",
          "texture": "cobblemon:textures/pokemon/0832_dubwool/dubwool_wool_pink_shiny.png",
          "emissive": false
        }
      ]
    },
    {
      "aspects": [
        "color-purple",
        "shiny"
      ],
      "texture": "cobblemon:textures/pokemon/0832_dubwool/dubwool_purple_shiny.png",
      "layers": [
        {
          "name": "color",
          "texture": "cobblemon:textures/pokemon/0832_dubwool/dubwool_wool_purple_shiny.png",
          "emissive": false
        }
      ]
    },
    {
      "aspects": [
        "color-red",
        "shiny"
      ],
      "texture": "cobblemon:textures/pokemon/0832_dubwool/dubwool_red_shiny.png",
      "layers": [
        {
          "name": "color",
          "texture": "cobblemon:textures/pokemon/0832_dubwool/dubwool_wool_red_shiny.png",
          "emissive": false
        }
      ]
    },
    {
      "aspects": [
        "color-white",
        "shiny"
      ],
      "texture": "cobblemon:textures/pokemon/0832_dubwool/dubwool_white_shiny.png",
      "layers": [
        {
          "name": "color",
          "texture": "cobblemon:textures/pokemon/0832_dubwool/dubwool_wool_white_shiny.png",
          "emissive": false
        }
      ]
    },
    {
      "aspects": [
        "color-yellow",
        "shiny"
      ],
      "texture": "cobblemon:textures/pokemon/0832_dubwool/dubwool_yellow_shiny.png",
      "layers": [
        {
          "name": "color",
          "texture": "cobblemon:textures/pokemon/0832_dubwool/dubwool_wool_yellow_shiny.png",
          "emissive": false
        }
      ]
    }
  ]
}