{
	"format_version": "1.12.0",
	"minecraft:geometry": [
		{
			"description": {
				"identifier": "geometry.chandelure",
				"texture_width": 128,
				"texture_height": 128,
				"visible_bounds_width": 8,
				"visible_bounds_height": 8,
				"visible_bounds_offset": [0, 3, 0]
			},
			"bones": [
				{
					"name": "chandelure",
					"pivot": [0, 0, 0]
				},
				{
					"name": "body",
					"parent": "chandelure",
					"pivot": [0, 30, 0]
				},
				{
					"name": "bone10",
					"parent": "body",
					"pivot": [0, -5, 0]
				},
				{
					"name": "swing",
					"parent": "bone10",
					"pivot": [0, 78, 0],
					"cubes": [
						{"origin": [-2, 22.5, -2], "size": [4, 3, 4], "uv": [42, 28]},
						{"origin": [-5, 31.51, -5], "size": [10, 2, 10], "uv": [2, 22]}
					]
				},
				{
					"name": "bone8",
					"parent": "swing",
					"pivot": [0, 26, 0],
					"cubes": [
						{"origin": [-2, 28.5, -2], "size": [4, 3, 4], "uv": [42, 28]},
						{"origin": [-2, 25.5, -2], "size": [4, 3, 4], "uv": [42, 28]}
					]
				},
				{
					"name": "bone7",
					"parent": "swing",
					"pivot": [0, 17, 0],
					"cubes": [
						{"origin": [-2, 19.5, -2], "size": [4, 3, 4], "uv": [42, 28]},
						{"origin": [-1, 17, -1], "size": [2, 3, 2], "inflate": 0.1, "uv": [40, 43]}
					]
				},
				{
					"name": "bone9",
					"parent": "bone7",
					"pivot": [-0.7, 13, 0],
					"cubes": [
						{"origin": [-2.1, 3, -1], "size": [1, 10, 2], "inflate": 0.1, "pivot": [-1.1, 11, 0], "rotation": [0, 0, -10], "uv": [46, 29]},
						{"origin": [0.9, 3, -1], "size": [1, 10, 2], "inflate": 0.1, "pivot": [1.9, 11, 0], "rotation": [0, 0, 10], "uv": [46, 29]},
						{"origin": [-1.9, 2.7, -1], "size": [2, 2, 2], "inflate": 0.2, "pivot": [-0.9, 2.7, 0], "rotation": [0, 0, 45], "uv": [40, 43]},
						{"origin": [-1.1, 3, -2.75], "size": [1, 10, 2], "inflate": 0.1, "pivot": [-0.1, 11, -1.75], "rotation": [90, 80, 90], "uv": [46, 29]},
						{"origin": [-1.1, -2.75, -0.25], "size": [1, 10, 2], "inflate": 0.1, "pivot": [-0.1, 5.25, 0.75], "rotation": [90, -80, 90], "uv": [46, 29]},
						{"origin": [-1.7, 13, -1], "size": [2, 2, 2], "inflate": 0.1, "pivot": [-0.7, 13, 0], "rotation": [0, 0, 45], "uv": [40, 43]}
					]
				},
				{
					"name": "arms",
					"parent": "swing",
					"pivot": [0, 30.25, 0]
				},
				{
					"name": "arm_left",
					"parent": "arms",
					"pivot": [2, 30.25, 0],
					"rotation": [0, 30, 0],
					"cubes": [
						{"origin": [1.5, 29.75, -0.5], "size": [9, 1, 1], "uv": [0, 34]}
					]
				},
				{
					"name": "arm_left2",
					"parent": "arm_left",
					"pivot": [9.5, 30.25, 0],
					"cubes": [
						{"origin": [9, 29.25, -1], "size": [9, 2, 2], "inflate": -0.15, "uv": [20, 34]}
					]
				},
				{
					"name": "arm_left3",
					"parent": "arm_left2",
					"pivot": [17.5, 30.25, 0],
					"cubes": [
						{"origin": [17, 29.25, -1], "size": [8, 2, 2], "uv": [0, 38]}
					]
				},
				{
					"name": "candle_front_left",
					"parent": "arm_left3",
					"pivot": [19, 30.25, -1],
					"cubes": [
						{"origin": [18.5, 30.25, -1.5], "size": [4, 0, 1], "uv": [57, 44]}
					]
				},
				{
					"name": "candle_front_left2",
					"parent": "candle_front_left",
					"pivot": [22.5, 30.25, -1],
					"cubes": [
						{"origin": [22, 30.25, -1.5], "size": [4, 0, 1], "inflate": 0.005, "uv": [76, 28]}
					]
				},
				{
					"name": "candle_front_left3",
					"parent": "candle_front_left2",
					"pivot": [26, 30.25, -1],
					"rotation": [0, 0, -0.00001],
					"cubes": [
						{"origin": [25.5, 30.25, -1.5], "size": [4, 0, 1], "inflate": 0.01, "uv": [-1, 62]}
					]
				},
				{
					"name": "candle_front_left4",
					"parent": "candle_front_left3",
					"pivot": [29.5, 30.25, -1],
					"rotation": [0, 0, -0.00001],
					"cubes": [
						{"origin": [29, 27.75, -3.5], "size": [6, 5, 5], "uv": [0, 42]}
					]
				},
				{
					"name": "flame_front_left",
					"parent": "candle_front_left4",
					"pivot": [34.5, 30.75, -1],
					"rotation": [0, 0, -0.00001],
					"cubes": [
						{"origin": [34, 28.25, -3], "size": [5, 4, 4], "uv": [44, 44]}
					]
				},
				{
					"name": "flame_front_left2",
					"parent": "flame_front_left",
					"pivot": [39, 30.25, -1],
					"rotation": [0, 0, -0.00001],
					"cubes": [
						{"origin": [38.5, 28.75, -2.5], "size": [4, 3, 3], "inflate": -0.1, "uv": [77, 39]}
					]
				},
				{
					"name": "flame_front_left3",
					"parent": "flame_front_left2",
					"pivot": [42.5, 30.25, -1],
					"rotation": [0, 0, -0.00001],
					"cubes": [
						{"origin": [42, 29.25, -1], "size": [4, 2, 0], "uv": [17, 43]}
					]
				},
				{
					"name": "arm_left4",
					"parent": "arm_left3",
					"pivot": [25, 30.25, 0],
					"cubes": [
						{"origin": [24, 29.25, -1], "size": [8, 2, 2], "inflate": 0.1, "uv": [42, 35]}
					]
				},
				{
					"name": "arm_left5",
					"parent": "arm_left4",
					"pivot": [32, 30.25, 0],
					"cubes": [
						{"origin": [31, 29.25, -1], "size": [7, 2, 2], "inflate": 0.05, "uv": [40, 39]}
					]
				},
				{
					"name": "arm_left6",
					"parent": "arm_left5",
					"pivot": [38, 30.25, 0],
					"cubes": [
						{"origin": [37, 29.25, -1], "size": [7, 2, 2], "uv": [58, 40]}
					]
				},
				{
					"name": "arm_left7",
					"parent": "arm_left6",
					"pivot": [44, 30.25, 0],
					"cubes": [
						{"origin": [43.5, 29.75, -0.5], "size": [6, 1, 1], "uv": [32, 28]}
					]
				},
				{
					"name": "arm_left8",
					"parent": "arms",
					"pivot": [2, 30.25, 0],
					"rotation": [0, -37.5, 0],
					"cubes": [
						{"origin": [1.5, 29.75, -0.5], "size": [9, 1, 1], "uv": [0, 34]}
					]
				},
				{
					"name": "arm_left9",
					"parent": "arm_left8",
					"pivot": [9.5, 30.25, 0],
					"cubes": [
						{"origin": [9, 29.25, -1], "size": [9, 2, 2], "inflate": -0.15, "uv": [20, 34]}
					]
				},
				{
					"name": "arm_left10",
					"parent": "arm_left9",
					"pivot": [17.5, 30.25, 0],
					"cubes": [
						{"origin": [17, 29.25, -1], "size": [8, 2, 2], "uv": [0, 38]}
					]
				},
				{
					"name": "candle_back_left5",
					"parent": "arm_left10",
					"pivot": [19, 30.25, 1],
					"cubes": [
						{"origin": [18.5, 30.25, 0.5], "size": [4, 0, 1], "uv": [57, 46]}
					]
				},
				{
					"name": "candle_back_left6",
					"parent": "candle_back_left5",
					"pivot": [22.5, 30.25, 1],
					"cubes": [
						{"origin": [22, 30.25, 0.5], "size": [4, 0, 1], "inflate": 0.005, "uv": [79, 34]}
					]
				},
				{
					"name": "candle_back_left7",
					"parent": "candle_back_left6",
					"pivot": [26, 30.25, 1],
					"rotation": [0, 0, -0.00001],
					"cubes": [
						{"origin": [25.5, 30.25, 0.5], "size": [4, 0, 1], "inflate": 0.01, "uv": [7, 62]}
					]
				},
				{
					"name": "candle_back_left8",
					"parent": "candle_back_left7",
					"pivot": [29.5, 30.25, 1],
					"rotation": [0, 0, -0.00001],
					"cubes": [
						{"origin": [29, 27.75, -1.5], "size": [6, 5, 5], "uv": [22, 43]}
					]
				},
				{
					"name": "flame_back_left4",
					"parent": "candle_back_left8",
					"pivot": [34.5, 30.75, 1],
					"rotation": [0, 0, -0.00001],
					"cubes": [
						{"origin": [34, 28.25, -1], "size": [5, 4, 4], "uv": [62, 44]}
					]
				},
				{
					"name": "flame_back_left5",
					"parent": "flame_back_left4",
					"pivot": [39, 30.25, 1],
					"rotation": [0, 0, -0.00001],
					"cubes": [
						{"origin": [38.5, 28.75, -0.5], "size": [4, 3, 3], "inflate": -0.1, "uv": [93, 36]}
					]
				},
				{
					"name": "flame_back_left6",
					"parent": "flame_back_left5",
					"pivot": [42.5, 30.25, 1],
					"rotation": [0, 0, -0.00001],
					"cubes": [
						{"origin": [42, 29.25, 1], "size": [4, 2, 0], "uv": [17, 53]}
					]
				},
				{
					"name": "arm_left11",
					"parent": "arm_left10",
					"pivot": [25, 30.25, 0],
					"cubes": [
						{"origin": [24, 29.25, -1], "size": [8, 2, 2], "inflate": 0.1, "uv": [42, 35]}
					]
				},
				{
					"name": "arm_left12",
					"parent": "arm_left11",
					"pivot": [32, 30.25, 0],
					"cubes": [
						{"origin": [31, 29.25, -1], "size": [7, 2, 2], "inflate": 0.05, "uv": [40, 39]}
					]
				},
				{
					"name": "arm_left13",
					"parent": "arm_left12",
					"pivot": [38, 30.25, 0],
					"cubes": [
						{"origin": [37, 29.25, -1], "size": [7, 2, 2], "uv": [58, 40]}
					]
				},
				{
					"name": "arm_left14",
					"parent": "arm_left13",
					"pivot": [44, 30.25, 0],
					"cubes": [
						{"origin": [43.5, 29.75, -0.5], "size": [6, 1, 1], "uv": [32, 28]}
					]
				},
				{
					"name": "arm_right",
					"parent": "arms",
					"pivot": [-2, 30.25, 0],
					"rotation": [0, -30, 0],
					"cubes": [
						{"origin": [-10.5, 29.75, -0.5], "size": [9, 1, 1], "uv": [0, 36], "mirror": true}
					]
				},
				{
					"name": "arm_right2",
					"parent": "arm_right",
					"pivot": [-9.5, 30.25, 0],
					"cubes": [
						{"origin": [-18, 29.25, -1], "size": [9, 2, 2], "inflate": -0.15, "uv": [54, 28], "mirror": true}
					]
				},
				{
					"name": "arm_right3",
					"parent": "arm_right2",
					"pivot": [-17.5, 30.25, 0],
					"cubes": [
						{"origin": [-25, 29.25, -1], "size": [8, 2, 2], "uv": [20, 38], "mirror": true}
					]
				},
				{
					"name": "candle_front_right",
					"parent": "arm_right3",
					"pivot": [-19, 30.25, -1],
					"cubes": [
						{"origin": [-22.5, 30.25, -1.5], "size": [4, 0, 1], "uv": [57, 45], "mirror": true}
					]
				},
				{
					"name": "candle_front_right2",
					"parent": "candle_front_right",
					"pivot": [-22.5, 30.25, -1],
					"cubes": [
						{"origin": [-26, 30.25, -1.5], "size": [4, 0, 1], "inflate": 0.005, "uv": [76, 29], "mirror": true}
					]
				},
				{
					"name": "candle_front_right3",
					"parent": "candle_front_right2",
					"pivot": [-26, 30.25, -1],
					"rotation": [0, 0, 0.00001],
					"cubes": [
						{"origin": [-29.5, 30.25, -1.5], "size": [4, 0, 1], "inflate": 0.01, "uv": [-1, 63], "mirror": true}
					]
				},
				{
					"name": "candle_front_right4",
					"parent": "candle_front_right3",
					"pivot": [-29.5, 30.25, -1],
					"rotation": [0, 0, 0.00001],
					"cubes": [
						{"origin": [-35, 27.75, -3.5], "size": [6, 5, 5], "uv": [0, 52], "mirror": true}
					]
				},
				{
					"name": "flame_front_right",
					"parent": "candle_front_right4",
					"pivot": [-34.5, 30.75, -1],
					"rotation": [0, 0, 0.00001],
					"cubes": [
						{"origin": [-39, 28.25, -3], "size": [5, 4, 4], "uv": [76, 64], "mirror": true}
					]
				},
				{
					"name": "flame_front_right2",
					"parent": "flame_front_right",
					"pivot": [-39, 30.25, -1],
					"rotation": [0, 0, 0.00001],
					"cubes": [
						{"origin": [-42.5, 28.75, -2.5], "size": [4, 3, 3], "inflate": -0.1, "uv": [80, 45], "mirror": true}
					]
				},
				{
					"name": "flame_front_right3",
					"parent": "flame_front_right2",
					"pivot": [-42.5, 30.25, -1],
					"rotation": [0, 0, 0.00001],
					"cubes": [
						{"origin": [-46, 29.25, -1], "size": [4, 2, 0], "uv": [17, 45], "mirror": true}
					]
				},
				{
					"name": "arm_right4",
					"parent": "arm_right3",
					"pivot": [-25, 30.25, 0],
					"cubes": [
						{"origin": [-32, 29.25, -1], "size": [8, 2, 2], "inflate": 0.1, "uv": [60, 32], "mirror": true}
					]
				},
				{
					"name": "arm_right5",
					"parent": "arm_right4",
					"pivot": [-32, 30.25, 0],
					"cubes": [
						{"origin": [-38, 29.25, -1], "size": [7, 2, 2], "inflate": 0.05, "uv": [62, 36], "mirror": true}
					]
				},
				{
					"name": "arm_right6",
					"parent": "arm_right5",
					"pivot": [-38, 30.25, 0],
					"cubes": [
						{"origin": [-44, 29.25, -1], "size": [7, 2, 2], "uv": [60, 52], "mirror": true}
					]
				},
				{
					"name": "arm_right7",
					"parent": "arm_right6",
					"pivot": [-44, 30.25, 0],
					"cubes": [
						{"origin": [-49.5, 29.75, -0.5], "size": [6, 1, 1], "uv": [32, 30], "mirror": true}
					]
				},
				{
					"name": "arm_right8",
					"parent": "arms",
					"pivot": [-2, 30.25, 0],
					"rotation": [0, 37.5, 0],
					"cubes": [
						{"origin": [-10.5, 29.75, -0.5], "size": [9, 1, 1], "uv": [0, 36], "mirror": true}
					]
				},
				{
					"name": "arm_right9",
					"parent": "arm_right8",
					"pivot": [-9.5, 30.25, 0],
					"cubes": [
						{"origin": [-18, 29.25, -1], "size": [9, 2, 2], "inflate": -0.15, "uv": [54, 28], "mirror": true}
					]
				},
				{
					"name": "arm_right10",
					"parent": "arm_right9",
					"pivot": [-17.5, 30.25, 0],
					"cubes": [
						{"origin": [-25, 29.25, -1], "size": [8, 2, 2], "uv": [20, 38], "mirror": true}
					]
				},
				{
					"name": "candle_back_right5",
					"parent": "arm_right10",
					"pivot": [-19, 30.25, 1],
					"cubes": [
						{"origin": [-22.5, 30.25, 0.5], "size": [4, 0, 1], "uv": [57, 47], "mirror": true}
					]
				},
				{
					"name": "candle_back_right6",
					"parent": "candle_back_right5",
					"pivot": [-22.5, 30.25, 1],
					"cubes": [
						{"origin": [-26, 30.25, 0.5], "size": [4, 0, 1], "inflate": 0.005, "uv": [79, 35], "mirror": true}
					]
				},
				{
					"name": "candle_back_right7",
					"parent": "candle_back_right6",
					"pivot": [-26, 30.25, 1],
					"rotation": [0, 0, 0.00001],
					"cubes": [
						{"origin": [-29.5, 30.25, 0.5], "size": [4, 0, 1], "inflate": 0.01, "uv": [7, 63], "mirror": true}
					]
				},
				{
					"name": "candle_back_right8",
					"parent": "candle_back_right7",
					"pivot": [-29.5, 30.25, 1],
					"rotation": [0, 0, 0.00001],
					"cubes": [
						{"origin": [-35, 27.75, -1.5], "size": [6, 5, 5], "uv": [0, 81], "mirror": true}
					]
				},
				{
					"name": "flame_back_right4",
					"parent": "candle_back_right8",
					"pivot": [-34.5, 30.75, 1],
					"rotation": [0, 0, 0.00001],
					"cubes": [
						{"origin": [-39, 28.25, -1], "size": [5, 4, 4], "uv": [60, 56], "mirror": true}
					]
				},
				{
					"name": "flame_back_right5",
					"parent": "flame_back_right4",
					"pivot": [-39, 30.25, 1],
					"rotation": [0, 0, 0.00001],
					"cubes": [
						{"origin": [-42.5, 28.75, -0.5], "size": [4, 3, 3], "inflate": -0.1, "uv": [82, 28], "mirror": true}
					]
				},
				{
					"name": "flame_back_right6",
					"parent": "flame_back_right5",
					"pivot": [-42.5, 30.25, 1],
					"rotation": [0, 0, 0.00001],
					"cubes": [
						{"origin": [-46, 29.25, 1], "size": [4, 2, 0], "uv": [17, 55], "mirror": true}
					]
				},
				{
					"name": "arm_right11",
					"parent": "arm_right10",
					"pivot": [-25, 30.25, 0],
					"cubes": [
						{"origin": [-32, 29.25, -1], "size": [8, 2, 2], "inflate": 0.1, "uv": [60, 32], "mirror": true}
					]
				},
				{
					"name": "arm_right12",
					"parent": "arm_right11",
					"pivot": [-32, 30.25, 0],
					"cubes": [
						{"origin": [-38, 29.25, -1], "size": [7, 2, 2], "inflate": 0.05, "uv": [62, 36], "mirror": true}
					]
				},
				{
					"name": "arm_right13",
					"parent": "arm_right12",
					"pivot": [-38, 30.25, 0],
					"cubes": [
						{"origin": [-44, 29.25, -1], "size": [7, 2, 2], "uv": [60, 52], "mirror": true}
					]
				},
				{
					"name": "arm_right14",
					"parent": "arm_right13",
					"pivot": [-44, 30.25, 0],
					"cubes": [
						{"origin": [-49.5, 29.75, -0.5], "size": [6, 1, 1], "uv": [32, 30], "mirror": true}
					]
				},
				{
					"name": "arms2",
					"parent": "swing",
					"pivot": [0, 19.25, 0]
				},
				{
					"name": "arm_left15",
					"parent": "arms2",
					"pivot": [2, 19.25, 0],
					"rotation": [0, 30, 0],
					"cubes": [
						{"origin": [1.5, 18.75, -0.5], "size": [9, 1, 1], "uv": [0, 34]}
					]
				},
				{
					"name": "arm_left16",
					"parent": "arm_left15",
					"pivot": [9.5, 19.25, 0],
					"cubes": [
						{"origin": [9, 18.25, -1], "size": [9, 2, 2], "inflate": -0.15, "uv": [20, 34]}
					]
				},
				{
					"name": "arm_left17",
					"parent": "arm_left16",
					"pivot": [17.5, 19.25, 0],
					"cubes": [
						{"origin": [17, 18.25, -1], "size": [8, 2, 2], "uv": [0, 38]}
					]
				},
				{
					"name": "candle_front_left5",
					"parent": "arm_left17",
					"pivot": [19, 19.25, -1],
					"cubes": [
						{"origin": [18.5, 19.25, -1.5], "size": [4, 0, 1], "uv": [57, 44]}
					]
				},
				{
					"name": "candle_front_left6",
					"parent": "candle_front_left5",
					"pivot": [22.5, 19.25, -1],
					"cubes": [
						{"origin": [22, 19.25, -1.5], "size": [4, 0, 1], "inflate": 0.005, "uv": [76, 28]}
					]
				},
				{
					"name": "candle_front_left7",
					"parent": "candle_front_left6",
					"pivot": [26, 19.25, -1],
					"rotation": [0, 0, -0.00001],
					"cubes": [
						{"origin": [25.5, 19.25, -1.5], "size": [4, 0, 1], "inflate": 0.01, "uv": [-1, 62]}
					]
				},
				{
					"name": "candle_front_left8",
					"parent": "candle_front_left7",
					"pivot": [29.5, 19.25, -1],
					"rotation": [0, 0, -0.00001],
					"cubes": [
						{"origin": [29, 16.75, -3.5], "size": [6, 5, 5], "uv": [0, 42]}
					]
				},
				{
					"name": "flame_front_left4",
					"parent": "candle_front_left8",
					"pivot": [34.5, 19.75, -1],
					"rotation": [0, 0, -0.00001],
					"cubes": [
						{"origin": [34, 17.25, -3], "size": [5, 4, 4], "uv": [44, 44]}
					]
				},
				{
					"name": "flame_front_left5",
					"parent": "flame_front_left4",
					"pivot": [39, 19.25, -1],
					"rotation": [0, 0, -0.00001],
					"cubes": [
						{"origin": [38.5, 17.75, -2.5], "size": [4, 3, 3], "inflate": -0.1, "uv": [77, 39]}
					]
				},
				{
					"name": "flame_front_left6",
					"parent": "flame_front_left5",
					"pivot": [42.5, 19.25, -1],
					"rotation": [0, 0, -0.00001],
					"cubes": [
						{"origin": [42, 18.25, -1], "size": [4, 2, 0], "uv": [17, 43]}
					]
				},
				{
					"name": "arm_left18",
					"parent": "arm_left17",
					"pivot": [25, 19.25, 0],
					"cubes": [
						{"origin": [24, 18.25, -1], "size": [8, 2, 2], "inflate": 0.1, "uv": [42, 35]}
					]
				},
				{
					"name": "arm_left19",
					"parent": "arm_left18",
					"pivot": [32, 19.25, 0],
					"cubes": [
						{"origin": [31, 18.25, -1], "size": [7, 2, 2], "inflate": 0.05, "uv": [40, 39]}
					]
				},
				{
					"name": "arm_left20",
					"parent": "arm_left19",
					"pivot": [38, 19.25, 0],
					"cubes": [
						{"origin": [37, 18.25, -1], "size": [7, 2, 2], "uv": [58, 40]}
					]
				},
				{
					"name": "arm_left21",
					"parent": "arm_left20",
					"pivot": [44, 19.25, 0],
					"cubes": [
						{"origin": [43.5, 18.75, -0.5], "size": [6, 1, 1], "uv": [32, 28]}
					]
				},
				{
					"name": "arm_left22",
					"parent": "arms2",
					"pivot": [2, 19.25, 0],
					"rotation": [0, -37.5, 0],
					"cubes": [
						{"origin": [1.5, 18.75, -0.5], "size": [9, 1, 1], "uv": [0, 34]}
					]
				},
				{
					"name": "arm_left23",
					"parent": "arm_left22",
					"pivot": [9.5, 19.25, 0],
					"cubes": [
						{"origin": [9, 18.25, -1], "size": [9, 2, 2], "inflate": -0.15, "uv": [20, 34]}
					]
				},
				{
					"name": "arm_left24",
					"parent": "arm_left23",
					"pivot": [17.5, 19.25, 0],
					"cubes": [
						{"origin": [17, 18.25, -1], "size": [8, 2, 2], "uv": [0, 38]}
					]
				},
				{
					"name": "candle_back_left2",
					"parent": "arm_left24",
					"pivot": [19, 19.25, 1],
					"cubes": [
						{"origin": [18.5, 19.25, 0.5], "size": [4, 0, 1], "uv": [57, 46]}
					]
				},
				{
					"name": "candle_back_left3",
					"parent": "candle_back_left2",
					"pivot": [22.5, 19.25, 1],
					"cubes": [
						{"origin": [22, 19.25, 0.5], "size": [4, 0, 1], "inflate": 0.005, "uv": [79, 34]}
					]
				},
				{
					"name": "candle_back_left4",
					"parent": "candle_back_left3",
					"pivot": [26, 19.25, 1],
					"rotation": [0, 0, -0.00001],
					"cubes": [
						{"origin": [25.5, 19.25, 0.5], "size": [4, 0, 1], "inflate": 0.01, "uv": [7, 62]}
					]
				},
				{
					"name": "candle_back_left9",
					"parent": "candle_back_left4",
					"pivot": [29.5, 19.25, 1],
					"rotation": [0, 0, -0.00001],
					"cubes": [
						{"origin": [29, 16.75, -1.5], "size": [6, 5, 5], "uv": [22, 43]}
					]
				},
				{
					"name": "flame_back_left2",
					"parent": "candle_back_left9",
					"pivot": [34.5, 19.75, 1],
					"rotation": [0, 0, -0.00001],
					"cubes": [
						{"origin": [34, 17.25, -1], "size": [5, 4, 4], "uv": [62, 44]}
					]
				},
				{
					"name": "flame_back_left3",
					"parent": "flame_back_left2",
					"pivot": [39, 19.25, 1],
					"rotation": [0, 0, -0.00001],
					"cubes": [
						{"origin": [38.5, 17.75, -0.5], "size": [4, 3, 3], "inflate": -0.1, "uv": [93, 36]}
					]
				},
				{
					"name": "flame_back_left7",
					"parent": "flame_back_left3",
					"pivot": [42.5, 19.25, 1],
					"rotation": [0, 0, -0.00001],
					"cubes": [
						{"origin": [42, 18.25, 1], "size": [4, 2, 0], "uv": [17, 53]}
					]
				},
				{
					"name": "arm_left29",
					"parent": "arms2",
					"pivot": [2, 19.25, 0],
					"cubes": [
						{"origin": [1.5, 18.75, -0.5], "size": [9, 1, 1], "uv": [0, 34]}
					]
				},
				{
					"name": "arm_left30",
					"parent": "arm_left29",
					"pivot": [9.5, 19.25, 0],
					"cubes": [
						{"origin": [9, 18.25, -1], "size": [9, 2, 2], "inflate": -0.15, "uv": [20, 34]}
					]
				},
				{
					"name": "arm_left31",
					"parent": "arm_left30",
					"pivot": [17.5, 19.25, 0],
					"cubes": [
						{"origin": [17, 18.25, -1], "size": [8, 2, 2], "uv": [0, 38]}
					]
				},
				{
					"name": "candle_back_left10",
					"parent": "arm_left31",
					"pivot": [17, 19.25, 1],
					"cubes": [
						{"origin": [16.5, 19.25, 0.5], "size": [4, 0, 1], "uv": [57, 46]}
					]
				},
				{
					"name": "candle_back_left11",
					"parent": "candle_back_left10",
					"pivot": [20.5, 19.25, 1],
					"cubes": [
						{"origin": [20, 19.25, 0.5], "size": [4, 0, 1], "inflate": 0.005, "uv": [79, 34]}
					]
				},
				{
					"name": "candle_back_left12",
					"parent": "candle_back_left11",
					"pivot": [24, 19.25, 1],
					"rotation": [0, 0, -0.00001],
					"cubes": [
						{"origin": [23.5, 19.25, 0.5], "size": [4, 0, 1], "inflate": 0.01, "uv": [7, 62]}
					]
				},
				{
					"name": "candle_back_left13",
					"parent": "candle_back_left12",
					"pivot": [27.5, 19.25, 1],
					"rotation": [0, 0, -0.00001],
					"cubes": [
						{"origin": [27, 16.75, -1.5], "size": [6, 5, 5], "uv": [22, 43]}
					]
				},
				{
					"name": "flame_back_left8",
					"parent": "candle_back_left13",
					"pivot": [32.5, 19.75, 1],
					"rotation": [0, 0, -0.00001],
					"cubes": [
						{"origin": [32, 17.25, -1], "size": [5, 4, 4], "uv": [62, 44]}
					]
				},
				{
					"name": "flame_back_left9",
					"parent": "flame_back_left8",
					"pivot": [37, 19.25, 1],
					"rotation": [0, 0, -0.00001],
					"cubes": [
						{"origin": [36.5, 17.75, -0.5], "size": [4, 3, 3], "inflate": -0.1, "uv": [93, 36]}
					]
				},
				{
					"name": "flame_back_left10",
					"parent": "flame_back_left9",
					"pivot": [40.5, 19.25, 1],
					"rotation": [0, 0, -0.00001],
					"cubes": [
						{"origin": [40, 18.25, 1], "size": [4, 2, 0], "uv": [17, 53]}
					]
				},
				{
					"name": "candle_back_left14",
					"parent": "arm_left31",
					"pivot": [17, 19.25, 1],
					"cubes": [
						{"origin": [16.5, 19.25, 0.5], "size": [4, 0, 1], "uv": [57, 46]}
					]
				},
				{
					"name": "candle_back_left15",
					"parent": "candle_back_left14",
					"pivot": [20.5, 19.25, 1],
					"cubes": [
						{"origin": [20, 19.25, 0.5], "size": [4, 0, 1], "inflate": 0.005, "uv": [79, 34]}
					]
				},
				{
					"name": "candle_back_left16",
					"parent": "candle_back_left15",
					"pivot": [24, 19.25, 1],
					"rotation": [0, 0, -0.00001],
					"cubes": [
						{"origin": [23.5, 19.25, 0.5], "size": [4, 0, 1], "inflate": 0.01, "uv": [7, 62]}
					]
				},
				{
					"name": "candle_back_left17",
					"parent": "candle_back_left16",
					"pivot": [27.5, 19.25, 1],
					"rotation": [0, 0, -0.00001],
					"cubes": [
						{"origin": [27, 16.75, -1.5], "size": [6, 5, 5], "uv": [22, 43]}
					]
				},
				{
					"name": "flame_back_left11",
					"parent": "candle_back_left17",
					"pivot": [32.5, 19.75, 1],
					"rotation": [0, 0, -0.00001],
					"cubes": [
						{"origin": [32, 17.25, -1], "size": [5, 4, 4], "uv": [62, 44]}
					]
				},
				{
					"name": "flame_back_left12",
					"parent": "flame_back_left11",
					"pivot": [37, 19.25, 1],
					"rotation": [0, 0, -0.00001],
					"cubes": [
						{"origin": [36.5, 17.75, -0.5], "size": [4, 3, 3], "inflate": -0.1, "uv": [93, 36]}
					]
				},
				{
					"name": "flame_back_left13",
					"parent": "flame_back_left12",
					"pivot": [40.5, 19.25, 1],
					"rotation": [0, 0, -0.00001],
					"cubes": [
						{"origin": [40, 18.25, 1], "size": [4, 2, 0], "uv": [17, 53]}
					]
				},
				{
					"name": "arm_right15",
					"parent": "arms2",
					"pivot": [-2, 19.25, 0],
					"rotation": [0, -30, 0],
					"cubes": [
						{"origin": [-10.5, 18.75, -0.5], "size": [9, 1, 1], "uv": [0, 36], "mirror": true}
					]
				},
				{
					"name": "arm_right16",
					"parent": "arm_right15",
					"pivot": [-9.5, 19.25, 0],
					"cubes": [
						{"origin": [-18, 18.25, -1], "size": [9, 2, 2], "inflate": -0.15, "uv": [54, 28], "mirror": true}
					]
				},
				{
					"name": "arm_right17",
					"parent": "arm_right16",
					"pivot": [-17.5, 19.25, 0],
					"cubes": [
						{"origin": [-25, 18.25, -1], "size": [8, 2, 2], "uv": [20, 38], "mirror": true}
					]
				},
				{
					"name": "candle_front_right5",
					"parent": "arm_right17",
					"pivot": [-19, 19.25, -1],
					"cubes": [
						{"origin": [-22.5, 19.25, -1.5], "size": [4, 0, 1], "uv": [57, 45], "mirror": true}
					]
				},
				{
					"name": "candle_front_right6",
					"parent": "candle_front_right5",
					"pivot": [-22.5, 19.25, -1],
					"cubes": [
						{"origin": [-26, 19.25, -1.5], "size": [4, 0, 1], "inflate": 0.005, "uv": [76, 29], "mirror": true}
					]
				},
				{
					"name": "candle_front_right7",
					"parent": "candle_front_right6",
					"pivot": [-26, 19.25, -1],
					"rotation": [0, 0, 0.00001],
					"cubes": [
						{"origin": [-29.5, 19.25, -1.5], "size": [4, 0, 1], "inflate": 0.01, "uv": [-1, 63], "mirror": true}
					]
				},
				{
					"name": "candle_front_right8",
					"parent": "candle_front_right7",
					"pivot": [-29.5, 19.25, -1],
					"rotation": [0, 0, 0.00001],
					"cubes": [
						{"origin": [-35, 16.75, -3.5], "size": [6, 5, 5], "uv": [0, 52], "mirror": true}
					]
				},
				{
					"name": "flame_front_right4",
					"parent": "candle_front_right8",
					"pivot": [-34.5, 19.75, -1],
					"rotation": [0, 0, 0.00001],
					"cubes": [
						{"origin": [-39, 17.25, -3], "size": [5, 4, 4], "uv": [76, 64], "mirror": true}
					]
				},
				{
					"name": "flame_front_right5",
					"parent": "flame_front_right4",
					"pivot": [-39, 19.25, -1],
					"rotation": [0, 0, 0.00001],
					"cubes": [
						{"origin": [-42.5, 17.75, -2.5], "size": [4, 3, 3], "inflate": -0.1, "uv": [80, 45], "mirror": true}
					]
				},
				{
					"name": "flame_front_right6",
					"parent": "flame_front_right5",
					"pivot": [-42.5, 19.25, -1],
					"rotation": [0, 0, 0.00001],
					"cubes": [
						{"origin": [-46, 18.25, -1], "size": [4, 2, 0], "uv": [17, 45], "mirror": true}
					]
				},
				{
					"name": "arm_right18",
					"parent": "arm_right17",
					"pivot": [-25, 19.25, 0],
					"cubes": [
						{"origin": [-32, 18.25, -1], "size": [8, 2, 2], "inflate": 0.1, "uv": [60, 32], "mirror": true}
					]
				},
				{
					"name": "arm_right19",
					"parent": "arm_right18",
					"pivot": [-32, 19.25, 0],
					"cubes": [
						{"origin": [-38, 18.25, -1], "size": [7, 2, 2], "inflate": 0.05, "uv": [62, 36], "mirror": true}
					]
				},
				{
					"name": "arm_right20",
					"parent": "arm_right19",
					"pivot": [-38, 19.25, 0],
					"cubes": [
						{"origin": [-44, 18.25, -1], "size": [7, 2, 2], "uv": [60, 52], "mirror": true}
					]
				},
				{
					"name": "arm_right21",
					"parent": "arm_right20",
					"pivot": [-44, 19.25, 0],
					"cubes": [
						{"origin": [-49.5, 18.75, -0.5], "size": [6, 1, 1], "uv": [32, 30], "mirror": true}
					]
				},
				{
					"name": "arm_right22",
					"parent": "arms2",
					"pivot": [-2, 19.25, 0],
					"rotation": [0, 37.5, 0],
					"cubes": [
						{"origin": [-10.5, 18.75, -0.5], "size": [9, 1, 1], "uv": [0, 36], "mirror": true}
					]
				},
				{
					"name": "arm_right23",
					"parent": "arm_right22",
					"pivot": [-9.5, 19.25, 0],
					"cubes": [
						{"origin": [-18, 18.25, -1], "size": [9, 2, 2], "inflate": -0.15, "uv": [54, 28], "mirror": true}
					]
				},
				{
					"name": "arm_right24",
					"parent": "arm_right23",
					"pivot": [-17.5, 19.25, 0],
					"cubes": [
						{"origin": [-25, 18.25, -1], "size": [8, 2, 2], "uv": [20, 38], "mirror": true}
					]
				},
				{
					"name": "candle_back_right2",
					"parent": "arm_right24",
					"pivot": [-19, 19.25, 1],
					"cubes": [
						{"origin": [-22.5, 19.25, 0.5], "size": [4, 0, 1], "uv": [57, 47], "mirror": true}
					]
				},
				{
					"name": "candle_back_right3",
					"parent": "candle_back_right2",
					"pivot": [-22.5, 19.25, 1],
					"cubes": [
						{"origin": [-26, 19.25, 0.5], "size": [4, 0, 1], "inflate": 0.005, "uv": [79, 35], "mirror": true}
					]
				},
				{
					"name": "candle_back_right4",
					"parent": "candle_back_right3",
					"pivot": [-26, 19.25, 1],
					"rotation": [0, 0, 0.00001],
					"cubes": [
						{"origin": [-29.5, 19.25, 0.5], "size": [4, 0, 1], "inflate": 0.01, "uv": [7, 63], "mirror": true}
					]
				},
				{
					"name": "candle_back_right9",
					"parent": "candle_back_right4",
					"pivot": [-29.5, 19.25, 1],
					"rotation": [0, 0, 0.00001],
					"cubes": [
						{"origin": [-35, 16.75, -1.5], "size": [6, 5, 5], "uv": [0, 81], "mirror": true}
					]
				},
				{
					"name": "flame_back_right2",
					"parent": "candle_back_right9",
					"pivot": [-34.5, 19.75, 1],
					"rotation": [0, 0, 0.00001],
					"cubes": [
						{"origin": [-39, 17.25, -1], "size": [5, 4, 4], "uv": [60, 56], "mirror": true}
					]
				},
				{
					"name": "flame_back_right3",
					"parent": "flame_back_right2",
					"pivot": [-39, 19.25, 1],
					"rotation": [0, 0, 0.00001],
					"cubes": [
						{"origin": [-42.5, 17.75, -0.5], "size": [4, 3, 3], "inflate": -0.1, "uv": [82, 28], "mirror": true}
					]
				},
				{
					"name": "flame_back_right7",
					"parent": "flame_back_right3",
					"pivot": [-42.5, 19.25, 1],
					"rotation": [0, 0, 0.00001],
					"cubes": [
						{"origin": [-46, 18.25, 1], "size": [4, 2, 0], "uv": [17, 55], "mirror": true}
					]
				},
				{
					"name": "arm_right29",
					"parent": "arms2",
					"pivot": [-2, 19.25, 0],
					"cubes": [
						{"origin": [-10.5, 18.75, -0.5], "size": [9, 1, 1], "uv": [0, 36], "mirror": true}
					]
				},
				{
					"name": "arm_right30",
					"parent": "arm_right29",
					"pivot": [-9.5, 19.25, 0],
					"cubes": [
						{"origin": [-18, 18.25, -1], "size": [9, 2, 2], "inflate": -0.15, "uv": [54, 28], "mirror": true}
					]
				},
				{
					"name": "arm_right31",
					"parent": "arm_right30",
					"pivot": [-17.5, 19.25, 0],
					"cubes": [
						{"origin": [-25, 18.25, -1], "size": [8, 2, 2], "uv": [20, 38], "mirror": true}
					]
				},
				{
					"name": "candle_back_right10",
					"parent": "arm_right31",
					"pivot": [-17, 19.25, 1],
					"cubes": [
						{"origin": [-20.5, 19.25, 0.5], "size": [4, 0, 1], "uv": [57, 47], "mirror": true}
					]
				},
				{
					"name": "candle_back_right11",
					"parent": "candle_back_right10",
					"pivot": [-20.5, 19.25, 1],
					"cubes": [
						{"origin": [-24, 19.25, 0.5], "size": [4, 0, 1], "inflate": 0.005, "uv": [79, 35], "mirror": true}
					]
				},
				{
					"name": "candle_back_right12",
					"parent": "candle_back_right11",
					"pivot": [-24, 19.25, 1],
					"rotation": [0, 0, 0.00001],
					"cubes": [
						{"origin": [-27.5, 19.25, 0.5], "size": [4, 0, 1], "inflate": 0.01, "uv": [7, 63], "mirror": true}
					]
				},
				{
					"name": "candle_back_right13",
					"parent": "candle_back_right12",
					"pivot": [-27.5, 19.25, 1],
					"rotation": [0, 0, 0.00001],
					"cubes": [
						{"origin": [-33, 16.75, -1.5], "size": [6, 5, 5], "uv": [0, 81], "mirror": true}
					]
				},
				{
					"name": "flame_back_right8",
					"parent": "candle_back_right13",
					"pivot": [-32.5, 19.75, 1],
					"rotation": [0, 0, 0.00001],
					"cubes": [
						{"origin": [-37, 17.25, -1], "size": [5, 4, 4], "uv": [60, 56], "mirror": true}
					]
				},
				{
					"name": "flame_back_right9",
					"parent": "flame_back_right8",
					"pivot": [-37, 19.25, 1],
					"rotation": [0, 0, 0.00001],
					"cubes": [
						{"origin": [-40.5, 17.75, -0.5], "size": [4, 3, 3], "inflate": -0.1, "uv": [82, 28], "mirror": true}
					]
				},
				{
					"name": "flame_back_right10",
					"parent": "flame_back_right9",
					"pivot": [-40.5, 19.25, 1],
					"rotation": [0, 0, 0.00001],
					"cubes": [
						{"origin": [-44, 18.25, 1], "size": [4, 2, 0], "uv": [17, 55], "mirror": true}
					]
				},
				{
					"name": "candle_back_right14",
					"parent": "arm_right31",
					"pivot": [-17, 19.25, 1],
					"cubes": [
						{"origin": [-20.5, 19.25, 0.5], "size": [4, 0, 1], "uv": [57, 47], "mirror": true}
					]
				},
				{
					"name": "candle_back_right15",
					"parent": "candle_back_right14",
					"pivot": [-20.5, 19.25, 1],
					"cubes": [
						{"origin": [-24, 19.25, 0.5], "size": [4, 0, 1], "inflate": 0.005, "uv": [79, 35], "mirror": true}
					]
				},
				{
					"name": "candle_back_right16",
					"parent": "candle_back_right15",
					"pivot": [-24, 19.25, 1],
					"rotation": [0, 0, 0.00001],
					"cubes": [
						{"origin": [-27.5, 19.25, 0.5], "size": [4, 0, 1], "inflate": 0.01, "uv": [7, 63], "mirror": true}
					]
				},
				{
					"name": "candle_back_right17",
					"parent": "candle_back_right16",
					"pivot": [-27.5, 19.25, 1],
					"rotation": [0, 0, 0.00001],
					"cubes": [
						{"origin": [-33, 16.75, -1.5], "size": [6, 5, 5], "uv": [0, 81], "mirror": true}
					]
				},
				{
					"name": "flame_back_right11",
					"parent": "candle_back_right17",
					"pivot": [-32.5, 19.75, 1],
					"rotation": [0, 0, 0.00001],
					"cubes": [
						{"origin": [-37, 17.25, -1], "size": [5, 4, 4], "uv": [60, 56], "mirror": true}
					]
				},
				{
					"name": "flame_back_right12",
					"parent": "flame_back_right11",
					"pivot": [-37, 19.25, 1],
					"rotation": [0, 0, 0.00001],
					"cubes": [
						{"origin": [-40.5, 17.75, -0.5], "size": [4, 3, 3], "inflate": -0.1, "uv": [82, 28], "mirror": true}
					]
				},
				{
					"name": "flame_back_right13",
					"parent": "flame_back_right12",
					"pivot": [-40.5, 19.25, 1],
					"rotation": [0, 0, 0.00001],
					"cubes": [
						{"origin": [-44, 18.25, 1], "size": [4, 2, 0], "uv": [17, 55], "mirror": true}
					]
				},
				{
					"name": "head",
					"parent": "swing",
					"pivot": [0, 33.5, 0],
					"cubes": [
						{"origin": [-8.5, 33.5, -8.5], "size": [17, 11, 17], "inflate": -0.01, "uv": [8, 53]},
						{"origin": [-8.5, 33.5, -8.5], "size": [17, 11, 0], "uv": [0, 11]},
						{"origin": [-8.5, 33.5, 8.5], "size": [17, 11, 0], "uv": [0, 0]},
						{"origin": [-8.5, 44.5, -8.5], "size": [17, 0, 17], "uv": [17, 0]},
						{"origin": [-8.5, 33.5, -8.5], "size": [17, 0, 17], "uv": [51, 0]},
						{"origin": [8.5, 33.5, -8.5], "size": [0, 11, 17], "uv": [34, 0]},
						{"origin": [-8.5, 33.5, -8.5], "size": [0, 11, 17], "uv": [68, 0], "mirror": true}
					]
				},
				{
					"name": "eyes",
					"parent": "head",
					"pivot": [0, 39, -8.51]
				},
				{
					"name": "eye_left",
					"parent": "eyes",
					"pivot": [6, 39, -8.51]
				},
				{
					"name": "eye_open_left",
					"parent": "eye_left",
					"pivot": [6, 39, -8.51]
				},
				{
					"name": "eye_expression_left",
					"parent": "eye_open_left",
					"pivot": [6, 40, -8.42],
					"cubes": [
						{"origin": [5.5, 39.5, -8.42], "size": [1, 1, 0], "uv": [0, 69]}
					]
				},
				{
					"name": "eye_closed_left",
					"parent": "eye_left",
					"pivot": [6, 38.5, -8.41],
					"cubes": [
						{"origin": [5, 38, -8.41], "size": [2, 1, 0], "uv": [0, 66]}
					]
				},
				{
					"name": "eye_happy_left",
					"parent": "eye_left",
					"pivot": [6, 38.75, -8.41],
					"cubes": [
						{"origin": [4.499, 38.25, -8.41], "size": [3, 1, 0], "uv": [0, 67]},
						{"origin": [5.5, 38.75, -8.41], "size": [1, 1, 0], "uv": [2, 69]}
					]
				},
				{
					"name": "eye_right",
					"parent": "eyes",
					"pivot": [-6, 39, -8.51]
				},
				{
					"name": "eye_open_right",
					"parent": "eye_right",
					"pivot": [-6, 39, -8.51],
					"cubes": [
						{"origin": [-7, 38, -8.51], "size": [2, 2, 0], "uv": [4, 64], "mirror": true}
					]
				},
				{
					"name": "eye_expression_right",
					"parent": "eye_open_right",
					"pivot": [-6, 40, -8.42],
					"cubes": [
						{"origin": [-6.5, 39.5, -8.42], "size": [1, 1, 0], "uv": [0, 70], "mirror": true}
					]
				},
				{
					"name": "eye_closed_right",
					"parent": "eye_right",
					"pivot": [-6, 38.5, -8.41],
					"cubes": [
						{"origin": [-7, 38, -8.41], "size": [2, 1, 0], "uv": [4, 66], "mirror": true}
					]
				},
				{
					"name": "eye_happy_right",
					"parent": "eye_right",
					"pivot": [-6, 38.75, -8.41],
					"cubes": [
						{"origin": [-7.499, 38.25, -8.41], "size": [3, 1, 0], "uv": [0, 68], "mirror": true},
						{"origin": [-6.5, 38.75, -8.41], "size": [1, 1, 0], "uv": [2, 70], "mirror": true}
					]
				},
				{
					"name": "flame_inner",
					"parent": "head",
					"pivot": [0, 33.5, -0.1],
					"cubes": [
						{"origin": [-3, 33, -3.1], "size": [6, 3, 6], "uv": [102, 2]}
					]
				},
				{
					"name": "flame_inner2",
					"parent": "flame_inner",
					"pivot": [0, 34.75, -0.1],
					"cubes": [
						{"origin": [-4, 34.75, -4.1], "size": [8, 8, 8], "uv": [96, 20]}
					]
				},
				{
					"name": "flame_inner3",
					"parent": "flame_inner2",
					"pivot": [0, 42.75, -0.1],
					"cubes": [
						{"origin": [-3, 41.5, -3.1], "size": [6, 3, 6], "uv": [102, 11]}
					]
				},
				{
					"name": "brim",
					"parent": "head",
					"pivot": [0, 53, -0.1],
					"cubes": [
						{"origin": [-3.5, 52.5, -3.6], "size": [7, 1, 7], "inflate": 0.01, "uv": [100, 36]}
					]
				},
				{
					"name": "bone3",
					"parent": "brim",
					"pivot": [0, 49.64743, -5.73132],
					"cubes": [
						{"origin": [-2.5, 48.03925, -3.95419], "size": [5, 0, 2], "inflate": 0.01, "pivot": [0, 47.53925, -5.45419], "rotation": [75, 0, 0], "uv": [106, 41]},
						{"origin": [-2, 45.67755, -3.95637], "size": [4, 0, 2], "inflate": 0.01, "pivot": [-0.5, 45.17755, -3.45637], "rotation": [120, 0, 0], "uv": [107, 41]},
						{"origin": [-2, 46.41629, -3.5193], "size": [4, 0, 3], "inflate": 0.01, "pivot": [-0.5, 45.91629, -4.0193], "rotation": [107.5, 0, 0], "uv": [106, 40]},
						{"origin": [-2.5, 50.14743, -4.23132], "size": [5, 0, 2], "inflate": 0.01, "pivot": [0, 49.64743, -5.73132], "rotation": [45, 0, 0], "uv": [106, 41]}
					]
				},
				{
					"name": "bone4",
					"parent": "brim",
					"pivot": [4.61104, 48.72154, -0.1],
					"rotation": [0, -90, 0],
					"cubes": [
						{"origin": [2.11104, 48.03925, 0.65685], "size": [5, 0, 2], "inflate": 0.01, "pivot": [4.61104, 47.53925, -0.84315], "rotation": [75, 0, 0], "uv": [106, 41]},
						{"origin": [2.61104, 45.67755, 0.65467], "size": [4, 0, 2], "inflate": 0.01, "pivot": [4.11104, 45.17755, 1.15467], "rotation": [120, 0, 0], "uv": [107, 41]},
						{"origin": [2.61104, 46.41629, 1.09174], "size": [4, 0, 3], "inflate": 0.01, "pivot": [4.11104, 45.91629, 0.59174], "rotation": [107.5, 0, 0], "uv": [106, 40]},
						{"origin": [2.11104, 50.14743, 0.37972], "size": [5, 0, 2], "inflate": 0.01, "pivot": [4.61104, 49.64743, -1.12028], "rotation": [45, 0, 0], "uv": [106, 41]}
					]
				},
				{
					"name": "bone6",
					"parent": "brim",
					"pivot": [4.61104, 48.72154, -1.1],
					"rotation": [0, 90, 0],
					"cubes": [
						{"origin": [1.11104, 48.05339, -9.57937], "size": [5, 0, 2], "inflate": 0.01, "pivot": [3.61104, 47.55339, -11.07937], "rotation": [75, 0, 0], "uv": [106, 41]},
						{"origin": [1.61104, 45.69169, -9.58155], "size": [4, 0, 2], "inflate": 0.01, "pivot": [3.11104, 45.19169, -9.08155], "rotation": [120, 0, 0], "uv": [107, 41]},
						{"origin": [1.61104, 46.43043, -9.14448], "size": [4, 0, 3], "inflate": 0.01, "pivot": [3.11104, 45.93043, -9.64448], "rotation": [107.5, 0, 0], "uv": [106, 40]},
						{"origin": [1.11104, 50.16157, -9.8565], "size": [5, 0, 2], "inflate": 0.01, "pivot": [3.61104, 49.66157, -11.3565], "rotation": [45, 0, 0], "uv": [106, 41]}
					]
				},
				{
					"name": "bone5",
					"parent": "brim",
					"pivot": [3.61104, 48.72154, -0.1],
					"rotation": [-180, 0, 180],
					"cubes": [
						{"origin": [4.72208, 48.03925, -3.95419], "size": [5, 0, 2], "inflate": 0.01, "pivot": [7.22208, 47.53925, -5.45419], "rotation": [75, 0, 0], "uv": [106, 41]},
						{"origin": [5.22208, 45.67755, -3.95637], "size": [4, 0, 2], "inflate": 0.01, "pivot": [6.72208, 45.17755, -3.45637], "rotation": [120, 0, 0], "uv": [107, 41]},
						{"origin": [5.22208, 46.41629, -3.5193], "size": [4, 0, 3], "inflate": 0.01, "pivot": [6.72208, 45.91629, -4.0193], "rotation": [107.5, 0, 0], "uv": [106, 40]},
						{"origin": [4.72208, 50.14743, -4.23132], "size": [5, 0, 2], "inflate": 0.01, "pivot": [7.22208, 49.64743, -5.73132], "rotation": [45, 0, 0], "uv": [106, 41]}
					]
				},
				{
					"name": "bone",
					"parent": "brim",
					"pivot": [0, 52.75, -3.35],
					"cubes": [
						{"origin": [3.25, 52.76, -3.6], "size": [0, 3, 7], "pivot": [3.25, 52.75, -0.1], "rotation": [0, 0, 25], "uv": [80, 29]},
						{"origin": [-3.25, 52.76, -3.6], "size": [0, 3, 7], "pivot": [-3.25, 52.75, -0.1], "rotation": [0, 0, -25], "uv": [59, 57], "mirror": true},
						{"origin": [-3.5, 52.76, 3.15], "size": [7, 3, 0], "pivot": [0, 52.75, 3.15], "rotation": [-25, 0, 0], "uv": [112, 47]},
						{"origin": [-3.5, 52.76, -3.35], "size": [7, 3, 0], "pivot": [0, 52.75, -3.35], "rotation": [25, 0, 0], "uv": [106, 44]}
					]
				},
				{
					"name": "bone2",
					"parent": "brim",
					"pivot": [0, 44.75, -3.35],
					"cubes": [
						{"origin": [3.25, 44.76, -3.6], "size": [0, 3, 7], "pivot": [3.25, 44.75, -0.1], "rotation": [0, 0, 25], "uv": [80, 29]},
						{"origin": [-3.25, 44.76, -3.6], "size": [0, 3, 7], "pivot": [-3.25, 44.75, -0.1], "rotation": [0, 0, -25], "uv": [59, 57], "mirror": true},
						{"origin": [-3.5, 44.76, 3.15], "size": [7, 3, 0], "pivot": [0, 44.75, 3.15], "rotation": [-25, 0, 0], "uv": [112, 47]},
						{"origin": [-3.5, 44.76, -3.35], "size": [7, 3, 0], "pivot": [0, 44.75, -3.35], "rotation": [25, 0, 0], "uv": [106, 44]}
					]
				},
				{
					"name": "flame_middle",
					"parent": "brim",
					"pivot": [0, 53, -0.1],
					"cubes": [
						{"origin": [-3, 53, -3.1], "size": [6, 8, 6], "uv": [104, 50]},
						{"origin": [-4, 45.1, -3.6], "size": [8, 7, 7], "uv": [102, 49]}
					]
				},
				{
					"name": "flame_middle2",
					"parent": "flame_middle",
					"pivot": [0, 60, -0.1],
					"cubes": [
						{"origin": [-2.5, 59.5, -2.6], "size": [5, 8, 5], "uv": [78, 51]}
					]
				},
				{
					"name": "flame_middle3",
					"parent": "flame_middle2",
					"pivot": [0, 67, -0.1],
					"cubes": [
						{"origin": [-2, 66, -2.1], "size": [4, 7, 4], "uv": [94, 45]}
					]
				},
				{
					"name": "flame_middle4",
					"parent": "flame_middle3",
					"pivot": [0, 73, -0.1],
					"cubes": [
						{"origin": [-1.5, 72, -1.6], "size": [3, 7, 3], "uv": [0, 22]}
					]
				},
				{
					"name": "flame_middle5",
					"parent": "flame_middle4",
					"pivot": [0, 79, -0.1],
					"cubes": [
						{"origin": [-1, 78, -0.1], "size": [2, 6, 0], "uv": [120, 11]}
					]
				}
			]
		}
	]
}