{
	"format_version": "1.8.0",
	"animations": {
		"animation.excadrill_mega.ground_idle": {
			"loop": true,
			"animation_length": 4,
			"bones": {
				"arm_right": {
					"rotation": ["-99.3773-3*math.sin(q.anim_time*90*1-120)", "-27.8719-(3*math.sin(q.anim_time*90*1-80))", 0.49048],
					"position": [2.10315, -2.21883, 2.83116]
				},
				"leg_right": {
					"rotation": [0, 15, 5]
				},
				"foot_right": {
					"rotation": [1, 0, -5]
				},
				"leg_left": {
					"rotation": [0, -15, -5]
				},
				"foot_left": {
					"rotation": [1, 0, 5]
				},
				"arm_left": {
					"rotation": ["-96.5229-3*math.sin(q.anim_time*90*1-120)", "37.6665+3*math.sin(q.anim_time*90*1-80)", -1.1165],
					"position": [-1.0876, -2.14501, 2.13576]
				},
				"hand_left": {
					"rotation": [0.47942, 1.93133, 27.5098]
				},
				"claws_separate_left": {
					"scale": 0
				},
				"torso": {
					"rotation": ["0.5*math.sin(q.anim_time*90*1)", 0, 0],
					"position": [0, "0.1*math.sin(q.anim_time*90*1-80)", 0]
				},
				"torso2": {
					"rotation": ["5+1*math.sin(q.anim_time*90*1-40)", 0, 0]
				},
				"head": {
					"rotation": ["-4.5+1*math.sin(q.anim_time*90*1-80)", 0, "1*math.sin(q.anim_time*90*1-80)"]
				},
				"head2": {
					"rotation": ["1*math.sin(q.anim_time*90*1-150)", 0, 0]
				},
				"toes_right": {
					"rotation": [7.5, 0, 0]
				},
				"head_blade": {
					"position": [0.01714, 0.99367, -5.88901],
					"scale": 1.5
				},
				"arms": {
					"position": [0, 0.45585, -5.98266]
				},
				"bone2": {
					"rotation": [1.18928, 0.9707, 23.47967],
					"position": [0, 1, 0]
				},
				"bone3": {
					"rotation": [1.18928, 0.9707, -23.47967],
					"position": [-2, 1, 0]
				},
				"hand_right": {
					"rotation": [0.32471, 1.75346, -34.95099],
					"position": [0, 0, 0]
				}
			}
		},
		"animation.excadrill_mega.ground_walk": {
			"loop": true,
			"animation_length": 4,
			"bones": {
				"arm_right": {
					"rotation": ["-73.1667+5*math.cos(q.anim_time*90*3)", "-24.8436-1*math.cos(q.anim_time*90*3-30)", "-10.3627+1*math.cos(q.anim_time*90*6)"],
					"position": [0.98697, -2.01208, "0.6396-1*math.cos(q.anim_time*90*3-30)"]
				},
				"leg_right": {
					"rotation": {
						"0.0": [14.71364, 10.16694, 3.68681],
						"0.2083": {
							"pre": [21.32403, 8.30285, 1.25171],
							"post": [21.32403, 8.30285, 1.25171],
							"lerp_mode": "catmullrom"
						},
						"0.4167": {
							"post": [11.71524, 12.84359, 10.92559],
							"lerp_mode": "catmullrom"
						},
						"0.5833": [-19.13636, 15, 5],
						"0.6667": [-17.5, 15, 5],
						"1.3333": [14.71364, 10.16694, 3.68681],
						"1.5417": {
							"pre": [21.32403, 8.30285, 1.25171],
							"post": [21.32403, 8.30285, 1.25171],
							"lerp_mode": "catmullrom"
						},
						"1.75": {
							"post": [11.71524, 12.84359, 10.92559],
							"lerp_mode": "catmullrom"
						},
						"1.9167": [-19.13636, 15, 5],
						"2.0": [-17.5, 15, 5],
						"2.6667": [14.71364, 10.16694, 3.68681],
						"2.875": {
							"pre": [21.32403, 8.30285, 1.25171],
							"post": [21.32403, 8.30285, 1.25171],
							"lerp_mode": "catmullrom"
						},
						"3.0833": {
							"post": [11.71524, 12.84359, 10.92559],
							"lerp_mode": "catmullrom"
						},
						"3.25": [-19.13636, 15, 5],
						"3.3333": [-17.5, 15, 5],
						"4.0": [14.71364, 10.16694, 3.68681]
					},
					"position": {
						"0.0": [-0.2, 0, 4],
						"0.2083": {
							"pre": [-0.4, 0.8, 4],
							"post": [-0.4, 0.8, 4],
							"lerp_mode": "catmullrom"
						},
						"0.375": {
							"post": [-0.17, 1.9, 0.66],
							"lerp_mode": "catmullrom"
						},
						"0.5": {
							"post": [0, 1.17, -0.45],
							"lerp_mode": "catmullrom"
						},
						"0.6667": [0, -0.2, -1.9],
						"1.0417": {
							"pre": [0, -0.06, 1.25],
							"post": [0, -0.06, 1.25],
							"lerp_mode": "catmullrom"
						},
						"1.3333": [-0.2, 0, 4],
						"1.5417": {
							"pre": [-0.4, 0.8, 4],
							"post": [-0.4, 0.8, 4],
							"lerp_mode": "catmullrom"
						},
						"1.7083": {
							"post": [-0.17, 1.9, 0.66],
							"lerp_mode": "catmullrom"
						},
						"1.8333": {
							"post": [0, 1.67, -0.45],
							"lerp_mode": "catmullrom"
						},
						"2.0": [0, -0.2, -1.9],
						"2.375": {
							"pre": [0, -0.06, 1.25],
							"post": [0, -0.06, 1.25],
							"lerp_mode": "catmullrom"
						},
						"2.6667": [-0.2, 0, 4],
						"2.875": {
							"pre": [-0.4, 0.8, 4],
							"post": [-0.4, 0.8, 4],
							"lerp_mode": "catmullrom"
						},
						"3.0417": {
							"post": [-0.17, 1.9, 0.66],
							"lerp_mode": "catmullrom"
						},
						"3.1667": {
							"post": [0, 1.17, -0.45],
							"lerp_mode": "catmullrom"
						},
						"3.3333": [0, -0.2, -1.9],
						"3.7083": {
							"pre": [0, -0.06, 1.25],
							"post": [0, -0.06, 1.25],
							"lerp_mode": "catmullrom"
						},
						"4.0": [-0.2, 0, 4]
					}
				},
				"foot_right": {
					"rotation": {
						"0.0": [-14, 0, -5],
						"0.25": {
							"pre": [17.5, 0, -5],
							"post": [17.5, 0, -5],
							"lerp_mode": "catmullrom"
						},
						"0.4583": [7.81818, 0, -5],
						"0.625": [1.36364, 0, -5],
						"0.6667": [18.5, 0, -5],
						"1.3333": [-14, 0, -5],
						"1.5833": {
							"pre": [17.5, 0, -5],
							"post": [17.5, 0, -5],
							"lerp_mode": "catmullrom"
						},
						"1.7917": [7.81818, 0, -5],
						"1.9583": [1.36364, 0, -5],
						"2.0": [18.5, 0, -5],
						"2.6667": [-14, 0, -5],
						"2.9167": {
							"pre": [17.5, 0, -5],
							"post": [17.5, 0, -5],
							"lerp_mode": "catmullrom"
						},
						"3.125": [7.81818, 0, -5],
						"3.2917": [1.36364, 0, -5],
						"3.3333": [18.5, 0, -5],
						"4.0": [-14, 0, -5]
					}
				},
				"leg_left": {
					"rotation": {
						"0.0": [-17.5, -15, -5],
						"0.6667": [14.71364, -10.16694, -3.68681],
						"0.875": {
							"pre": [21.32403, -8.30285, -1.25171],
							"post": [21.32403, -8.30285, -1.25171],
							"lerp_mode": "catmullrom"
						},
						"1.0833": {
							"post": [11.71524, -12.84359, -10.92559],
							"lerp_mode": "catmullrom"
						},
						"1.25": [-19.13636, -15, -5],
						"1.3333": [-17.5, -15, -5],
						"2.0": [14.71364, -10.16694, -3.68681],
						"2.2083": {
							"pre": [21.32403, -8.30285, -1.25171],
							"post": [21.32403, -8.30285, -1.25171],
							"lerp_mode": "catmullrom"
						},
						"2.4167": {
							"post": [11.71524, -12.84359, -10.92559],
							"lerp_mode": "catmullrom"
						},
						"2.5833": [-19.13636, -15, -5],
						"2.6667": [-17.5, -15, -5],
						"3.3333": [14.71364, -10.16694, -3.68681],
						"3.5417": {
							"pre": [21.32403, -8.30285, -1.25171],
							"post": [21.32403, -8.30285, -1.25171],
							"lerp_mode": "catmullrom"
						},
						"3.75": {
							"post": [11.71524, -12.84359, -10.92559],
							"lerp_mode": "catmullrom"
						},
						"3.9167": [-19.13636, -15, -5],
						"4.0": [-17.5, -15, -5]
					},
					"position": {
						"0.0": [0, -0.2, -1.9],
						"0.375": {
							"pre": [0, -0.06, 1.25],
							"post": [0, -0.06, 1.25],
							"lerp_mode": "catmullrom"
						},
						"0.6667": [0.2, 0, 4],
						"0.875": {
							"pre": [0.4, 0.8, 4],
							"post": [0.4, 0.8, 4],
							"lerp_mode": "catmullrom"
						},
						"1.0417": {
							"post": [0.17, 1.9, 0.66],
							"lerp_mode": "catmullrom"
						},
						"1.1667": {
							"post": [0, 1.67, -0.45],
							"lerp_mode": "catmullrom"
						},
						"1.3333": [0, -0.2, -1.9],
						"1.7083": {
							"pre": [0, -0.06, 1.25],
							"post": [0, -0.06, 1.25],
							"lerp_mode": "catmullrom"
						},
						"2.0": [0.2, 0, 4],
						"2.2083": {
							"pre": [0.4, 0.8, 4],
							"post": [0.4, 0.8, 4],
							"lerp_mode": "catmullrom"
						},
						"2.375": {
							"post": [0.17, 1.9, 0.66],
							"lerp_mode": "catmullrom"
						},
						"2.5": {
							"post": [0, 1.17, -0.45],
							"lerp_mode": "catmullrom"
						},
						"2.6667": [0, -0.2, -1.9],
						"3.0417": {
							"pre": [0, -0.06, 1.25],
							"post": [0, -0.06, 1.25],
							"lerp_mode": "catmullrom"
						},
						"3.3333": [0.2, 0, 4],
						"3.5417": {
							"pre": [0.4, 0.8, 4],
							"post": [0.4, 0.8, 4],
							"lerp_mode": "catmullrom"
						},
						"3.7083": {
							"post": [0.17, 1.9, 0.66],
							"lerp_mode": "catmullrom"
						},
						"3.8333": {
							"post": [0, 1.17, -0.45],
							"lerp_mode": "catmullrom"
						},
						"4.0": [0, -0.2, -1.9]
					}
				},
				"foot_left": {
					"rotation": {
						"0.0": [18.5, 0, 5],
						"0.6667": [-14, 0, 5],
						"0.9167": {
							"pre": [17.5, 0, 5],
							"post": [17.5, 0, 5],
							"lerp_mode": "catmullrom"
						},
						"1.125": [7.81818, 0, 5],
						"1.2917": [1.36364, 0, 5],
						"1.3333": [18.5, 0, 5],
						"2.0": [-14, 0, 5],
						"2.25": {
							"pre": [17.5, 0, 5],
							"post": [17.5, 0, 5],
							"lerp_mode": "catmullrom"
						},
						"2.4583": [7.81818, 0, 5],
						"2.625": [1.36364, 0, 5],
						"2.6667": [18.5, 0, 5],
						"3.3333": [-14, 0, 5],
						"3.5833": {
							"pre": [17.5, 0, 5],
							"post": [17.5, 0, 5],
							"lerp_mode": "catmullrom"
						},
						"3.7917": [7.81818, 0, 5],
						"3.9583": [1.36364, 0, 5],
						"4.0": [18.5, 0, 5]
					}
				},
				"arm_left": {
					"rotation": ["-89.8554+5*math.cos(q.anim_time*90*3)", "29.8024-1*math.cos(q.anim_time*90*3-30)", "9.9616-1*math.cos(q.anim_time*90*6)"],
					"position": [-0.01303, -2.01208, "0.6396-1*math.cos(q.anim_time*90*3-30)"]
				},
				"hand_left": {
					"rotation": [6.3667, 4.79085, 67.06656]
				},
				"claws_separate_left": {
					"scale": 0
				},
				"torso": {
					"rotation": ["3+2*math.sin(q.anim_time*90*6)", "6*math.cos(q.anim_time*90*3)", "9*math.sin(q.anim_time*90*3+30)"],
					"position": [0, "0.6+0.4*math.sin(q.anim_time*90*6-80)", 0]
				},
				"torso2": {
					"rotation": ["2*math.sin(q.anim_time*90*6-50)", "-3*math.cos(q.anim_time*90*3)", "-5*math.cos(q.anim_time*90*3)"]
				},
				"head": {
					"rotation": ["1*math.sin(q.anim_time*90*6-100)", "-3*math.cos(q.anim_time*90*3)", 0]
				},
				"head2": {
					"rotation": ["3+1*math.sin(q.anim_time*90*6-150)", 0, 0]
				},
				"toes_right": {
					"rotation": {
						"0.0": [0, 0, 0],
						"0.2083": {
							"pre": [-33.5, 0, 0],
							"post": [-33.5, 0, 0],
							"lerp_mode": "catmullrom"
						},
						"0.2917": {
							"post": [-5, 0, 0],
							"lerp_mode": "catmullrom"
						},
						"0.5833": [-11, 0, 0],
						"0.6667": [0, 0, 0],
						"1.3333": [0, 0, 0],
						"1.5417": {
							"pre": [-33.5, 0, 0],
							"post": [-33.5, 0, 0],
							"lerp_mode": "catmullrom"
						},
						"1.625": {
							"post": [-5, 0, 0],
							"lerp_mode": "catmullrom"
						},
						"1.9167": [-11, 0, 0],
						"2.0": [0, 0, 0],
						"2.6667": [0, 0, 0],
						"2.875": {
							"pre": [-33.5, 0, 0],
							"post": [-33.5, 0, 0],
							"lerp_mode": "catmullrom"
						},
						"2.9583": {
							"post": [-5, 0, 0],
							"lerp_mode": "catmullrom"
						},
						"3.25": [-11, 0, 0],
						"3.3333": [0, 0, 0],
						"4.0": [0, 0, 0]
					}
				},
				"toes_left": {
					"rotation": {
						"0.0": [0, 0, 0],
						"0.6667": [0, 0, 0],
						"0.875": {
							"pre": [-33.5, 0, 0],
							"post": [-33.5, 0, 0],
							"lerp_mode": "catmullrom"
						},
						"0.9583": {
							"post": [-5, 0, 0],
							"lerp_mode": "catmullrom"
						},
						"1.25": [-11, 0, 0],
						"1.3333": [0, 0, 0],
						"2.0": [0, 0, 0],
						"2.2083": {
							"pre": [-33.5, 0, 0],
							"post": [-33.5, 0, 0],
							"lerp_mode": "catmullrom"
						},
						"2.2917": {
							"post": [-5, 0, 0],
							"lerp_mode": "catmullrom"
						},
						"2.5833": [-11, 0, 0],
						"2.6667": [0, 0, 0],
						"3.3333": [0, 0, 0],
						"3.5417": {
							"pre": [-33.5, 0, 0],
							"post": [-33.5, 0, 0],
							"lerp_mode": "catmullrom"
						},
						"3.625": {
							"post": [-5, 0, 0],
							"lerp_mode": "catmullrom"
						},
						"3.9167": [-11, 0, 0],
						"4.0": [0, 0, 0]
					}
				},
				"head_blade": {
					"position": [0.01714, 0.99367, -5.88901],
					"scale": 1.5
				},
				"hand_right": {
					"rotation": [2.97667, -20.09419, -70.36579]
				}
			}
		},
		"animation.excadrill_mega.battle_idle": {
			"loop": true,
			"animation_length": 4,
			"bones": {
				"torso": {
					"rotation": ["2.5+0.5*math.sin(q.anim_time*90*1)", -2, "-3-1*math.sin(q.anim_time*90*1-90)"],
					"position": [0, "0.2*math.sin(q.anim_time*90*1-90)", 0]
				},
				"arm_right": {
					"rotation": ["-101.1219-3*math.sin(q.anim_time*90*1-120)", "-60.251-(3*math.sin(q.anim_time*90*1-80))", 4.22213],
					"position": [2.94565, -1.93229, -1.11765]
				},
				"leg_right": {
					"rotation": [0, 22, 5],
					"position": [0, 0, 0]
				},
				"foot_right": {
					"rotation": [1, 0, -5],
					"position": [0, 0, 0]
				},
				"head2": {
					"rotation": ["6+1.5*math.sin(q.anim_time*90*1-80)", 0, 0]
				},
				"leg_left": {
					"rotation": ["10-1*math.sin(q.anim_time*90*1-90)", -25, -15],
					"position": [0, "0.4+0.1*math.sin(q.anim_time*90*1-90)", 0.4]
				},
				"foot_left": {
					"rotation": ["18+4*math.sin(q.anim_time*90*1-90)", -8, 9]
				},
				"arm_left": {
					"rotation": ["-96.8875-3*math.sin(q.anim_time*90*1-120)", "47.6337+3*math.sin(q.anim_time*90*1-80)", -2.11191],
					"position": [-0.0876, -1.99306, 0.14154]
				},
				"hand_left": {
					"rotation": [0.47942, 1.93133, 27.5098]
				},
				"claws_separate_left": {
					"scale": 1
				},
				"eye_emote_right": {
					"scale": [1, 1, 0.5]
				},
				"eye_emote_left": {
					"scale": [1, 1, 0.5]
				},
				"torso2": {
					"rotation": ["9+1.5*math.sin(q.anim_time*90*1-40)", "-7.5+1*math.sin(q.anim_time*90*1+80)", 0]
				},
				"head": {
					"rotation": [-8.01964, "17.5969-1*math.sin(q.anim_time*90*1+80)", -0.97435]
				},
				"pupil_right": {
					"position": [0, 0.1, 0],
					"scale": [1, 0.8, 1]
				},
				"pupil_left": {
					"position": [0, 0.1, 0],
					"scale": [1, 0.8, 1]
				},
				"claws_combined_left": {
					"scale": 0
				},
				"claw_front_left": {
					"rotation": [0, "9+2*math.sin(q.anim_time*90*1-40)", 0]
				},
				"claw_back_left": {
					"rotation": [0, "-9-2*math.sin(q.anim_time*90*1-40)", 0]
				},
				"toes_left": {
					"rotation": ["-19-3*math.sin(q.anim_time*90*1-90)", 0, 0]
				},
				"body": {
					"rotation": [0, -10, 0]
				},
				"toes_right": {
					"rotation": [0, 0, 0],
					"position": [0, 0, 0]
				},
				"head_blade": {
					"position": [0.01714, 0.99367, -5.88901],
					"scale": 1.5
				},
				"hand_right": {
					"rotation": [0.27078, 0.72511, -14.97842]
				}
			}
		}
	}
}