{
	"format_version": "1.8.0",
	"animations": {
		"animation.chandelure_mega.ground_idle": {
			"loop": true,
			"bones": {
				"swing": {
					"rotation": ["2.5*math.sin(q.anim_time*90*2)*0.5", 0, "2.5*math.sin(q.anim_time*90*2+90)*0.5"],
					"position": [0, "math.sin(q.anim_time*90*2)*0.1", 0]
				},
				"arm_left3": {
					"rotation": [0, 0, "-17.5+math.sin(q.anim_time*90*4)*1"]
				},
				"arm_left4": {
					"rotation": [0, 0, "-32.5+math.sin(q.anim_time*90*4)*2.5"]
				},
				"candle_front_left": {
					"rotation": [75.57681, "-13.9445+math.sin(q.anim_time*90*2)*2.5", "-20.903-math.sin(q.anim_time*90*4)*2.5"],
					"position": [9, 2, 0]
				},
				"candle_front_left2": {
					"rotation": [2.73725, -19.76134, -10.59189]
				},
				"flame_front_left": {
					"rotation": ["0.5-math.sin(q.anim_time*90*4-30)*5", -7.5, "(-3.5-math.sin(q.anim_time*90*4-30)*5)-math.sin(q.anim_time*90*2+90)*1"],
					"scale": ["1+math.sin(q.anim_time*90*4-135)*0.15", 1, 1]
				},
				"arm_right3": {
					"rotation": [0, 0, "17.5-math.sin(q.anim_time*90*4)*1"]
				},
				"arm_right4": {
					"rotation": [0, 0, "32.5-math.sin(q.anim_time*90*4)*2.5"]
				},
				"candle_front_right": {
					"rotation": [60.06448, "-11.3138-math.sin(q.anim_time*90*2)*2.5", "14.7429+math.sin(q.anim_time*90*4)*2.5"],
					"position": [-9, 1, 1]
				},
				"candle_front_right2": {
					"rotation": [2.73725, 19.76134, 10.59189]
				},
				"flame_front_right": {
					"rotation": ["-0.5-math.sin(q.anim_time*90*4-75)*5", 7.5, "(3.5-math.sin(q.anim_time*90*4-75)*5)-math.sin(q.anim_time*90*2+90)*1"],
					"scale": ["1+math.sin(q.anim_time*90*4-45)*0.15", 1, 1]
				},
				"arm_right2": {
					"rotation": [0, 0, "10-math.sin(q.anim_time*90*4)*1"]
				},
				"arm_left2": {
					"rotation": [0, 0, "-10+math.sin(q.anim_time*90*4)*1"]
				},
				"flame_middle": {
					"rotation": ["0+math.sin(q.anim_time*90*4-45)*5", 0, "0+math.sin(q.anim_time*90*4-135)*5"],
					"scale": [1, "1+math.sin(q.anim_time*90*4)*0.06", 1]
				},
				"flame_middle2": {
					"rotation": ["-2.5+math.sin(q.anim_time*90*4-185)*7", 0, "2.5+math.sin(q.anim_time*90*4-275)*8"],
					"scale": [1, "1+math.sin(q.anim_time*90*4-90)*0.08", 1]
				},
				"flame_middle3": {
					"rotation": ["3.5+math.sin(q.anim_time*90*4-295)*6", 0, "-3.5+math.sin(q.anim_time*90*4-385)*7"],
					"scale": [1, "1+math.sin(q.anim_time*90*4-170)*0.1", 1]
				},
				"head": {
					"rotation": [0, 0, 0]
				},
				"flame_inner": {
					"rotation": [0, "5*math.sin(q.anim_time*90*2+120)", 0],
					"scale": ["1-math.sin(q.anim_time*90*4)*0.06", 1, "1-math.sin(q.anim_time*90*4)*0.06"]
				},
				"body": {
					"position": [0, 5, 0]
				},
				"candle_front_left3": {
					"rotation": [7.6734, -26.48829, -16.80857]
				},
				"flame_front_left2": {
					"rotation": ["0.5-math.sin(q.anim_time*90*4-160)*5", 0, "-3.5-math.sin(q.anim_time*90*4-160)*8"],
					"scale": ["1+math.sin(q.anim_time*90*4-255)*0.2", 1, 1]
				},
				"flame_front_left3": {
					"rotation": ["0.5-math.sin(q.anim_time*90*4-250)*5", 0, "-3.5-math.sin(q.anim_time*90*4-250)*8"],
					"scale": ["1+math.sin(q.anim_time*90*4-325)*0.15", 1, 1]
				},
				"arm_left5": {
					"rotation": [0, 0, "-55+math.sin(q.anim_time*90*4)*4"]
				},
				"arm_left6": {
					"rotation": [0, 0, "-82.5+math.sin(q.anim_time*90*4)*4"]
				},
				"arm_left7": {
					"rotation": [0, 0, "-105+math.sin(q.anim_time*90*4)*4"]
				},
				"candle_front_right3": {
					"rotation": [7.6734, 26.48829, 16.80857]
				},
				"flame_front_right2": {
					"rotation": ["-0.5-math.sin(q.anim_time*90*4-205)*5", 0, "3.5-math.sin(q.anim_time*90*4-205)*8"],
					"scale": ["1+math.sin(q.anim_time*90*4-165)*0.2", 1, 1]
				},
				"flame_front_right3": {
					"rotation": ["-0.5-math.sin(q.anim_time*90*4-295)*5", 0, "(3.5-math.sin(q.anim_time*90*4-295)*5)"],
					"scale": ["1+math.sin(q.anim_time*90*4-235)*0.15", 1, 1]
				},
				"flame_middle4": {
					"rotation": ["-2.5+math.sin(q.anim_time*90*4+165)*6", 0, "2.5+math.sin(q.anim_time*90*4+255)*8"],
					"scale": [1, "1+math.sin(q.anim_time*90*4-220)*0.1", 1]
				},
				"flame_middle5": {
					"rotation": ["0+math.sin(q.anim_time*90*4+45)*8", 0, "0+math.sin(q.anim_time*90*4+135)*6"],
					"scale": [1, "1+math.sin(q.anim_time*90*4-260)*0.08", 1]
				},
				"arm_right5": {
					"rotation": [0, 0, "55-math.sin(q.anim_time*90*4)*4"]
				},
				"arm_right6": {
					"rotation": [0, 0, "82.5-math.sin(q.anim_time*90*4)*4"]
				},
				"arm_right7": {
					"rotation": [0, 0, "105-math.sin(q.anim_time*90*4)*4"]
				},
				"arm_left": {
					"rotation": [0, 0, "12.5+math.sin(q.anim_time*90*4)*1"]
				},
				"arm_right": {
					"rotation": [0, 0, "-12.5-math.sin(q.anim_time*90*4)*1"]
				},
				"arm_left8": {
					"rotation": [0, 0, "12.5+math.sin(q.anim_time*90*4)*1"]
				},
				"arm_left9": {
					"rotation": [0, 0, "-10+math.sin(q.anim_time*90*4)*1"]
				},
				"arm_left10": {
					"rotation": [0, 0, "-17.5+math.sin(q.anim_time*90*4)*1"]
				},
				"candle_front_left5": {
					"rotation": [75.57681, "-13.9445+math.sin(q.anim_time*90*2)*2.5", "-20.903-math.sin(q.anim_time*90*4)*2.5"],
					"position": [9, 2, 0]
				},
				"candle_front_left6": {
					"rotation": [2.73725, -19.76134, -10.59189]
				},
				"candle_front_left7": {
					"rotation": [7.6734, -26.48829, -16.80857]
				},
				"flame_front_left4": {
					"rotation": ["0.5-math.sin(q.anim_time*90*4-30)*5", -7.5, "(-3.5-math.sin(q.anim_time*90*4-30)*5)-math.sin(q.anim_time*90*2+90)*1"],
					"scale": ["1+math.sin(q.anim_time*90*4-135)*0.15", 1, 1]
				},
				"flame_front_left5": {
					"rotation": ["0.5-math.sin(q.anim_time*90*4-160)*5", 0, "-3.5-math.sin(q.anim_time*90*4-160)*8"],
					"scale": ["1+math.sin(q.anim_time*90*4-255)*0.2", 1, 1]
				},
				"flame_front_left6": {
					"rotation": ["0.5-math.sin(q.anim_time*90*4-250)*5", 0, "-3.5-math.sin(q.anim_time*90*4-250)*8"],
					"scale": ["1+math.sin(q.anim_time*90*4-325)*0.15", 1, 1]
				},
				"candle_back_left5": {
					"rotation": [-88.386, "14.4167+math.sin(q.anim_time*90*2)*2.5", "-31.5909-math.sin(q.anim_time*90*4)*2.5"],
					"position": [11, 2, 0]
				},
				"candle_back_left6": {
					"rotation": [-2.73725, 19.76134, -10.59189]
				},
				"candle_back_left7": {
					"rotation": [7.6734, 26.48829, -16.80857]
				},
				"flame_back_left4": {
					"rotation": ["0.5+math.sin(q.anim_time*90*4-75)*5", 7.5, "(-3.5+math.sin(q.anim_time*90*4-75)*5)-math.sin(q.anim_time*90*2+90)*1"],
					"scale": ["1+math.sin(q.anim_time*90*4-45)*0.15", 1, 1]
				},
				"flame_back_left5": {
					"rotation": ["0.5+math.sin(q.anim_time*90*4-205)*5", 0, "-3.5+math.sin(q.anim_time*90*4-205)*8"],
					"scale": ["1+math.sin(q.anim_time*90*4-165)*0.2", 1, 1]
				},
				"flame_back_left6": {
					"rotation": ["0.5+math.sin(q.anim_time*90*4-295)*5", 0, "(-3.5+math.sin(q.anim_time*90*4-295)*5)"],
					"scale": ["1+math.sin(q.anim_time*90*4-235)*0.15", 1, 1]
				},
				"arm_left11": {
					"rotation": [0, 0, "-32.5+math.sin(q.anim_time*90*4)*2.5"]
				},
				"arm_left12": {
					"rotation": [0, 0, "-55+math.sin(q.anim_time*90*4)*4"]
				},
				"arm_left13": {
					"rotation": [0, 0, "-82.5+math.sin(q.anim_time*90*4)*4"]
				},
				"arm_left14": {
					"rotation": [0, 0, "-105+math.sin(q.anim_time*90*4)*4"]
				},
				"arm_right8": {
					"rotation": [0, 0, "0-math.sin(q.anim_time*90*4)*1"]
				},
				"arm_right9": {
					"rotation": [0, 0, "10-math.sin(q.anim_time*90*4)*1"]
				},
				"arm_right10": {
					"rotation": [0, 0, "17.5-math.sin(q.anim_time*90*4)*1"]
				},
				"candle_front_right5": {
					"rotation": [60.06448, "-11.3138-math.sin(q.anim_time*90*2)*2.5", "14.7429+math.sin(q.anim_time*90*4)*2.5"],
					"position": [-9, 1, 1]
				},
				"candle_front_right6": {
					"rotation": [2.73725, 19.76134, 10.59189]
				},
				"candle_front_right7": {
					"rotation": [7.6734, 26.48829, 16.80857]
				},
				"flame_front_right4": {
					"rotation": ["-0.5-math.sin(q.anim_time*90*4-75)*5", 7.5, "(3.5-math.sin(q.anim_time*90*4-75)*5)-math.sin(q.anim_time*90*2+90)*1"],
					"scale": ["1+math.sin(q.anim_time*90*4-45)*0.15", 1, 1]
				},
				"flame_front_right5": {
					"rotation": ["-0.5-math.sin(q.anim_time*90*4-205)*5", 0, "3.5-math.sin(q.anim_time*90*4-205)*8"],
					"scale": ["1+math.sin(q.anim_time*90*4-165)*0.2", 1, 1]
				},
				"flame_front_right6": {
					"rotation": ["-0.5-math.sin(q.anim_time*90*4-295)*5", 0, "(3.5-math.sin(q.anim_time*90*4-295)*5)"],
					"scale": ["1+math.sin(q.anim_time*90*4-235)*0.15", 1, 1]
				},
				"candle_back_right5": {
					"rotation": [-89.37784, "-14.5957-math.sin(q.anim_time*90*2)*2.5", "28.3623+math.sin(q.anim_time*90*4)*2.5"],
					"position": [-10, 0, 0]
				},
				"candle_back_right6": {
					"rotation": [-2.73725, -19.76134, 10.59189]
				},
				"candle_back_right7": {
					"rotation": [7.6734, -26.48829, 16.80857]
				},
				"flame_back_right4": {
					"rotation": ["-0.5+math.sin(q.anim_time*90*4-30)*5", -7.5, "(3.5+math.sin(q.anim_time*90*4-30)*5)-math.sin(q.anim_time*90*2+90)*1"],
					"scale": ["1+math.sin(q.anim_time*90*4-135)*0.15", 1, 1]
				},
				"flame_back_right5": {
					"rotation": ["-0.5+math.sin(q.anim_time*90*4-160)*5", 0, "3.5+math.sin(q.anim_time*90*4-160)*8"],
					"scale": ["1+math.sin(q.anim_time*90*4-255)*0.2", 1, 1]
				},
				"flame_back_right6": {
					"rotation": ["-0.5+math.sin(q.anim_time*90*4-250)*5", 0, "3.5+math.sin(q.anim_time*90*4-250)*8"],
					"scale": ["1+math.sin(q.anim_time*90*4-325)*0.15", 1, 1]
				},
				"arm_right11": {
					"rotation": [0, 0, "32.5-math.sin(q.anim_time*90*4)*2.5"]
				},
				"arm_right12": {
					"rotation": [0, 0, "55-math.sin(q.anim_time*90*4)*4"]
				},
				"arm_right13": {
					"rotation": [0, 0, "82.5-math.sin(q.anim_time*90*4)*4"]
				},
				"arm_right14": {
					"rotation": [0, 0, "105-math.sin(q.anim_time*90*4)*4"]
				},
				"arms2": {
					"scale": 0.7
				},
				"arm_left15": {
					"rotation": [33.74782, 1.07735, "44.0622+math.sin(q.anim_time*90*4)*1"]
				},
				"arm_left16": {
					"rotation": [0, 0, "-10+math.sin(q.anim_time*90*4)*1"]
				},
				"arm_left17": {
					"rotation": [0, 0, "-17.5+math.sin(q.anim_time*90*4)*1"]
				},
				"arm_left18": {
					"rotation": [0, 0, "-32.5+math.sin(q.anim_time*90*4)*2.5"]
				},
				"arm_left19": {
					"rotation": [0, 0, "-55+math.sin(q.anim_time*90*4)*4"]
				},
				"arm_left20": {
					"rotation": [0, 0, "-82.5+math.sin(q.anim_time*90*4)*4"]
				},
				"arm_left21": {
					"rotation": [0, 0, "-105+math.sin(q.anim_time*90*4)*4"]
				},
				"arm_left22": {
					"rotation": [0, 0, "27.5+math.sin(q.anim_time*90*4)*1"]
				},
				"arm_left23": {
					"rotation": [0, 0, "20+math.sin(q.anim_time*90*4)*1"]
				},
				"arm_left24": {
					"rotation": [0, 0, "-17.5+math.sin(q.anim_time*90*4)*1"]
				},
				"candle_back_left2": {
					"rotation": [-88.386, "14.4167+math.sin(q.anim_time*90*2)*2.5", "-31.5909-math.sin(q.anim_time*90*4)*2.5"],
					"position": [6, 0, 0]
				},
				"candle_back_left3": {
					"rotation": [-2.73725, 19.76134, -10.59189]
				},
				"candle_back_left4": {
					"rotation": [7.6734, 26.48829, -16.80857]
				},
				"flame_back_left2": {
					"rotation": ["0.5+math.sin(q.anim_time*90*4-75)*5", 7.5, "(-3.5+math.sin(q.anim_time*90*4-75)*5)-math.sin(q.anim_time*90*2+90)*1"],
					"scale": ["1+math.sin(q.anim_time*90*4-45)*0.15", 1, 1]
				},
				"flame_back_left3": {
					"rotation": ["0.5+math.sin(q.anim_time*90*4-205)*5", 0, "-3.5+math.sin(q.anim_time*90*4-205)*8"],
					"scale": ["1+math.sin(q.anim_time*90*4-165)*0.2", 1, 1]
				},
				"flame_back_left7": {
					"rotation": ["0.5+math.sin(q.anim_time*90*4-295)*5", 0, "(-3.5+math.sin(q.anim_time*90*4-295)*5)"],
					"scale": ["1+math.sin(q.anim_time*90*4-235)*0.15", 1, 1]
				},
				"arm_right15": {
					"rotation": [25, 0, "-40-math.sin(q.anim_time*90*4)*1"]
				},
				"arm_right16": {
					"rotation": [0, 0, "10-math.sin(q.anim_time*90*4)*1"]
				},
				"arm_right17": {
					"rotation": [0, 0, "17.5-math.sin(q.anim_time*90*4)*1"]
				},
				"arm_right18": {
					"rotation": [0, 0, "32.5-math.sin(q.anim_time*90*4)*2.5"]
				},
				"arm_right19": {
					"rotation": [0, 0, "55-math.sin(q.anim_time*90*4)*4"]
				},
				"arm_right20": {
					"rotation": [0, 0, "82.5-math.sin(q.anim_time*90*4)*4"]
				},
				"arm_right21": {
					"rotation": [0, 0, "105-math.sin(q.anim_time*90*4)*4"]
				},
				"arm_right22": {
					"rotation": [0, 0, "-27.5-math.sin(q.anim_time*90*4)*1"]
				},
				"arm_right23": {
					"rotation": [0, 0, "-20-math.sin(q.anim_time*90*4)*1"]
				},
				"arm_right24": {
					"rotation": [0, 0, "17.5-math.sin(q.anim_time*90*4)*1"]
				},
				"candle_back_right2": {
					"rotation": [-89.37784, "-14.5957-math.sin(q.anim_time*90*2)*2.5", "28.3623+math.sin(q.anim_time*90*4)*2.5"],
					"position": [-5, -1, 0]
				},
				"candle_back_right3": {
					"rotation": [-2.73725, -19.76134, 10.59189]
				},
				"candle_back_right4": {
					"rotation": [7.6734, -26.48829, 16.80857]
				},
				"flame_back_right2": {
					"rotation": ["-0.5+math.sin(q.anim_time*90*4-30)*5", -7.5, "(3.5+math.sin(q.anim_time*90*4-30)*5)-math.sin(q.anim_time*90*2+90)*1"],
					"scale": ["1+math.sin(q.anim_time*90*4-135)*0.15", 1, 1]
				},
				"flame_back_right3": {
					"rotation": ["-0.5+math.sin(q.anim_time*90*4-160)*5", 0, "3.5+math.sin(q.anim_time*90*4-160)*8"],
					"scale": ["1+math.sin(q.anim_time*90*4-255)*0.2", 1, 1]
				},
				"flame_back_right7": {
					"rotation": ["-0.5+math.sin(q.anim_time*90*4-250)*5", 0, "3.5+math.sin(q.anim_time*90*4-250)*8"],
					"scale": ["1+math.sin(q.anim_time*90*4-325)*0.15", 1, 1]
				},
				"arm_left29": {
					"rotation": [0, 0, "22.5+math.sin(q.anim_time*90*4)*1"]
				},
				"arm_left30": {
					"rotation": [0, 0, "20+math.sin(q.anim_time*90*4)*1"]
				},
				"arm_left31": {
					"rotation": [0, 0, "-17.5+math.sin(q.anim_time*90*4)*1"]
				},
				"candle_back_left10": {
					"rotation": [-88.386, "14.4167+math.sin(q.anim_time*90*2)*2.5", "-31.5909-math.sin(q.anim_time*90*4)*2.5"],
					"position": [7, 0, 0]
				},
				"candle_back_left11": {
					"rotation": [-2.73725, 19.76134, -10.59189]
				},
				"candle_back_left12": {
					"rotation": [7.6734, 26.48829, -16.80857]
				},
				"flame_back_left8": {
					"rotation": ["0.5+math.sin(q.anim_time*90*4-75)*5", 7.5, "(-3.5+math.sin(q.anim_time*90*4-75)*5)-math.sin(q.anim_time*90*2+90)*1"],
					"scale": ["1+math.sin(q.anim_time*90*4-45)*0.15", 1, 1]
				},
				"flame_back_left9": {
					"rotation": ["0.5+math.sin(q.anim_time*90*4-205)*5", 0, "-3.5+math.sin(q.anim_time*90*4-205)*8"],
					"scale": ["1+math.sin(q.anim_time*90*4-165)*0.2", 1, 1]
				},
				"flame_back_left10": {
					"rotation": ["0.5+math.sin(q.anim_time*90*4-295)*5", 0, "(-3.5+math.sin(q.anim_time*90*4-295)*5)"],
					"scale": ["1+math.sin(q.anim_time*90*4-235)*0.15", 1, 1]
				},
				"arm_right29": {
					"rotation": [0, 0, "-15-math.sin(q.anim_time*90*4)*1"],
					"position": [0, -2, 0]
				},
				"arm_right30": {
					"rotation": [0, 0, "-10-math.sin(q.anim_time*90*4)*1"]
				},
				"arm_right31": {
					"rotation": [0, 0, "17.5-math.sin(q.anim_time*90*4)*1"]
				},
				"candle_back_right10": {
					"rotation": [-89.37784, "-14.5957-math.sin(q.anim_time*90*2)*2.5", "28.3623+math.sin(q.anim_time*90*4)*2.5"],
					"position": [-7, -1, 0]
				},
				"candle_back_right11": {
					"rotation": [-2.73725, -19.76134, 10.59189]
				},
				"candle_back_right12": {
					"rotation": [7.6734, -26.48829, 16.80857]
				},
				"flame_back_right8": {
					"rotation": ["-0.5+math.sin(q.anim_time*90*4-30)*5", -7.5, "(3.5+math.sin(q.anim_time*90*4-30)*5)-math.sin(q.anim_time*90*2+90)*1"],
					"scale": ["1+math.sin(q.anim_time*90*4-135)*0.15", 1, 1]
				},
				"flame_back_right9": {
					"rotation": ["-0.5+math.sin(q.anim_time*90*4-160)*5", 0, "3.5+math.sin(q.anim_time*90*4-160)*8"],
					"scale": ["1+math.sin(q.anim_time*90*4-255)*0.2", 1, 1]
				},
				"flame_back_right10": {
					"rotation": ["-0.5+math.sin(q.anim_time*90*4-250)*5", 0, "3.5+math.sin(q.anim_time*90*4-250)*8"],
					"scale": ["1+math.sin(q.anim_time*90*4-325)*0.15", 1, 1]
				},
				"bone8": {
					"position": [0, -2, 0],
					"scale": 1.3
				},
				"candle_back_right14": {
					"rotation": [-88.59675, "-64.5897-math.sin(q.anim_time*90*2)*2.5", "27.2515+math.sin(q.anim_time*90*4)*2.5"],
					"position": [-7, -1, 0]
				},
				"candle_back_right15": {
					"rotation": [-2.73725, -19.76134, 10.59189]
				},
				"candle_back_right16": {
					"rotation": [7.6734, -26.48829, 16.80857]
				},
				"flame_back_right11": {
					"rotation": ["-0.5+math.sin(q.anim_time*90*4-30)*5", -7.5, "(3.5+math.sin(q.anim_time*90*4-30)*5)-math.sin(q.anim_time*90*2+90)*1"],
					"scale": ["1+math.sin(q.anim_time*90*4-135)*0.15", 1, 1]
				},
				"flame_back_right12": {
					"rotation": ["-0.5+math.sin(q.anim_time*90*4-160)*5", 0, "3.5+math.sin(q.anim_time*90*4-160)*8"],
					"scale": ["1+math.sin(q.anim_time*90*4-255)*0.2", 1, 1]
				},
				"flame_back_right13": {
					"rotation": ["-0.5+math.sin(q.anim_time*90*4-250)*5", 0, "3.5+math.sin(q.anim_time*90*4-250)*8"],
					"scale": ["1+math.sin(q.anim_time*90*4-325)*0.15", 1, 1]
				},
				"candle_back_left14": {
					"rotation": [-86.38327, "64.3778+math.sin(q.anim_time*90*2)*2.5", "-28.7309-math.sin(q.anim_time*90*4)*2.5"],
					"position": [7, 0, 0]
				},
				"candle_back_left15": {
					"rotation": [-2.73725, 19.76134, -10.59189]
				},
				"candle_back_left16": {
					"rotation": [7.6734, 26.48829, -16.80857]
				},
				"flame_back_left11": {
					"rotation": ["0.5+math.sin(q.anim_time*90*4-75)*5", 7.5, "(-3.5+math.sin(q.anim_time*90*4-75)*5)-math.sin(q.anim_time*90*2+90)*1"],
					"scale": ["1+math.sin(q.anim_time*90*4-45)*0.15", 1, 1]
				},
				"flame_back_left12": {
					"rotation": ["0.5+math.sin(q.anim_time*90*4-205)*5", 0, "-3.5+math.sin(q.anim_time*90*4-205)*8"],
					"scale": ["1+math.sin(q.anim_time*90*4-165)*0.2", 1, 1]
				},
				"flame_back_left13": {
					"rotation": ["0.5+math.sin(q.anim_time*90*4-295)*5", 0, "(-3.5+math.sin(q.anim_time*90*4-295)*5)"],
					"scale": ["1+math.sin(q.anim_time*90*4-235)*0.15", 1, 1]
				}
			}
		},
		"animation.chandelure_mega.special": {
			"loop": true,
			"animation_length": 3,
			"bones": {
				"swing": {
					"rotation": ["2.5*math.sin(q.anim_time*90*2)*0.5", 0, "2.5*math.sin(q.anim_time*90*2+90)*0.5"],
					"position": [0, "math.sin(q.anim_time*90*2)*0.1", 0]
				},
				"arm_left3": {
					"rotation": [0, 0, "-17.5+math.sin(q.anim_time*90*4)*1"]
				},
				"arm_left4": {
					"rotation": [0, 0, "-32.5+math.sin(q.anim_time*90*4)*2.5"]
				},
				"candle_front_left": {
					"rotation": [75.57681, "-13.9445+math.sin(q.anim_time*90*2)*2.5", "-20.903-math.sin(q.anim_time*90*4)*2.5"],
					"position": [9, 2, 0]
				},
				"candle_front_left2": {
					"rotation": [2.73725, -19.76134, -10.59189]
				},
				"flame_front_left": {
					"rotation": ["0.5-math.sin(q.anim_time*90*4-30)*5", -7.5, "(-3.5-math.sin(q.anim_time*90*4-30)*5)-math.sin(q.anim_time*90*2+90)*1"],
					"scale": ["1+math.sin(q.anim_time*90*4-135)*0.15", 1, 1]
				},
				"arm_right3": {
					"rotation": [0, 0, "17.5-math.sin(q.anim_time*90*4)*1"]
				},
				"arm_right4": {
					"rotation": [0, 0, "32.5-math.sin(q.anim_time*90*4)*2.5"]
				},
				"candle_front_right": {
					"rotation": [60.06448, "-11.3138-math.sin(q.anim_time*90*2)*2.5", "14.7429+math.sin(q.anim_time*90*4)*2.5"],
					"position": [-9, 1, 1]
				},
				"candle_front_right2": {
					"rotation": [2.73725, 19.76134, 10.59189]
				},
				"flame_front_right": {
					"rotation": ["-0.5-math.sin(q.anim_time*90*4-75)*5", 7.5, "(3.5-math.sin(q.anim_time*90*4-75)*5)-math.sin(q.anim_time*90*2+90)*1"],
					"scale": ["1+math.sin(q.anim_time*90*4-45)*0.15", 1, 1]
				},
				"arm_right2": {
					"rotation": [0, 0, "10-math.sin(q.anim_time*90*4)*1"]
				},
				"arm_left2": {
					"rotation": [0, 0, "-10+math.sin(q.anim_time*90*4)*1"]
				},
				"flame_middle": {
					"rotation": ["0+math.sin(q.anim_time*90*4-45)*5", 0, "0+math.sin(q.anim_time*90*4-135)*5"],
					"scale": [1, "1+math.sin(q.anim_time*90*4)*0.06", 1]
				},
				"flame_middle2": {
					"rotation": ["-2.5+math.sin(q.anim_time*90*4-185)*7", 0, "2.5+math.sin(q.anim_time*90*4-275)*8"],
					"scale": [1, "1+math.sin(q.anim_time*90*4-90)*0.08", 1]
				},
				"flame_middle3": {
					"rotation": ["3.5+math.sin(q.anim_time*90*4-295)*6", 0, "-3.5+math.sin(q.anim_time*90*4-385)*7"],
					"scale": [1, "1+math.sin(q.anim_time*90*4-170)*0.1", 1]
				},
				"head": {
					"rotation": [0, 0, 0]
				},
				"flame_inner": {
					"rotation": [0, "5*math.sin(q.anim_time*90*2+120)", 0],
					"scale": ["1-math.sin(q.anim_time*90*4)*0.06", 1, "1-math.sin(q.anim_time*90*4)*0.06"]
				},
				"candle_front_left3": {
					"rotation": [7.6734, -26.48829, -16.80857]
				},
				"flame_front_left2": {
					"rotation": ["0.5-math.sin(q.anim_time*90*4-160)*5", 0, "-3.5-math.sin(q.anim_time*90*4-160)*8"],
					"scale": ["1+math.sin(q.anim_time*90*4-255)*0.2", 1, 1]
				},
				"flame_front_left3": {
					"rotation": ["0.5-math.sin(q.anim_time*90*4-250)*5", 0, "-3.5-math.sin(q.anim_time*90*4-250)*8"],
					"scale": ["1+math.sin(q.anim_time*90*4-325)*0.15", 1, 1]
				},
				"arm_left5": {
					"rotation": [0, 0, "-55+math.sin(q.anim_time*90*4)*4"]
				},
				"arm_left6": {
					"rotation": [0, 0, "-82.5+math.sin(q.anim_time*90*4)*4"]
				},
				"arm_left7": {
					"rotation": [0, 0, "-105+math.sin(q.anim_time*90*4)*4"]
				},
				"candle_front_right3": {
					"rotation": [7.6734, 26.48829, 16.80857]
				},
				"flame_front_right2": {
					"rotation": ["-0.5-math.sin(q.anim_time*90*4-205)*5", 0, "3.5-math.sin(q.anim_time*90*4-205)*8"],
					"scale": ["1+math.sin(q.anim_time*90*4-165)*0.2", 1, 1]
				},
				"flame_front_right3": {
					"rotation": ["-0.5-math.sin(q.anim_time*90*4-295)*5", 0, "(3.5-math.sin(q.anim_time*90*4-295)*5)"],
					"scale": ["1+math.sin(q.anim_time*90*4-235)*0.15", 1, 1]
				},
				"flame_middle4": {
					"rotation": ["-2.5+math.sin(q.anim_time*90*4+165)*6", 0, "2.5+math.sin(q.anim_time*90*4+255)*8"],
					"scale": [1, "1+math.sin(q.anim_time*90*4-220)*0.1", 1]
				},
				"flame_middle5": {
					"rotation": ["0+math.sin(q.anim_time*90*4+45)*8", 0, "0+math.sin(q.anim_time*90*4+135)*6"],
					"scale": [1, "1+math.sin(q.anim_time*90*4-260)*0.08", 1]
				},
				"arm_right5": {
					"rotation": [0, 0, "55-math.sin(q.anim_time*90*4)*4"]
				},
				"arm_right6": {
					"rotation": [0, 0, "82.5-math.sin(q.anim_time*90*4)*4"]
				},
				"arm_right7": {
					"rotation": [0, 0, "105-math.sin(q.anim_time*90*4)*4"]
				},
				"arm_left": {
					"rotation": [0, 0, "12.5+math.sin(q.anim_time*90*4)*1"]
				},
				"arm_right": {
					"rotation": [0, 0, "-12.5-math.sin(q.anim_time*90*4)*1"]
				},
				"arm_left8": {
					"rotation": [0, 0, "12.5+math.sin(q.anim_time*90*4)*1"]
				},
				"arm_left9": {
					"rotation": [0, 0, "-10+math.sin(q.anim_time*90*4)*1"]
				},
				"arm_left10": {
					"rotation": [0, 0, "-17.5+math.sin(q.anim_time*90*4)*1"]
				},
				"candle_front_left5": {
					"rotation": [75.57681, "-13.9445+math.sin(q.anim_time*90*2)*2.5", "-20.903-math.sin(q.anim_time*90*4)*2.5"],
					"position": [9, 2, 0]
				},
				"candle_front_left6": {
					"rotation": [2.73725, -19.76134, -10.59189]
				},
				"candle_front_left7": {
					"rotation": [7.6734, -26.48829, -16.80857]
				},
				"flame_front_left4": {
					"rotation": ["0.5-math.sin(q.anim_time*90*4-30)*5", -7.5, "(-3.5-math.sin(q.anim_time*90*4-30)*5)-math.sin(q.anim_time*90*2+90)*1"],
					"scale": ["1+math.sin(q.anim_time*90*4-135)*0.15", 1, 1]
				},
				"flame_front_left5": {
					"rotation": ["0.5-math.sin(q.anim_time*90*4-160)*5", 0, "-3.5-math.sin(q.anim_time*90*4-160)*8"],
					"scale": ["1+math.sin(q.anim_time*90*4-255)*0.2", 1, 1]
				},
				"flame_front_left6": {
					"rotation": ["0.5-math.sin(q.anim_time*90*4-250)*5", 0, "-3.5-math.sin(q.anim_time*90*4-250)*8"],
					"scale": ["1+math.sin(q.anim_time*90*4-325)*0.15", 1, 1]
				},
				"candle_back_left5": {
					"rotation": [-88.386, "14.4167+math.sin(q.anim_time*90*2)*2.5", "-31.5909-math.sin(q.anim_time*90*4)*2.5"],
					"position": [11, 2, 0]
				},
				"candle_back_left6": {
					"rotation": [-2.73725, 19.76134, -10.59189]
				},
				"candle_back_left7": {
					"rotation": [7.6734, 26.48829, -16.80857]
				},
				"flame_back_left4": {
					"rotation": ["0.5+math.sin(q.anim_time*90*4-75)*5", 7.5, "(-3.5+math.sin(q.anim_time*90*4-75)*5)-math.sin(q.anim_time*90*2+90)*1"],
					"scale": ["1+math.sin(q.anim_time*90*4-45)*0.15", 1, 1]
				},
				"flame_back_left5": {
					"rotation": ["0.5+math.sin(q.anim_time*90*4-205)*5", 0, "-3.5+math.sin(q.anim_time*90*4-205)*8"],
					"scale": ["1+math.sin(q.anim_time*90*4-165)*0.2", 1, 1]
				},
				"flame_back_left6": {
					"rotation": ["0.5+math.sin(q.anim_time*90*4-295)*5", 0, "(-3.5+math.sin(q.anim_time*90*4-295)*5)"],
					"scale": ["1+math.sin(q.anim_time*90*4-235)*0.15", 1, 1]
				},
				"arm_left11": {
					"rotation": [0, 0, "-32.5+math.sin(q.anim_time*90*4)*2.5"]
				},
				"arm_left12": {
					"rotation": [0, 0, "-55+math.sin(q.anim_time*90*4)*4"]
				},
				"arm_left13": {
					"rotation": [0, 0, "-82.5+math.sin(q.anim_time*90*4)*4"]
				},
				"arm_left14": {
					"rotation": [0, 0, "-105+math.sin(q.anim_time*90*4)*4"]
				},
				"arm_right8": {
					"rotation": [0, 0, "0-math.sin(q.anim_time*90*4)*1"]
				},
				"arm_right9": {
					"rotation": [0, 0, "10-math.sin(q.anim_time*90*4)*1"]
				},
				"arm_right10": {
					"rotation": [0, 0, "17.5-math.sin(q.anim_time*90*4)*1"]
				},
				"candle_front_right5": {
					"rotation": [60.06448, "-11.3138-math.sin(q.anim_time*90*2)*2.5", "14.7429+math.sin(q.anim_time*90*4)*2.5"],
					"position": [-9, 1, 1]
				},
				"candle_front_right6": {
					"rotation": [2.73725, 19.76134, 10.59189]
				},
				"candle_front_right7": {
					"rotation": [7.6734, 26.48829, 16.80857]
				},
				"flame_front_right4": {
					"rotation": ["-0.5-math.sin(q.anim_time*90*4-75)*5", 7.5, "(3.5-math.sin(q.anim_time*90*4-75)*5)-math.sin(q.anim_time*90*2+90)*1"],
					"scale": ["1+math.sin(q.anim_time*90*4-45)*0.15", 1, 1]
				},
				"flame_front_right5": {
					"rotation": ["-0.5-math.sin(q.anim_time*90*4-205)*5", 0, "3.5-math.sin(q.anim_time*90*4-205)*8"],
					"scale": ["1+math.sin(q.anim_time*90*4-165)*0.2", 1, 1]
				},
				"flame_front_right6": {
					"rotation": ["-0.5-math.sin(q.anim_time*90*4-295)*5", 0, "(3.5-math.sin(q.anim_time*90*4-295)*5)"],
					"scale": ["1+math.sin(q.anim_time*90*4-235)*0.15", 1, 1]
				},
				"candle_back_right5": {
					"rotation": [-89.37784, "-14.5957-math.sin(q.anim_time*90*2)*2.5", "28.3623+math.sin(q.anim_time*90*4)*2.5"],
					"position": [-10, 0, 0]
				},
				"candle_back_right6": {
					"rotation": [-2.73725, -19.76134, 10.59189]
				},
				"candle_back_right7": {
					"rotation": [7.6734, -26.48829, 16.80857]
				},
				"flame_back_right4": {
					"rotation": ["-0.5+math.sin(q.anim_time*90*4-30)*5", -7.5, "(3.5+math.sin(q.anim_time*90*4-30)*5)-math.sin(q.anim_time*90*2+90)*1"],
					"scale": ["1+math.sin(q.anim_time*90*4-135)*0.15", 1, 1]
				},
				"flame_back_right5": {
					"rotation": ["-0.5+math.sin(q.anim_time*90*4-160)*5", 0, "3.5+math.sin(q.anim_time*90*4-160)*8"],
					"scale": ["1+math.sin(q.anim_time*90*4-255)*0.2", 1, 1]
				},
				"flame_back_right6": {
					"rotation": ["-0.5+math.sin(q.anim_time*90*4-250)*5", 0, "3.5+math.sin(q.anim_time*90*4-250)*8"],
					"scale": ["1+math.sin(q.anim_time*90*4-325)*0.15", 1, 1]
				},
				"arm_right11": {
					"rotation": [0, 0, "32.5-math.sin(q.anim_time*90*4)*2.5"]
				},
				"arm_right12": {
					"rotation": [0, 0, "55-math.sin(q.anim_time*90*4)*4"]
				},
				"arm_right13": {
					"rotation": [0, 0, "82.5-math.sin(q.anim_time*90*4)*4"]
				},
				"arm_right14": {
					"rotation": [0, 0, "105-math.sin(q.anim_time*90*4)*4"]
				},
				"arms2": {
					"scale": 0.7
				},
				"arm_left15": {
					"rotation": [33.74782, 1.07735, "44.0622+math.sin(q.anim_time*90*4)*1"]
				},
				"arm_left16": {
					"rotation": [0, 0, "-10+math.sin(q.anim_time*90*4)*1"]
				},
				"arm_left17": {
					"rotation": [0, 0, "-17.5+math.sin(q.anim_time*90*4)*1"]
				},
				"arm_left18": {
					"rotation": [0, 0, "-32.5+math.sin(q.anim_time*90*4)*2.5"]
				},
				"arm_left19": {
					"rotation": [0, 0, "-55+math.sin(q.anim_time*90*4)*4"]
				},
				"arm_left20": {
					"rotation": [0, 0, "-82.5+math.sin(q.anim_time*90*4)*4"]
				},
				"arm_left21": {
					"rotation": [0, 0, "-105+math.sin(q.anim_time*90*4)*4"]
				},
				"arm_left22": {
					"rotation": [0, 0, "27.5+math.sin(q.anim_time*90*4)*1"]
				},
				"arm_left23": {
					"rotation": [0, 0, "20+math.sin(q.anim_time*90*4)*1"]
				},
				"arm_left24": {
					"rotation": [0, 0, "-17.5+math.sin(q.anim_time*90*4)*1"]
				},
				"candle_back_left2": {
					"rotation": [-88.386, "14.4167+math.sin(q.anim_time*90*2)*2.5", "-31.5909-math.sin(q.anim_time*90*4)*2.5"],
					"position": [6, 0, 0]
				},
				"candle_back_left3": {
					"rotation": [-2.73725, 19.76134, -10.59189]
				},
				"candle_back_left4": {
					"rotation": [7.6734, 26.48829, -16.80857]
				},
				"flame_back_left2": {
					"rotation": ["0.5+math.sin(q.anim_time*90*4-75)*5", 7.5, "(-3.5+math.sin(q.anim_time*90*4-75)*5)-math.sin(q.anim_time*90*2+90)*1"],
					"scale": ["1+math.sin(q.anim_time*90*4-45)*0.15", 1, 1]
				},
				"flame_back_left3": {
					"rotation": ["0.5+math.sin(q.anim_time*90*4-205)*5", 0, "-3.5+math.sin(q.anim_time*90*4-205)*8"],
					"scale": ["1+math.sin(q.anim_time*90*4-165)*0.2", 1, 1]
				},
				"flame_back_left7": {
					"rotation": ["0.5+math.sin(q.anim_time*90*4-295)*5", 0, "(-3.5+math.sin(q.anim_time*90*4-295)*5)"],
					"scale": ["1+math.sin(q.anim_time*90*4-235)*0.15", 1, 1]
				},
				"arm_right15": {
					"rotation": [25, 0, "-40-math.sin(q.anim_time*90*4)*1"]
				},
				"arm_right16": {
					"rotation": [0, 0, "10-math.sin(q.anim_time*90*4)*1"]
				},
				"arm_right17": {
					"rotation": [0, 0, "17.5-math.sin(q.anim_time*90*4)*1"]
				},
				"arm_right18": {
					"rotation": [0, 0, "32.5-math.sin(q.anim_time*90*4)*2.5"]
				},
				"arm_right19": {
					"rotation": [0, 0, "55-math.sin(q.anim_time*90*4)*4"]
				},
				"arm_right20": {
					"rotation": [0, 0, "82.5-math.sin(q.anim_time*90*4)*4"]
				},
				"arm_right21": {
					"rotation": [0, 0, "105-math.sin(q.anim_time*90*4)*4"]
				},
				"arm_right22": {
					"rotation": [0, 0, "-27.5-math.sin(q.anim_time*90*4)*1"]
				},
				"arm_right23": {
					"rotation": [0, 0, "-20-math.sin(q.anim_time*90*4)*1"]
				},
				"arm_right24": {
					"rotation": [0, 0, "17.5-math.sin(q.anim_time*90*4)*1"]
				},
				"candle_back_right2": {
					"rotation": [-89.37784, "-14.5957-math.sin(q.anim_time*90*2)*2.5", "28.3623+math.sin(q.anim_time*90*4)*2.5"],
					"position": [-5, -1, 0]
				},
				"candle_back_right3": {
					"rotation": [-2.73725, -19.76134, 10.59189]
				},
				"candle_back_right4": {
					"rotation": [7.6734, -26.48829, 16.80857]
				},
				"flame_back_right2": {
					"rotation": ["-0.5+math.sin(q.anim_time*90*4-30)*5", -7.5, "(3.5+math.sin(q.anim_time*90*4-30)*5)-math.sin(q.anim_time*90*2+90)*1"],
					"scale": ["1+math.sin(q.anim_time*90*4-135)*0.15", 1, 1]
				},
				"flame_back_right3": {
					"rotation": ["-0.5+math.sin(q.anim_time*90*4-160)*5", 0, "3.5+math.sin(q.anim_time*90*4-160)*8"],
					"scale": ["1+math.sin(q.anim_time*90*4-255)*0.2", 1, 1]
				},
				"flame_back_right7": {
					"rotation": ["-0.5+math.sin(q.anim_time*90*4-250)*5", 0, "3.5+math.sin(q.anim_time*90*4-250)*8"],
					"scale": ["1+math.sin(q.anim_time*90*4-325)*0.15", 1, 1]
				},
				"arm_left29": {
					"rotation": [0, 0, "22.5+math.sin(q.anim_time*90*4)*1"]
				},
				"arm_left30": {
					"rotation": [0, 0, "20+math.sin(q.anim_time*90*4)*1"]
				},
				"arm_left31": {
					"rotation": [0, 0, "-17.5+math.sin(q.anim_time*90*4)*1"]
				},
				"candle_back_left10": {
					"rotation": [-88.386, "14.4167+math.sin(q.anim_time*90*2)*2.5", "-31.5909-math.sin(q.anim_time*90*4)*2.5"],
					"position": [7, 0, 0]
				},
				"candle_back_left11": {
					"rotation": [-2.73725, 19.76134, -10.59189]
				},
				"candle_back_left12": {
					"rotation": [7.6734, 26.48829, -16.80857]
				},
				"flame_back_left8": {
					"rotation": ["0.5+math.sin(q.anim_time*90*4-75)*5", 7.5, "(-3.5+math.sin(q.anim_time*90*4-75)*5)-math.sin(q.anim_time*90*2+90)*1"],
					"scale": ["1+math.sin(q.anim_time*90*4-45)*0.15", 1, 1]
				},
				"flame_back_left9": {
					"rotation": ["0.5+math.sin(q.anim_time*90*4-205)*5", 0, "-3.5+math.sin(q.anim_time*90*4-205)*8"],
					"scale": ["1+math.sin(q.anim_time*90*4-165)*0.2", 1, 1]
				},
				"flame_back_left10": {
					"rotation": ["0.5+math.sin(q.anim_time*90*4-295)*5", 0, "(-3.5+math.sin(q.anim_time*90*4-295)*5)"],
					"scale": ["1+math.sin(q.anim_time*90*4-235)*0.15", 1, 1]
				},
				"arm_right29": {
					"rotation": [0, 0, "-15-math.sin(q.anim_time*90*4)*1"],
					"position": [0, -2, 0]
				},
				"arm_right30": {
					"rotation": [0, 0, "-10-math.sin(q.anim_time*90*4)*1"]
				},
				"arm_right31": {
					"rotation": [0, 0, "17.5-math.sin(q.anim_time*90*4)*1"]
				},
				"candle_back_right10": {
					"rotation": [-89.37784, "-14.5957-math.sin(q.anim_time*90*2)*2.5", "28.3623+math.sin(q.anim_time*90*4)*2.5"],
					"position": [-7, -1, 0]
				},
				"candle_back_right11": {
					"rotation": [-2.73725, -19.76134, 10.59189]
				},
				"candle_back_right12": {
					"rotation": [7.6734, -26.48829, 16.80857]
				},
				"flame_back_right8": {
					"rotation": ["-0.5+math.sin(q.anim_time*90*4-30)*5", -7.5, "(3.5+math.sin(q.anim_time*90*4-30)*5)-math.sin(q.anim_time*90*2+90)*1"],
					"scale": ["1+math.sin(q.anim_time*90*4-135)*0.15", 1, 1]
				},
				"flame_back_right9": {
					"rotation": ["-0.5+math.sin(q.anim_time*90*4-160)*5", 0, "3.5+math.sin(q.anim_time*90*4-160)*8"],
					"scale": ["1+math.sin(q.anim_time*90*4-255)*0.2", 1, 1]
				},
				"flame_back_right10": {
					"rotation": ["-0.5+math.sin(q.anim_time*90*4-250)*5", 0, "3.5+math.sin(q.anim_time*90*4-250)*8"],
					"scale": ["1+math.sin(q.anim_time*90*4-325)*0.15", 1, 1]
				},
				"bone8": {
					"position": [0, -2, 0],
					"scale": 1.3
				},
				"candle_back_right14": {
					"rotation": [-88.59675, "-64.5897-math.sin(q.anim_time*90*2)*2.5", "27.2515+math.sin(q.anim_time*90*4)*2.5"],
					"position": [-7, -1, 0]
				},
				"candle_back_right15": {
					"rotation": [-2.73725, -19.76134, 10.59189]
				},
				"candle_back_right16": {
					"rotation": [7.6734, -26.48829, 16.80857]
				},
				"flame_back_right11": {
					"rotation": ["-0.5+math.sin(q.anim_time*90*4-30)*5", -7.5, "(3.5+math.sin(q.anim_time*90*4-30)*5)-math.sin(q.anim_time*90*2+90)*1"],
					"scale": ["1+math.sin(q.anim_time*90*4-135)*0.15", 1, 1]
				},
				"flame_back_right12": {
					"rotation": ["-0.5+math.sin(q.anim_time*90*4-160)*5", 0, "3.5+math.sin(q.anim_time*90*4-160)*8"],
					"scale": ["1+math.sin(q.anim_time*90*4-255)*0.2", 1, 1]
				},
				"flame_back_right13": {
					"rotation": ["-0.5+math.sin(q.anim_time*90*4-250)*5", 0, "3.5+math.sin(q.anim_time*90*4-250)*8"],
					"scale": ["1+math.sin(q.anim_time*90*4-325)*0.15", 1, 1]
				},
				"candle_back_left14": {
					"rotation": [-86.38327, "64.3778+math.sin(q.anim_time*90*2)*2.5", "-28.7309-math.sin(q.anim_time*90*4)*2.5"],
					"position": [7, 0, 0]
				},
				"candle_back_left15": {
					"rotation": [-2.73725, 19.76134, -10.59189]
				},
				"candle_back_left16": {
					"rotation": [7.6734, 26.48829, -16.80857]
				},
				"flame_back_left11": {
					"rotation": ["0.5+math.sin(q.anim_time*90*4-75)*5", 7.5, "(-3.5+math.sin(q.anim_time*90*4-75)*5)-math.sin(q.anim_time*90*2+90)*1"],
					"scale": ["1+math.sin(q.anim_time*90*4-45)*0.15", 1, 1]
				},
				"flame_back_left12": {
					"rotation": ["0.5+math.sin(q.anim_time*90*4-205)*5", 0, "-3.5+math.sin(q.anim_time*90*4-205)*8"],
					"scale": ["1+math.sin(q.anim_time*90*4-165)*0.2", 1, 1]
				},
				"flame_back_left13": {
					"rotation": ["0.5+math.sin(q.anim_time*90*4-295)*5", 0, "(-3.5+math.sin(q.anim_time*90*4-295)*5)"],
					"scale": ["1+math.sin(q.anim_time*90*4-235)*0.15", 1, 1]
				},
				"bone10": {
					"rotation": {
						"0.0": [15, 0, 0],
						"0.92": {
							"pre": [3, -1080, 0],
							"post": [3, -1080, 0],
							"lerp_mode": "catmullrom"
						},
						"1.48": {
							"post": [0, -1440, 0],
							"lerp_mode": "catmullrom"
						}
					},
					"position": [0, 5, 0]
				}
			}
		},
		"animation.chandelure_mega.ground_walk": {
			"loop": true,
			"bones": {
				"swing": {
					"rotation": ["2.5*math.sin(q.anim_time*90*2)*0.5", 0, "2.5*math.sin(q.anim_time*90*2+90)*0.5"],
					"position": [0, "math.sin(q.anim_time*90*2)*0.1", 0]
				},
				"arm_left3": {
					"rotation": [0, 0, "-17.5+math.sin(q.anim_time*90*4)*1"]
				},
				"arm_left4": {
					"rotation": [0, 0, "-32.5+math.sin(q.anim_time*90*4)*2.5"]
				},
				"candle_front_left": {
					"rotation": [75.57681, "-13.9445+math.sin(q.anim_time*90*2)*2.5", "-20.903-math.sin(q.anim_time*90*4)*2.5"],
					"position": [9, 2, 0]
				},
				"candle_front_left2": {
					"rotation": [2.73725, -19.76134, -10.59189]
				},
				"flame_front_left": {
					"rotation": ["0.5-math.sin(q.anim_time*90*4-30)*5", -7.5, "(-3.5-math.sin(q.anim_time*90*4-30)*5)-math.sin(q.anim_time*90*2+90)*1"],
					"scale": ["1+math.sin(q.anim_time*90*4-135)*0.15", 1, 1]
				},
				"arm_right3": {
					"rotation": [0, 0, "17.5-math.sin(q.anim_time*90*4)*1"]
				},
				"arm_right4": {
					"rotation": [0, 0, "32.5-math.sin(q.anim_time*90*4)*2.5"]
				},
				"candle_front_right": {
					"rotation": [60.06448, "-11.3138-math.sin(q.anim_time*90*2)*2.5", "14.7429+math.sin(q.anim_time*90*4)*2.5"],
					"position": [-9, 1, 1]
				},
				"candle_front_right2": {
					"rotation": [2.73725, 19.76134, 10.59189]
				},
				"flame_front_right": {
					"rotation": ["-0.5-math.sin(q.anim_time*90*4-75)*5", 7.5, "(3.5-math.sin(q.anim_time*90*4-75)*5)-math.sin(q.anim_time*90*2+90)*1"],
					"scale": ["1+math.sin(q.anim_time*90*4-45)*0.15", 1, 1]
				},
				"arm_right2": {
					"rotation": [0, 0, "10-math.sin(q.anim_time*90*4)*1"]
				},
				"arm_left2": {
					"rotation": [0, 0, "-10+math.sin(q.anim_time*90*4)*1"]
				},
				"flame_middle": {
					"rotation": ["0+math.sin(q.anim_time*90*4-45)*5", 0, "0+math.sin(q.anim_time*90*4-135)*5"],
					"scale": [1, "1+math.sin(q.anim_time*90*4)*0.06", 1]
				},
				"flame_middle2": {
					"rotation": ["-2.5+math.sin(q.anim_time*90*4-185)*7", 0, "2.5+math.sin(q.anim_time*90*4-275)*8"],
					"scale": [1, "1+math.sin(q.anim_time*90*4-90)*0.08", 1]
				},
				"flame_middle3": {
					"rotation": ["3.5+math.sin(q.anim_time*90*4-295)*6", 0, "-3.5+math.sin(q.anim_time*90*4-385)*7"],
					"scale": [1, "1+math.sin(q.anim_time*90*4-170)*0.1", 1]
				},
				"head": {
					"rotation": [0, 0, 0]
				},
				"flame_inner": {
					"rotation": [0, "5*math.sin(q.anim_time*90*2+120)", 0],
					"scale": ["1-math.sin(q.anim_time*90*4)*0.06", 1, "1-math.sin(q.anim_time*90*4)*0.06"]
				},
				"candle_front_left3": {
					"rotation": [7.6734, -26.48829, -16.80857]
				},
				"flame_front_left2": {
					"rotation": ["0.5-math.sin(q.anim_time*90*4-160)*5", 0, "-3.5-math.sin(q.anim_time*90*4-160)*8"],
					"scale": ["1+math.sin(q.anim_time*90*4-255)*0.2", 1, 1]
				},
				"flame_front_left3": {
					"rotation": ["0.5-math.sin(q.anim_time*90*4-250)*5", 0, "-3.5-math.sin(q.anim_time*90*4-250)*8"],
					"scale": ["1+math.sin(q.anim_time*90*4-325)*0.15", 1, 1]
				},
				"arm_left5": {
					"rotation": [0, 0, "-55+math.sin(q.anim_time*90*4)*4"]
				},
				"arm_left6": {
					"rotation": [0, 0, "-82.5+math.sin(q.anim_time*90*4)*4"]
				},
				"arm_left7": {
					"rotation": [0, 0, "-105+math.sin(q.anim_time*90*4)*4"]
				},
				"candle_front_right3": {
					"rotation": [7.6734, 26.48829, 16.80857]
				},
				"flame_front_right2": {
					"rotation": ["-0.5-math.sin(q.anim_time*90*4-205)*5", 0, "3.5-math.sin(q.anim_time*90*4-205)*8"],
					"scale": ["1+math.sin(q.anim_time*90*4-165)*0.2", 1, 1]
				},
				"flame_front_right3": {
					"rotation": ["-0.5-math.sin(q.anim_time*90*4-295)*5", 0, "(3.5-math.sin(q.anim_time*90*4-295)*5)"],
					"scale": ["1+math.sin(q.anim_time*90*4-235)*0.15", 1, 1]
				},
				"flame_middle4": {
					"rotation": ["-2.5+math.sin(q.anim_time*90*4+165)*6", 0, "2.5+math.sin(q.anim_time*90*4+255)*8"],
					"scale": [1, "1+math.sin(q.anim_time*90*4-220)*0.1", 1]
				},
				"flame_middle5": {
					"rotation": ["0+math.sin(q.anim_time*90*4+45)*8", 0, "0+math.sin(q.anim_time*90*4+135)*6"],
					"scale": [1, "1+math.sin(q.anim_time*90*4-260)*0.08", 1]
				},
				"arm_right5": {
					"rotation": [0, 0, "55-math.sin(q.anim_time*90*4)*4"]
				},
				"arm_right6": {
					"rotation": [0, 0, "82.5-math.sin(q.anim_time*90*4)*4"]
				},
				"arm_right7": {
					"rotation": [0, 0, "105-math.sin(q.anim_time*90*4)*4"]
				},
				"arm_left": {
					"rotation": [0, 0, "12.5+math.sin(q.anim_time*90*4)*1"]
				},
				"arm_right": {
					"rotation": [0, 0, "-12.5-math.sin(q.anim_time*90*4)*1"]
				},
				"arm_left8": {
					"rotation": [0, 0, "12.5+math.sin(q.anim_time*90*4)*1"]
				},
				"arm_left9": {
					"rotation": [0, 0, "-10+math.sin(q.anim_time*90*4)*1"]
				},
				"arm_left10": {
					"rotation": [0, 0, "-17.5+math.sin(q.anim_time*90*4)*1"]
				},
				"candle_front_left5": {
					"rotation": [75.57681, "-13.9445+math.sin(q.anim_time*90*2)*2.5", "-20.903-math.sin(q.anim_time*90*4)*2.5"],
					"position": [9, 2, 0]
				},
				"candle_front_left6": {
					"rotation": [2.73725, -19.76134, -10.59189]
				},
				"candle_front_left7": {
					"rotation": [7.6734, -26.48829, -16.80857]
				},
				"flame_front_left4": {
					"rotation": ["0.5-math.sin(q.anim_time*90*4-30)*5", -7.5, "(-3.5-math.sin(q.anim_time*90*4-30)*5)-math.sin(q.anim_time*90*2+90)*1"],
					"scale": ["1+math.sin(q.anim_time*90*4-135)*0.15", 1, 1]
				},
				"flame_front_left5": {
					"rotation": ["0.5-math.sin(q.anim_time*90*4-160)*5", 0, "-3.5-math.sin(q.anim_time*90*4-160)*8"],
					"scale": ["1+math.sin(q.anim_time*90*4-255)*0.2", 1, 1]
				},
				"flame_front_left6": {
					"rotation": ["0.5-math.sin(q.anim_time*90*4-250)*5", 0, "-3.5-math.sin(q.anim_time*90*4-250)*8"],
					"scale": ["1+math.sin(q.anim_time*90*4-325)*0.15", 1, 1]
				},
				"candle_back_left5": {
					"rotation": [-88.386, "14.4167+math.sin(q.anim_time*90*2)*2.5", "-31.5909-math.sin(q.anim_time*90*4)*2.5"],
					"position": [11, 2, 0]
				},
				"candle_back_left6": {
					"rotation": [-2.73725, 19.76134, -10.59189]
				},
				"candle_back_left7": {
					"rotation": [7.6734, 26.48829, -16.80857]
				},
				"flame_back_left4": {
					"rotation": ["0.5+math.sin(q.anim_time*90*4-75)*5", 7.5, "(-3.5+math.sin(q.anim_time*90*4-75)*5)-math.sin(q.anim_time*90*2+90)*1"],
					"scale": ["1+math.sin(q.anim_time*90*4-45)*0.15", 1, 1]
				},
				"flame_back_left5": {
					"rotation": ["0.5+math.sin(q.anim_time*90*4-205)*5", 0, "-3.5+math.sin(q.anim_time*90*4-205)*8"],
					"scale": ["1+math.sin(q.anim_time*90*4-165)*0.2", 1, 1]
				},
				"flame_back_left6": {
					"rotation": ["0.5+math.sin(q.anim_time*90*4-295)*5", 0, "(-3.5+math.sin(q.anim_time*90*4-295)*5)"],
					"scale": ["1+math.sin(q.anim_time*90*4-235)*0.15", 1, 1]
				},
				"arm_left11": {
					"rotation": [0, 0, "-32.5+math.sin(q.anim_time*90*4)*2.5"]
				},
				"arm_left12": {
					"rotation": [0, 0, "-55+math.sin(q.anim_time*90*4)*4"]
				},
				"arm_left13": {
					"rotation": [0, 0, "-82.5+math.sin(q.anim_time*90*4)*4"]
				},
				"arm_left14": {
					"rotation": [0, 0, "-105+math.sin(q.anim_time*90*4)*4"]
				},
				"arm_right8": {
					"rotation": [0, 0, "0-math.sin(q.anim_time*90*4)*1"]
				},
				"arm_right9": {
					"rotation": [0, 0, "10-math.sin(q.anim_time*90*4)*1"]
				},
				"arm_right10": {
					"rotation": [0, 0, "17.5-math.sin(q.anim_time*90*4)*1"]
				},
				"candle_front_right5": {
					"rotation": [60.06448, "-11.3138-math.sin(q.anim_time*90*2)*2.5", "14.7429+math.sin(q.anim_time*90*4)*2.5"],
					"position": [-9, 1, 1]
				},
				"candle_front_right6": {
					"rotation": [2.73725, 19.76134, 10.59189]
				},
				"candle_front_right7": {
					"rotation": [7.6734, 26.48829, 16.80857]
				},
				"flame_front_right4": {
					"rotation": ["-0.5-math.sin(q.anim_time*90*4-75)*5", 7.5, "(3.5-math.sin(q.anim_time*90*4-75)*5)-math.sin(q.anim_time*90*2+90)*1"],
					"scale": ["1+math.sin(q.anim_time*90*4-45)*0.15", 1, 1]
				},
				"flame_front_right5": {
					"rotation": ["-0.5-math.sin(q.anim_time*90*4-205)*5", 0, "3.5-math.sin(q.anim_time*90*4-205)*8"],
					"scale": ["1+math.sin(q.anim_time*90*4-165)*0.2", 1, 1]
				},
				"flame_front_right6": {
					"rotation": ["-0.5-math.sin(q.anim_time*90*4-295)*5", 0, "(3.5-math.sin(q.anim_time*90*4-295)*5)"],
					"scale": ["1+math.sin(q.anim_time*90*4-235)*0.15", 1, 1]
				},
				"candle_back_right5": {
					"rotation": [-89.37784, "-14.5957-math.sin(q.anim_time*90*2)*2.5", "28.3623+math.sin(q.anim_time*90*4)*2.5"],
					"position": [-10, 0, 0]
				},
				"candle_back_right6": {
					"rotation": [-2.73725, -19.76134, 10.59189]
				},
				"candle_back_right7": {
					"rotation": [7.6734, -26.48829, 16.80857]
				},
				"flame_back_right4": {
					"rotation": ["-0.5+math.sin(q.anim_time*90*4-30)*5", -7.5, "(3.5+math.sin(q.anim_time*90*4-30)*5)-math.sin(q.anim_time*90*2+90)*1"],
					"scale": ["1+math.sin(q.anim_time*90*4-135)*0.15", 1, 1]
				},
				"flame_back_right5": {
					"rotation": ["-0.5+math.sin(q.anim_time*90*4-160)*5", 0, "3.5+math.sin(q.anim_time*90*4-160)*8"],
					"scale": ["1+math.sin(q.anim_time*90*4-255)*0.2", 1, 1]
				},
				"flame_back_right6": {
					"rotation": ["-0.5+math.sin(q.anim_time*90*4-250)*5", 0, "3.5+math.sin(q.anim_time*90*4-250)*8"],
					"scale": ["1+math.sin(q.anim_time*90*4-325)*0.15", 1, 1]
				},
				"arm_right11": {
					"rotation": [0, 0, "32.5-math.sin(q.anim_time*90*4)*2.5"]
				},
				"arm_right12": {
					"rotation": [0, 0, "55-math.sin(q.anim_time*90*4)*4"]
				},
				"arm_right13": {
					"rotation": [0, 0, "82.5-math.sin(q.anim_time*90*4)*4"]
				},
				"arm_right14": {
					"rotation": [0, 0, "105-math.sin(q.anim_time*90*4)*4"]
				},
				"arms2": {
					"scale": 0.7
				},
				"arm_left15": {
					"rotation": [33.74782, 1.07735, "44.0622+math.sin(q.anim_time*90*4)*1"]
				},
				"arm_left16": {
					"rotation": [0, 0, "-10+math.sin(q.anim_time*90*4)*1"]
				},
				"arm_left17": {
					"rotation": [0, 0, "-17.5+math.sin(q.anim_time*90*4)*1"]
				},
				"arm_left18": {
					"rotation": [0, 0, "-32.5+math.sin(q.anim_time*90*4)*2.5"]
				},
				"arm_left19": {
					"rotation": [0, 0, "-55+math.sin(q.anim_time*90*4)*4"]
				},
				"arm_left20": {
					"rotation": [0, 0, "-82.5+math.sin(q.anim_time*90*4)*4"]
				},
				"arm_left21": {
					"rotation": [0, 0, "-105+math.sin(q.anim_time*90*4)*4"]
				},
				"arm_left22": {
					"rotation": [0, 0, "27.5+math.sin(q.anim_time*90*4)*1"]
				},
				"arm_left23": {
					"rotation": [0, 0, "20+math.sin(q.anim_time*90*4)*1"]
				},
				"arm_left24": {
					"rotation": [0, 0, "-17.5+math.sin(q.anim_time*90*4)*1"]
				},
				"candle_back_left2": {
					"rotation": [-88.386, "14.4167+math.sin(q.anim_time*90*2)*2.5", "-31.5909-math.sin(q.anim_time*90*4)*2.5"],
					"position": [6, 0, 0]
				},
				"candle_back_left3": {
					"rotation": [-2.73725, 19.76134, -10.59189]
				},
				"candle_back_left4": {
					"rotation": [7.6734, 26.48829, -16.80857]
				},
				"flame_back_left2": {
					"rotation": ["0.5+math.sin(q.anim_time*90*4-75)*5", 7.5, "(-3.5+math.sin(q.anim_time*90*4-75)*5)-math.sin(q.anim_time*90*2+90)*1"],
					"scale": ["1+math.sin(q.anim_time*90*4-45)*0.15", 1, 1]
				},
				"flame_back_left3": {
					"rotation": ["0.5+math.sin(q.anim_time*90*4-205)*5", 0, "-3.5+math.sin(q.anim_time*90*4-205)*8"],
					"scale": ["1+math.sin(q.anim_time*90*4-165)*0.2", 1, 1]
				},
				"flame_back_left7": {
					"rotation": ["0.5+math.sin(q.anim_time*90*4-295)*5", 0, "(-3.5+math.sin(q.anim_time*90*4-295)*5)"],
					"scale": ["1+math.sin(q.anim_time*90*4-235)*0.15", 1, 1]
				},
				"arm_right15": {
					"rotation": [25, 0, "-40-math.sin(q.anim_time*90*4)*1"]
				},
				"arm_right16": {
					"rotation": [0, 0, "10-math.sin(q.anim_time*90*4)*1"]
				},
				"arm_right17": {
					"rotation": [0, 0, "17.5-math.sin(q.anim_time*90*4)*1"]
				},
				"arm_right18": {
					"rotation": [0, 0, "32.5-math.sin(q.anim_time*90*4)*2.5"]
				},
				"arm_right19": {
					"rotation": [0, 0, "55-math.sin(q.anim_time*90*4)*4"]
				},
				"arm_right20": {
					"rotation": [0, 0, "82.5-math.sin(q.anim_time*90*4)*4"]
				},
				"arm_right21": {
					"rotation": [0, 0, "105-math.sin(q.anim_time*90*4)*4"]
				},
				"arm_right22": {
					"rotation": [0, 0, "-27.5-math.sin(q.anim_time*90*4)*1"]
				},
				"arm_right23": {
					"rotation": [0, 0, "-20-math.sin(q.anim_time*90*4)*1"]
				},
				"arm_right24": {
					"rotation": [0, 0, "17.5-math.sin(q.anim_time*90*4)*1"]
				},
				"candle_back_right2": {
					"rotation": [-89.37784, "-14.5957-math.sin(q.anim_time*90*2)*2.5", "28.3623+math.sin(q.anim_time*90*4)*2.5"],
					"position": [-5, -1, 0]
				},
				"candle_back_right3": {
					"rotation": [-2.73725, -19.76134, 10.59189]
				},
				"candle_back_right4": {
					"rotation": [7.6734, -26.48829, 16.80857]
				},
				"flame_back_right2": {
					"rotation": ["-0.5+math.sin(q.anim_time*90*4-30)*5", -7.5, "(3.5+math.sin(q.anim_time*90*4-30)*5)-math.sin(q.anim_time*90*2+90)*1"],
					"scale": ["1+math.sin(q.anim_time*90*4-135)*0.15", 1, 1]
				},
				"flame_back_right3": {
					"rotation": ["-0.5+math.sin(q.anim_time*90*4-160)*5", 0, "3.5+math.sin(q.anim_time*90*4-160)*8"],
					"scale": ["1+math.sin(q.anim_time*90*4-255)*0.2", 1, 1]
				},
				"flame_back_right7": {
					"rotation": ["-0.5+math.sin(q.anim_time*90*4-250)*5", 0, "3.5+math.sin(q.anim_time*90*4-250)*8"],
					"scale": ["1+math.sin(q.anim_time*90*4-325)*0.15", 1, 1]
				},
				"arm_left29": {
					"rotation": [0, 0, "22.5+math.sin(q.anim_time*90*4)*1"]
				},
				"arm_left30": {
					"rotation": [0, 0, "20+math.sin(q.anim_time*90*4)*1"]
				},
				"arm_left31": {
					"rotation": [0, 0, "-17.5+math.sin(q.anim_time*90*4)*1"]
				},
				"candle_back_left10": {
					"rotation": [-88.386, "14.4167+math.sin(q.anim_time*90*2)*2.5", "-31.5909-math.sin(q.anim_time*90*4)*2.5"],
					"position": [7, 0, 0]
				},
				"candle_back_left11": {
					"rotation": [-2.73725, 19.76134, -10.59189]
				},
				"candle_back_left12": {
					"rotation": [7.6734, 26.48829, -16.80857]
				},
				"flame_back_left8": {
					"rotation": ["0.5+math.sin(q.anim_time*90*4-75)*5", 7.5, "(-3.5+math.sin(q.anim_time*90*4-75)*5)-math.sin(q.anim_time*90*2+90)*1"],
					"scale": ["1+math.sin(q.anim_time*90*4-45)*0.15", 1, 1]
				},
				"flame_back_left9": {
					"rotation": ["0.5+math.sin(q.anim_time*90*4-205)*5", 0, "-3.5+math.sin(q.anim_time*90*4-205)*8"],
					"scale": ["1+math.sin(q.anim_time*90*4-165)*0.2", 1, 1]
				},
				"flame_back_left10": {
					"rotation": ["0.5+math.sin(q.anim_time*90*4-295)*5", 0, "(-3.5+math.sin(q.anim_time*90*4-295)*5)"],
					"scale": ["1+math.sin(q.anim_time*90*4-235)*0.15", 1, 1]
				},
				"arm_right29": {
					"rotation": [0, 0, "-15-math.sin(q.anim_time*90*4)*1"],
					"position": [0, -2, 0]
				},
				"arm_right30": {
					"rotation": [0, 0, "-10-math.sin(q.anim_time*90*4)*1"]
				},
				"arm_right31": {
					"rotation": [0, 0, "17.5-math.sin(q.anim_time*90*4)*1"]
				},
				"candle_back_right10": {
					"rotation": [-89.37784, "-14.5957-math.sin(q.anim_time*90*2)*2.5", "28.3623+math.sin(q.anim_time*90*4)*2.5"],
					"position": [-7, -1, 0]
				},
				"candle_back_right11": {
					"rotation": [-2.73725, -19.76134, 10.59189]
				},
				"candle_back_right12": {
					"rotation": [7.6734, -26.48829, 16.80857]
				},
				"flame_back_right8": {
					"rotation": ["-0.5+math.sin(q.anim_time*90*4-30)*5", -7.5, "(3.5+math.sin(q.anim_time*90*4-30)*5)-math.sin(q.anim_time*90*2+90)*1"],
					"scale": ["1+math.sin(q.anim_time*90*4-135)*0.15", 1, 1]
				},
				"flame_back_right9": {
					"rotation": ["-0.5+math.sin(q.anim_time*90*4-160)*5", 0, "3.5+math.sin(q.anim_time*90*4-160)*8"],
					"scale": ["1+math.sin(q.anim_time*90*4-255)*0.2", 1, 1]
				},
				"flame_back_right10": {
					"rotation": ["-0.5+math.sin(q.anim_time*90*4-250)*5", 0, "3.5+math.sin(q.anim_time*90*4-250)*8"],
					"scale": ["1+math.sin(q.anim_time*90*4-325)*0.15", 1, 1]
				},
				"bone8": {
					"position": [0, -2, 0],
					"scale": 1.3
				},
				"candle_back_right14": {
					"rotation": [-88.59675, "-64.5897-math.sin(q.anim_time*90*2)*2.5", "27.2515+math.sin(q.anim_time*90*4)*2.5"],
					"position": [-7, -1, 0]
				},
				"candle_back_right15": {
					"rotation": [-2.73725, -19.76134, 10.59189]
				},
				"candle_back_right16": {
					"rotation": [7.6734, -26.48829, 16.80857]
				},
				"flame_back_right11": {
					"rotation": ["-0.5+math.sin(q.anim_time*90*4-30)*5", -7.5, "(3.5+math.sin(q.anim_time*90*4-30)*5)-math.sin(q.anim_time*90*2+90)*1"],
					"scale": ["1+math.sin(q.anim_time*90*4-135)*0.15", 1, 1]
				},
				"flame_back_right12": {
					"rotation": ["-0.5+math.sin(q.anim_time*90*4-160)*5", 0, "3.5+math.sin(q.anim_time*90*4-160)*8"],
					"scale": ["1+math.sin(q.anim_time*90*4-255)*0.2", 1, 1]
				},
				"flame_back_right13": {
					"rotation": ["-0.5+math.sin(q.anim_time*90*4-250)*5", 0, "3.5+math.sin(q.anim_time*90*4-250)*8"],
					"scale": ["1+math.sin(q.anim_time*90*4-325)*0.15", 1, 1]
				},
				"candle_back_left14": {
					"rotation": [-86.38327, "64.3778+math.sin(q.anim_time*90*2)*2.5", "-28.7309-math.sin(q.anim_time*90*4)*2.5"],
					"position": [7, 0, 0]
				},
				"candle_back_left15": {
					"rotation": [-2.73725, 19.76134, -10.59189]
				},
				"candle_back_left16": {
					"rotation": [7.6734, 26.48829, -16.80857]
				},
				"flame_back_left11": {
					"rotation": ["0.5+math.sin(q.anim_time*90*4-75)*5", 7.5, "(-3.5+math.sin(q.anim_time*90*4-75)*5)-math.sin(q.anim_time*90*2+90)*1"],
					"scale": ["1+math.sin(q.anim_time*90*4-45)*0.15", 1, 1]
				},
				"flame_back_left12": {
					"rotation": ["0.5+math.sin(q.anim_time*90*4-205)*5", 0, "-3.5+math.sin(q.anim_time*90*4-205)*8"],
					"scale": ["1+math.sin(q.anim_time*90*4-165)*0.2", 1, 1]
				},
				"flame_back_left13": {
					"rotation": ["0.5+math.sin(q.anim_time*90*4-295)*5", 0, "(-3.5+math.sin(q.anim_time*90*4-295)*5)"],
					"scale": ["1+math.sin(q.anim_time*90*4-235)*0.15", 1, 1]
				},
				"bone10": {
					"rotation": ["12.5-Math.cos((query.anim_time) * 50 * 8/3 * 2 - 70) * -2", 0, "0+Math.cos((query.anim_time) * 20 * 8/3 * 2 - 70) * -5"],
					"position": [0, "5+Math.cos((query.anim_time) * 50 * 8/3 * 2 - 70) * -3", 0]
				}
			}
		}
	}
}