{
  "implemented": true,
  "name": "Meloetta",
  "nationalPokedexNumber": 648,
  "primaryType": "normal",
  "secondaryType": "psychic",
  "abilities": [
    "serenegrace"
  ],
  "baseStats": {
    "hp": 100,
    "attack": 77,
    "defence": 77,
    "special_attack": 128,
    "special_defence": 128,
    "speed": 90
  },
  "catchRate": 3,
  "maleRatio": -1,
  "shoulderMountable": false,
  "baseExperienceYield": 270,
  "baseFriendship": 100,
  "evYield": {
    "hp": 0,
    "attack": 0,
    "defence": 0,
    "special_attack": 1,
    "special_defence": 1,
    "speed": 1
  },
  "experienceGroup": "slow",
  "eggCycles": 120,
  "eggGroups": [
    "undiscovered"
  ],
  "moves": [
    "1:confusion",
    "1:quickattack",
    "1:round",
    "1:sing",
    "21:teeterdance",
    "26:acrobatics",
    "31:psybeam",
    "36:echoedvoice",
    "43:uturn",
    "50:relicsong",
    "50:wakeupslap",
    "57:psychic",
    "64:hypervoice",
    "71:roleplay",
    "78:closecombat",
    "85:perishsong",
    "tm:acrobatics",
    "tm:alluringvoice",
    "tm:batonpass",
    "tm:brickbreak",
    "tm:calmmind",
    "tm:chargebeam",
    "tm:charm",
    "tm:closecombat",
    "tm:coaching",
    "tm:confide",
    "tm:dazzlinggleam",
    "tm:disarmingvoice",
    "tm:doubleteam",
    "tm:drainpunch",
    "tm:dreameater",
    "tm:echoedvoice",
    "tm:embargo",
    "tm:endure",
    "tm:energyball",
    "tm:facade",
    "tm:faketears",
    "tm:firepunch",
    "tm:flash",
    "tm:fling",
    "tm:focusblast",
    "tm:focuspunch",
    "tm:frustration",
    "tm:gigaimpact",
    "tm:grassknot",
    "tm:gravity",
    "tm:helpinghand",
    "tm:hiddenpower",
    "tm:honeclaws",
    "tm:hyperbeam",
    "tm:hypervoice",
    "tm:icepunch",
    "tm:knockoff",
    "tm:lightscreen",
    "tm:lowkick",
    "tm:lowsweep",
    "tm:metronome",
    "tm:payback",
    "tm:playrough",
    "tm:poweruppunch",
    "tm:protect",
    "tm:psybeam",
    "tm:psychic",
    "tm:psychup",
    "tm:psyshock",
    "tm:raindance",
    "tm:rest",
    "tm:retaliate",
    "tm:return",
    "tm:reversal",
    "tm:rocksmash",
    "tm:round",
    "tm:safeguard",
    "tm:secretpower",
    "tm:shadowball",
    "tm:shadowclaw",
    "tm:skillswap",
    "tm:sleeptalk",
    "tm:stoneedge",
    "tm:strength",
    "tm:substitute",
    "tm:sunnyday",
    "tm:swagger",
    "tm:swift",
    "tm:swordsdance",
    "tm:telekinesis",
    "tm:terablast",
    "tm:thunder",
    "tm:thunderbolt",
    "tm:thunderpunch",
    "tm:thunderwave",
    "tm:toxic",
    "tm:trick",
    "tm:trickroom",
    "tm:tripleaxel",
    "tm:uturn",
    "tm:workup",
    "tm:zenheadbutt",
    "tutor:allyswitch",
    "tutor:celebrate",
    "tutor:closecombat",
    "tutor:confusion",
    "tutor:covet",
    "tutor:drainpunch",
    "tutor:dualchop",
    "tutor:firepunch",
    "tutor:focuspunch",
    "tutor:gravity",
    "tutor:healbell",
    "tutor:helpinghand",
    "tutor:icepunch",
    "tutor:knockoff",
    "tutor:laserfocus",
    "tutor:lastresort",
    "tutor:lowkick",
    "tutor:magiccoat",
    "tutor:magicroom",
    "tutor:quickattack",
    "tutor:recycle",
    "tutor:roleplay",
    "tutor:round",
    "tutor:shockwave",
    "tutor:signalbeam",
    "tutor:skillswap",
    "tutor:sleeptalk",
    "tutor:snatch",
    "tutor:snore",
    "tutor:teeterdance",
    "tutor:telekinesis",
    "tutor:thunderpunch",
    "tutor:trick",
    "tutor:uproar",
    "tutor:wonderroom",
    "tutor:zenheadbutt"
  ],
  "labels": [
    "gen5",
    "mythical",
    "legendary"
  ],
  "pokedex": [
    "cobblemon.species.meloetta.desc"
  ],
  "behaviour": {
    "resting": {
        "canSleep": false,
        "depth": "normal",
        "light": "4-15"
    },
    "moving": {
        "canLook": true,
        "walk": {
            "canWalk": true,
            "walkSpeed": 0.26,
            "avoidsLand": false
        },
  "fly": {
  "canFly": false
  }
    }
  },
  "height": 6,
  "weight": 65,
  "evolutions": [],
  "baseScale": 0.7,
  "hitbox": {
    "width": 0.5,
    "height": 0.8,
    "fixed": false
  },
  "forms": [
    {
      "name": "Pirouette",
      "primaryType": "normal",
      "secondaryType": "fighting",
      "abilities": [
        "serenegrace"
      ],
      "baseStats": {
        "hp": 100,
        "attack": 128,
        "defence": 90,
        "special_attack": 77,
        "special_defence": 77,
        "speed": 128
      },
      "catchRate": 3,
      "maleRatio": -1,
      "baseExperienceYield": 270,
      "baseFriendship": 100,
      "evYield": {
        "hp": 0,
        "attack": 1,
        "defence": 1,
        "special_attack": 0,
        "special_defence": 0,
        "speed": 1
      },
      "experienceGroup": "slow",
      "eggCycles": 120,
      "eggGroups": [
        "undiscovered"
      ],
      "labels": [
        "gen5",
        "mythical",
        "legendary"
      ],
      "aspects": [
        "pirouette"
      ],
      "height": 6,
      "weight": 65,
      "cannotDynamax": false,
      "battleOnly": true
    }
  ],
  "aspects": [],
  "cannotDynamax": false
}
