{
  "species": "cobblemon:mimejr",
  "order": 0,
  "variations": [
    {
      "aspects": [],
      "poser": "cobblemon:mimejr",
      "model": "cobblemon:mime_jr.geo",
      "texture": "cobblemon:textures/pokemon/0439_mimejr/mime_jr.png",
      "layers": []
    },
    {
      "aspects": [
        "shiny"
      ],
      "texture": "cobblemon:textures/pokemon/0439_mimejr/mime_jr_shiny.png"
    },
    {
      "aspects": [
        "region-bias-galar"
      ],
      "texture": "cobblemon:textures/pokemon/0439_mimejr/mime_jr_galar_bias.png"
    },
    {
      "aspects": [
        "region-bias-galar",
        "shiny"
      ],
      "texture": "cobblemon:textures/pokemon/0439_mimejr/mime_jr_galar_bias_shiny.png"
    }
  ]
}